Date,.SPX,.VIX,.VVIX,.STOXX50E,.V2TX
2010-01-04,1132.99,20.04,73.3,3017.8,23.5136
2010-01-05,1136.52,19.35,70.36,3012.36,23.1342
2010-01-06,1137.14,19.16,67.65,3009.66,22.9753
2010-01-07,1141.69,19.06,67.15,3007.34,22.6947
2010-01-08,1144.98,18.13,65.71,3017.85,21.9757
2010-01-11,1146.98,17.55,64.87,3010.24,22.7292
2010-01-12,1136.22,18.25,70.42,2976.89,22.9229
2010-01-13,1145.68,17.85,75.53,2978.41,22.607
2010-01-14,1148.46,17.63,74.52,2989.71,20.5491
2010-01-15,1136.03,17.91,74.27,2940.25,22.2754
2010-01-19,1150.23,17.58,73.5,2984.82,20.3124
2010-01-20,1138.04,18.68,80.36,2914.6,23.4058
2010-01-21,1116.48,22.27,88.82,2863.25,26.415
2010-01-22,1091.76,27.31,100.06,2836.8,27.0923
2010-01-25,1096.78,25.41,90.58,2807.3,27.0738
2010-01-26,1092.17,24.55,90.04,2827.74,25.68
2010-01-27,1097.5,23.14,85.86,2787.4,27.4525
2010-01-28,1084.53,23.73,87.91,2737.33,28.1495
2010-01-29,1073.87,24.62,89.0,2776.83,26.7238
2010-02-01,1089.19,22.59,83.73,2793.29,26.3665
2010-02-02,1103.32,21.48,80.98,2830.01,24.871
2010-02-03,1097.28,21.6,80.55,2804.61,25.4074
2010-02-04,1063.11,26.08,91.42,2707.45,29.2653
2010-02-05,1066.19,26.11,88.22,2631.64,30.5511
2010-02-08,1056.74,26.51,90.01,2664.29,29.9954
2010-02-09,1070.52,26.0,88.8,2668.43,29.5998
2010-02-10,1068.13,25.4,92.18,2700.17,29.2527
2010-02-11,1078.47,23.96,89.59,2680.25,29.1073
2010-02-12,1075.51,22.73,88.16,2674.46,28.4507
2010-02-16,1094.87,22.25,81.77,2720.77,26.7825
2010-02-17,1099.51,21.72,80.29,2762.25,25.6233
2010-02-18,1106.75,20.63,79.2,2778.3,24.5976
2010-02-19,1109.17,20.02,77.97,2793.37,23.8134
2010-02-22,1108.01,19.94,75.44,2778.12,23.8859
2010-02-23,1094.6,21.37,77.82,2730.57,25.2581
2010-02-24,1105.24,20.27,75.93,2734.95,25.0557
2010-02-25,1102.94,20.1,75.3,2684.42,25.7752
2010-02-26,1104.49,19.5,73.13,2728.47,24.3654
2010-03-01,1115.71,19.26,73.24,2772.7,24.2057
2010-03-02,1118.31,19.06,73.43,2796.33,23.0869
2010-03-03,1118.79,18.83,72.61,2822.59,22.5647
2010-03-04,1122.97,18.72,70.51,2816.1,22.509
2010-03-05,1138.7,17.42,71.06,2877.44,20.8733
2010-03-08,1138.5,17.79,70.9,2879.29,22.1037
2010-03-09,1140.45,17.92,71.49,2880.71,21.9089
2010-03-10,1145.61,18.57,76.2,2909.4,21.8234
2010-03-11,1150.24,18.06,76.16,2895.74,21.6064
2010-03-12,1149.99,17.58,73.74,2898.36,21.9337
2010-03-15,1150.51,18.0,75.22,2870.55,22.5512
2010-03-16,1159.46,17.69,76.41,2905.93,21.5082
2010-03-17,1166.21,16.91,73.16,2931.31,20.4596
2010-03-18,1165.83,16.62,76.46,2913.74,20.7944
2010-03-19,1159.9,16.97,76.68,2897.95,20.4963
2010-03-22,1165.81,16.87,77.75,2890.75,21.0976
2010-03-23,1174.17,16.35,78.31,2910.52,19.935
2010-03-24,1167.72,17.55,80.68,2903.94,20.6059
2010-03-25,1165.73,18.4,83.82,2948.09,19.8877
2010-03-26,1166.59,17.77,81.56,2940.94,19.7951
2010-03-29,1173.22,17.59,78.75,2947.49,20.3509
2010-03-30,1173.27,17.13,76.91,2939.68,20.4679
2010-03-31,1169.43,17.59,77.49,2931.16,20.5988
2010-04-01,1178.1,17.47,78.29,2978.5,19.9987
2010-04-06,1189.44,16.23,76.82,2989.49,20.6297
2010-04-07,1182.45,16.62,78.16,2974.62,21.151
2010-04-08,1186.44,16.48,77.06,2942.31,22.4955
2010-04-09,1194.37,16.14,78.24,2993.54,20.5366
2010-04-12,1196.48,15.58,80.06,3002.23,20.7268
2010-04-13,1197.3,16.2,79.97,2988.24,21.0781
2010-04-14,1210.65,15.59,83.31,3008.03,20.7926
2010-04-15,1211.67,15.89,83.1,3012.65,20.2712
2010-04-16,1192.13,18.36,86.29,2949.65,22.4362
2010-04-19,1197.52,17.34,81.72,2940.19,23.2228
2010-04-20,1207.17,15.73,79.65,2983.91,21.0511
2010-04-21,1205.94,16.32,83.89,2947.64,22.4995
2010-04-22,1208.67,16.47,85.76,2897.59,24.7953
2010-04-23,1217.28,16.62,88.14,2918.11,24.004
2010-04-26,1212.05,17.47,87.53,2947.04,24.3701
2010-04-27,1183.71,22.81,103.23,2838.78,28.556
2010-04-28,1191.36,21.08,101.7,2788.54,31.4532
2010-04-29,1206.78,18.44,92.44,2828.12,29.5246
2010-04-30,1186.69,22.05,101.41,2816.86,28.89
2010-05-03,1202.26,20.19,95.68,2816.5,28.7236
2010-05-04,1173.6,23.84,101.88,2708.12,33.146
2010-05-05,1165.9,24.91,105.59,2679.3,33.2533
2010-05-06,1128.15,32.8,125.36,2611.41,36.8128
2010-05-07,1110.88,40.95,135.38,2500.18,49.5956
2010-05-10,1159.73,28.84,110.96,2758.89,38.6586
2010-05-11,1155.79,28.32,113.95,2730.48,39.153
2010-05-12,1171.67,25.52,116.53,2764.31,34.2833
2010-05-13,1157.44,26.68,123.17,2764.05,31.6534
2010-05-14,1135.68,31.24,128.34,2633.92,42.5944
2010-05-17,1136.94,30.84,120.97,2635.34,41.8704
2010-05-18,1120.8,33.55,135.82,2698.21,37.2068
2010-05-19,1115.05,35.32,128.44,2619.48,44.7352
2010-05-20,1071.59,45.79,145.12,2569.58,49.8735
2010-05-21,1087.69,40.1,130.67,2574.18,46.1742
2010-05-24,1073.65,38.32,123.87,2558.27,42.6168
2010-05-25,1074.03,34.61,119.36,2488.5,45.1801
2010-05-26,1067.95,35.02,115.68,2530.34,40.0068
2010-05-27,1103.06,29.68,107.64,2619.36,34.9147
2010-05-28,1089.41,32.07,110.13,2614.06,33.8757
2010-06-01,1070.71,35.54,109.92,2606.58,35.27
2010-06-02,1098.38,30.17,98.02,2601.98,35.4258
2010-06-03,1102.83,29.46,95.61,2634.16,33.3359
2010-06-04,1064.88,35.48,103.31,2553.59,37.6914
2010-06-07,1050.47,36.57,102.76,2529.97,40.8221
2010-06-08,1062.0,33.7,101.79,2510.84,41.6163
2010-06-09,1055.69,33.73,111.77,2556.68,36.3198
2010-06-10,1086.84,30.57,108.61,2608.74,33.0699
2010-06-11,1091.6,28.79,103.69,2638.31,31.3614
2010-06-14,1089.63,28.58,99.92,2683.46,29.638
2010-06-15,1115.23,25.87,99.0,2716.3,28.2771
2010-06-16,1114.61,25.92,93.67,2718.73,28.9965
2010-06-17,1116.04,25.05,89.65,2728.12,29.1763
2010-06-18,1117.51,23.95,92.36,2737.02,26.9603
2010-06-21,1113.2,24.88,96.01,2768.27,26.6207
2010-06-22,1095.31,27.05,101.65,2745.97,26.419
2010-06-23,1092.04,26.91,98.93,2704.8,28.6733
2010-06-24,1073.69,29.74,103.69,2645.32,31.3907
2010-06-25,1076.76,28.53,97.51,2629.25,32.1028
2010-06-28,1074.57,29.0,99.01,2668.67,30.097
2010-06-29,1041.24,34.13,104.0,2556.34,35.0433
2010-06-30,1030.71,34.54,105.16,2573.32,34.3161
2010-07-01,1027.37,32.86,100.69,2518.65,36.2527
2010-07-02,1022.58,30.12,97.19,2522.36,33.5925
2010-07-06,1028.06,29.65,97.58,2578.69,31.0215
2010-07-07,1060.27,26.84,92.14,2634.39,30.2616
2010-07-08,1070.25,25.71,89.85,2666.42,29.0105
2010-07-09,1077.96,24.98,88.58,2681.2,27.9513
2010-07-12,1078.75,24.43,91.75,2686.09,28.2624
2010-07-13,1095.34,24.56,90.8,2737.59,26.8765
2010-07-14,1095.17,24.89,96.13,2738.96,27.7218
2010-07-15,1096.48,25.14,97.75,2702.81,27.2994
2010-07-16,1064.88,26.25,101.57,2645.61,27.0579
2010-07-19,1071.25,25.97,102.58,2634.6,28.5292
2010-07-20,1083.48,23.93,98.89,2627.28,28.2169
2010-07-21,1069.59,25.64,97.02,2639.52,28.4295
2010-07-22,1093.67,24.63,93.2,2714.21,27.2761
2010-07-23,1102.66,23.47,89.9,2719.13,28.0725
2010-07-26,1115.01,22.73,88.55,2743.12,26.7958
2010-07-27,1113.84,23.19,90.14,2769.31,26.4061
2010-07-28,1106.13,24.25,90.71,2766.11,26.6136
2010-07-29,1101.53,24.13,90.62,2752.93,27.1207
2010-07-30,1101.6,23.5,89.55,2742.14,27.1611
2010-08-02,1125.86,22.01,85.02,2822.17,26.3127
2010-08-03,1120.46,22.63,85.04,2818.97,26.1666
2010-08-04,1127.24,22.21,85.05,2825.08,25.4719
2010-08-05,1125.81,22.1,86.52,2819.34,25.1036
2010-08-06,1121.64,21.74,87.44,2779.34,27.1054
2010-08-09,1127.79,22.14,87.86,2827.27,25.8315
2010-08-10,1121.06,22.37,90.35,2800.02,27.0942
2010-08-11,1089.47,25.39,102.65,2724.16,30.0144
2010-08-12,1083.61,25.73,99.75,2720.85,29.3678
2010-08-13,1079.25,26.24,99.54,2708.73,29.1965
2010-08-16,1079.38,26.1,98.73,2698.29,29.9967
2010-08-17,1092.54,24.33,93.25,2737.69,27.7678
2010-08-18,1094.16,24.59,91.3,2728.66,26.7371
2010-08-19,1075.63,26.44,91.96,2675.02,29.33
2010-08-20,1071.69,25.49,89.34,2643.98,29.0491
2010-08-23,1067.36,25.66,87.66,2660.84,28.2907
2010-08-24,1051.87,27.46,85.7,2614.54,30.0343
2010-08-25,1055.33,26.7,82.64,2587.4,30.8373
2010-08-26,1047.22,27.37,82.95,2606.89,29.9828
2010-08-27,1064.59,24.45,79.0,2630.35,28.3184
2010-08-30,1048.92,27.21,82.52,2616.57,29.0896
2010-08-31,1049.33,26.05,81.49,2622.95,29.3735
2010-09-01,1080.29,23.89,78.28,2715.27,26.2515
2010-09-02,1090.1,23.19,79.05,2715.19,25.9121
2010-09-03,1104.51,21.31,76.64,2746.23,24.5597
2010-09-07,1091.84,23.8,78.98,2727.16,25.2572
2010-09-08,1098.87,23.25,89.88,2752.89,24.858
2010-09-09,1104.18,22.81,87.97,2782.43,24.2136
2010-09-10,1109.55,21.99,87.6,2780.4,24.6199
2010-09-13,1121.9,21.21,87.33,2805.06,23.7725
2010-09-14,1121.1,21.56,87.95,2806.47,23.2662
2010-09-15,1125.07,22.1,88.4,2794.36,23.5735
2010-09-16,1124.66,21.72,87.63,2784.61,24.0703
2010-09-17,1125.59,22.01,85.45,2757.37,24.5388
2010-09-20,1142.71,21.5,81.5,2802.67,24.1468
2010-09-21,1139.78,22.35,80.97,2794.55,25.0769
2010-09-22,1134.28,22.51,81.86,2752.77,25.4218
2010-09-23,1124.83,23.87,83.02,2738.61,25.563
2010-09-24,1148.67,21.71,80.0,2792.75,23.6604
2010-09-27,1142.16,22.54,82.62,2776.33,24.559
2010-09-28,1147.7,22.6,83.62,2774.62,24.7616
2010-09-29,1144.73,23.25,83.35,2752.71,25.0618
2010-09-30,1141.2,23.7,86.49,2747.9,26.1124
2010-10-01,1146.24,22.5,84.08,2732.91,26.3651
2010-10-04,1137.03,23.53,86.22,2701.02,27.0484
2010-10-05,1160.75,21.76,82.62,2758.56,25.113
2010-10-06,1159.97,21.49,81.05,2780.0,24.6471
2010-10-07,1158.06,21.56,80.7,2786.88,23.9852
2010-10-08,1165.15,20.71,81.41,2785.43,22.8174
2010-10-11,1165.32,18.96,84.75,2789.72,22.5377
2010-10-12,1169.77,18.93,84.77,2775.75,22.751
2010-10-13,1178.1,19.07,88.72,2840.55,21.7702
2010-10-14,1173.81,19.88,87.14,2836.11,21.4778
2010-10-15,1176.19,19.03,89.82,2841.65,21.5816
2010-10-18,1184.71,19.09,91.75,2850.72,21.3909
2010-10-19,1165.9,20.63,91.53,2837.33,22.0645
2010-10-20,1178.17,19.79,85.48,2851.52,21.7151
2010-10-21,1180.26,19.27,83.59,2882.29,22.0435
2010-10-22,1183.08,18.78,81.97,2873.74,21.7654
2010-10-25,1185.62,19.85,82.02,2871.48,22.0429
2010-10-26,1185.64,20.22,82.79,2856.31,22.1475
2010-10-27,1182.45,20.71,80.42,2829.42,23.9142
2010-10-28,1183.78,20.88,78.47,2845.53,22.81
2010-10-29,1183.26,21.2,77.46,2844.99,23.3884
2010-11-01,1184.38,21.83,79.72,2836.73,24.6186
2010-11-02,1193.57,21.57,80.18,2861.01,23.8859
2010-11-03,1197.96,19.56,76.57,2830.43,25.4353
2010-11-04,1221.06,18.52,70.78,2884.21,21.5165
2010-11-05,1225.85,18.26,74.02,2875.94,21.8485
2010-11-08,1223.25,18.29,73.67,2867.96,21.7672
2010-11-09,1213.4,19.08,76.49,2890.64,20.6317
2010-11-10,1218.71,18.47,83.07,2845.93,22.6167
2010-11-12,1199.21,20.61,88.18,2822.43,24.6155
2010-11-15,1197.75,20.2,88.13,2848.45,23.6229
2010-11-16,1178.34,22.58,93.65,2781.77,26.3614
2010-11-17,1178.59,21.76,89.25,2802.7,24.7764
2010-11-18,1196.69,18.75,83.92,2855.23,22.9185
2010-11-19,1199.73,18.04,84.73,2845.75,22.0588
2010-11-22,1197.84,18.37,78.39,2811.43,23.3719
2010-11-23,1180.73,20.63,87.44,2739.37,27.629
2010-11-24,1198.35,19.56,81.55,2758.02,26.378
2010-11-26,1189.4,22.22,90.55,2736.96,28.4384
2010-11-29,1187.76,21.53,89.01,2669.96,30.6685
2010-11-30,1180.55,23.54,95.73,2650.99,31.0728
2010-12-01,1206.07,21.36,92.03,2721.87,28.1338
2010-12-02,1221.53,19.39,87.74,2781.39,25.3572
2010-12-03,1224.71,18.01,84.28,2782.39,23.8826
2010-12-06,1223.12,18.02,82.6,2769.96,24.7228
2010-12-07,1223.75,17.99,82.66,2802.74,23.3351
2010-12-08,1228.28,17.74,81.8,2818.95,22.4882
2010-12-09,1233.0,17.25,79.8,2840.71,21.6528
2010-12-10,1240.4,17.61,79.36,2839.53,21.1483
2010-12-13,1240.46,17.55,81.67,2855.37,20.4241
2010-12-14,1241.59,17.61,81.67,2861.67,19.7225
2010-12-15,1235.23,17.94,83.42,2841.99,19.8565
2010-12-16,1242.87,17.39,81.32,2845.78,18.3588
2010-12-17,1243.91,16.11,86.62,2821.77,19.2522
2010-12-20,1247.08,16.41,84.09,2839.22,18.68
2010-12-21,1254.6,16.49,84.38,2876.99,18.4719
2010-12-22,1258.84,15.45,86.03,2869.63,18.5947
2010-12-23,1256.77,16.47,86.74,2864.52,19.5693
2010-12-27,1257.54,17.67,87.44,2826.51,22.5773
2010-12-28,1258.51,17.52,86.34,2824.3,22.5709
2010-12-29,1259.78,17.28,85.71,2841.23,22.009
2010-12-30,1257.88,17.52,86.52,2807.04,23.9165
2011-01-03,1271.87,17.61,84.8,2839.43,23.6239
2011-01-04,1270.2,17.38,85.25,2844.17,23.156
2011-01-05,1276.56,17.02,84.7,2833.74,23.0796
2011-01-06,1273.85,17.4,84.6,2836.23,23.3018
2011-01-07,1271.5,17.14,83.73,2808.25,23.9501
2011-01-10,1269.75,17.54,81.65,2760.88,25.7194
2011-01-11,1274.48,16.89,79.82,2796.6,23.8595
2011-01-12,1285.96,16.24,77.94,2879.11,22.2715
2011-01-13,1283.76,16.39,78.64,2915.62,21.4741
2011-01-14,1293.24,15.46,75.94,2920.4,20.4446
2011-01-18,1295.02,15.87,79.77,2945.62,20.1918
2011-01-19,1281.92,17.31,83.7,2923.76,21.2715
2011-01-20,1280.26,17.99,82.69,2927.42,21.1074
2011-01-21,1283.35,18.47,85.41,2970.56,19.8027
2011-01-24,1290.84,17.65,82.97,2979.06,20.3845
2011-01-25,1291.18,17.59,82.67,2957.78,21.5594
2011-01-26,1296.63,16.64,79.43,2967.78,21.5269
2011-01-27,1299.54,16.15,77.04,2989.75,21.1087
2011-01-28,1276.34,20.04,91.52,2954.13,22.1322
2011-01-31,1286.12,19.53,86.08,2953.63,22.7339
2011-02-01,1307.59,17.63,84.48,3006.81,22.1521
2011-02-02,1304.03,17.3,83.16,3012.7,21.6554
2011-02-03,1307.1,16.69,81.75,2995.49,22.0919
2011-02-04,1310.87,15.93,81.11,3003.19,20.8982
2011-02-07,1319.05,16.28,80.54,3031.18,20.3702
2011-02-08,1324.57,15.81,78.93,3042.5,20.206
2011-02-09,1320.88,15.87,82.11,3031.62,19.7493
2011-02-10,1321.87,16.09,83.73,3025.68,19.7522
2011-02-11,1329.15,15.69,84.5,3024.37,19.946
2011-02-14,1332.32,15.95,82.67,3018.38,20.7408
2011-02-15,1328.01,16.37,84.38,3030.46,20.4386
2011-02-16,1336.32,16.72,83.05,3061.92,19.1885
2011-02-17,1340.43,16.59,83.03,3064.54,19.9957
2011-02-18,1343.01,16.43,85.47,3068.0,19.6952
2011-02-22,1315.44,20.8,99.18,2983.33,23.9321
2011-02-23,1307.4,22.13,99.04,2954.92,24.9891
2011-02-24,1306.1,21.32,94.07,2949.13,24.9885
2011-02-25,1319.88,19.22,86.17,2985.02,23.1032
2011-02-28,1327.22,18.35,81.78,3013.09,22.7141
2011-03-01,1306.33,21.01,89.28,2983.27,23.82
2011-03-02,1308.44,20.7,87.55,2958.8,24.5965
2011-03-03,1330.97,18.6,82.36,2969.24,23.9314
2011-03-04,1321.15,19.06,81.48,2949.18,23.6358
2011-03-07,1310.13,20.66,84.32,2931.42,24.4135
2011-03-08,1321.82,19.82,80.84,2945.42,23.4535
2011-03-09,1320.02,20.22,84.89,2935.11,23.4775
2011-03-10,1295.11,21.88,88.16,2909.73,24.1369
2011-03-11,1304.28,20.08,83.21,2883.84,24.7086
2011-03-14,1296.39,21.13,83.89,2852.11,26.7431
2011-03-15,1281.87,24.32,89.68,2784.2,31.0104
2011-03-16,1256.88,29.4,112.39,2721.24,35.2293
2011-03-17,1273.72,26.37,101.45,2786.16,30.6133
2011-03-18,1279.2,24.44,96.28,2792.61,28.5337
2011-03-21,1298.38,20.61,89.17,2860.81,25.2355
2011-03-22,1293.77,20.21,87.39,2854.79,24.3914
2011-03-23,1297.54,19.17,84.77,2866.23,23.9226
2011-03-24,1309.66,18.0,84.17,2909.78,22.1
2011-03-25,1313.8,17.91,84.53,2911.33,22.0837
2011-03-28,1310.19,19.44,89.94,2914.76,22.4799
2011-03-29,1319.44,18.16,84.96,2910.93,22.4978
2011-03-30,1328.26,17.71,82.75,2936.44,21.4727
2011-03-31,1325.83,17.74,82.51,2910.91,22.08
2011-04-01,1332.41,17.4,81.98,2962.92,20.4234
2011-04-04,1332.87,17.5,81.84,2955.84,20.6621
2011-04-05,1332.63,17.25,81.44,2950.96,20.5154
2011-04-06,1335.54,16.9,83.22,2971.48,20.155
2011-04-07,1333.51,17.11,82.39,2963.69,21.0214
2011-04-08,1328.17,17.87,83.43,2984.66,19.9611
2011-04-11,1324.46,16.59,84.16,2974.58,19.98
2011-04-12,1314.16,17.09,85.36,2932.33,22.4991
2011-04-13,1314.41,16.92,86.04,2949.98,21.1973
2011-04-14,1314.52,16.27,86.07,2917.72,20.7375
2011-04-15,1319.68,15.32,85.72,2919.05,18.8037
2011-04-18,1305.14,16.96,89.11,2847.96,22.7879
2011-04-19,1312.62,15.83,85.73,2857.61,20.8171
2011-04-20,1330.36,15.07,86.21,2921.43,19.0849
2011-04-21,1337.38,14.69,87.71,2936.3,18.9266
2011-04-26,1347.24,15.62,85.72,2955.36,19.4866
2011-04-27,1355.66,15.35,83.21,2977.59,19.8336
2011-04-28,1360.48,14.62,82.89,3005.33,18.8269
2011-04-29,1363.61,14.75,83.98,3011.25,18.4785
2011-05-02,1361.22,15.99,88.5,3008.89,19.6212
2011-05-03,1356.62,16.7,90.62,3000.39,20.7988
2011-05-04,1347.32,17.08,91.39,2952.02,21.8564
2011-05-05,1335.1,18.2,95.08,2926.54,22.5461
2011-05-06,1340.2,18.4,94.43,2952.9,19.9772
2011-05-09,1346.29,17.16,90.86,2902.4,22.5141
2011-05-10,1357.16,15.91,87.56,2939.02,21.5022
2011-05-11,1342.08,16.95,96.25,2942.43,21.0675
2011-05-12,1348.65,16.03,93.57,2917.05,21.8671
2011-05-13,1337.77,17.07,93.86,2894.6,22.0822
2011-05-16,1329.47,18.24,94.44,2881.31,22.3774
2011-05-17,1328.98,17.55,93.64,2849.6,23.103
2011-05-18,1340.68,16.23,90.7,2867.3,22.356
2011-05-19,1343.6,15.52,87.53,2890.6,21.0276
2011-05-20,1333.27,17.43,90.23,2853.98,22.3836
2011-05-23,1317.37,18.27,92.08,2794.26,24.7811
2011-05-24,1316.28,17.82,88.47,2801.27,23.767
2011-05-25,1320.47,17.07,85.29,2816.84,22.6511
2011-05-26,1325.69,16.09,81.48,2799.82,22.7415
2011-05-27,1331.1,15.98,81.46,2819.4,21.4688
2011-05-31,1345.2,15.45,80.92,2861.92,20.353
2011-06-01,1314.55,18.3,87.59,2827.66,20.9271
2011-06-02,1312.94,18.09,85.22,2782.57,22.8441
2011-06-03,1300.16,17.95,85.54,2789.11,22.6548
2011-06-06,1286.17,18.49,88.15,2765.33,23.1505
2011-06-07,1284.94,18.07,83.72,2774.5,22.3739
2011-06-08,1279.56,18.79,88.98,2752.06,22.6861
2011-06-09,1289.0,17.77,85.65,2778.12,20.9443
2011-06-10,1270.98,18.86,93.34,2732.54,22.6181
2011-06-13,1271.83,19.61,98.35,2733.95,22.8375
2011-06-14,1287.87,18.26,91.74,2779.94,21.3224
2011-06-15,1265.42,21.32,105.07,2731.5,23.0617
2011-06-16,1267.64,22.73,100.39,2730.62,24.4295
2011-06-17,1271.5,21.85,95.31,2770.12,24.25
2011-06-20,1278.36,19.99,90.25,2748.01,25.5434
2011-06-21,1295.52,18.86,90.55,2801.99,24.7477
2011-06-22,1287.14,18.52,91.71,2795.07,23.3426
2011-06-23,1283.5,19.29,93.09,2730.86,27.3023
2011-06-24,1268.45,21.1,99.14,2715.88,27.1728
2011-06-27,1280.1,20.56,94.29,2723.93,28.2016
2011-06-28,1296.67,19.17,90.33,2750.49,27.6888
2011-06-29,1307.41,17.27,85.9,2802.55,24.061
2011-06-30,1320.64,16.52,81.08,2848.53,21.5622
2011-07-01,1339.67,15.87,78.64,2875.67,19.7294
2011-07-05,1337.88,16.06,81.34,2850.51,20.2611
2011-07-06,1339.22,16.34,82.69,2832.63,20.9197
2011-07-07,1353.22,15.95,80.7,2844.51,20.5946
2011-07-08,1343.8,15.95,80.82,2790.09,22.4146
2011-07-11,1319.49,18.39,90.87,2709.14,26.2613
2011-07-12,1313.64,19.87,88.39,2693.53,28.2541
2011-07-13,1317.72,19.91,88.92,2715.05,26.4656
2011-07-14,1308.87,20.8,95.72,2695.29,27.271
2011-07-15,1316.14,19.53,89.33,2675.38,28.1168
2011-07-18,1305.44,20.95,97.81,2622.36,31.0008
2011-07-19,1326.73,19.21,91.01,2657.45,28.9959
2011-07-20,1325.84,19.09,86.06,2705.75,27.6237
2011-07-21,1343.8,17.56,81.68,2763.34,23.8296
2011-07-22,1345.02,17.52,82.45,2772.6,22.4011
2011-07-25,1337.43,19.35,90.2,2742.7,24.5023
2011-07-26,1331.94,20.23,93.35,2739.65,24.0382
2011-07-27,1304.89,22.98,102.01,2693.71,26.0272
2011-07-28,1300.67,23.74,105.62,2692.76,26.5424
2011-07-29,1292.28,25.25,106.57,2670.37,27.6238
2011-08-01,1286.94,23.66,95.89,2593.34,29.0047
2011-08-02,1254.05,24.79,102.01,2544.89,29.346
2011-08-03,1260.34,23.38,98.58,2497.83,29.7215
2011-08-04,1200.07,31.66,121.76,2412.29,34.629
2011-08-05,1199.38,32.0,118.61,2375.15,39.2459
2011-08-08,1119.46,48.0,134.63,2286.91,45.3038
2011-08-09,1172.53,35.06,112.8,2294.24,46.3979
2011-08-10,1120.76,42.99,132.86,2153.77,49.4966
2011-08-11,1172.64,39.0,128.76,2215.45,48.7042
2011-08-12,1178.81,36.36,120.19,2307.33,44.8485
2011-08-15,1204.49,31.87,109.0,2324.48,40.353
2011-08-16,1192.76,32.85,104.66,2323.67,38.0487
2011-08-17,1193.89,31.58,104.62,2331.12,35.0436
2011-08-18,1140.65,42.67,106.66,2206.61,47.1694
2011-08-19,1123.53,43.05,111.58,2159.07,47.306
2011-08-22,1123.82,42.44,111.25,2183.39,46.5895
2011-08-23,1162.35,36.27,103.43,2199.98,44.353
2011-08-24,1177.6,35.9,104.54,2238.7,42.1282
2011-08-25,1159.27,39.76,112.4,2216.7,44.3803
2011-08-26,1176.8,35.59,104.72,2190.44,43.5524
2011-08-29,1210.08,32.28,96.51,2239.3,39.2544
2011-08-30,1212.92,32.89,96.16,2239.14,38.1572
2011-08-31,1218.89,31.62,94.16,2302.08,35.6495
2011-09-01,1204.42,31.82,92.31,2305.75,36.5683
2011-09-02,1173.97,33.92,91.0,2220.72,40.0959
2011-09-06,1165.24,37.0,97.01,2080.1,47.8677
2011-09-07,1198.62,33.38,93.3,2151.16,43.4696
2011-09-08,1185.9,34.32,93.45,2163.4,41.6299
2011-09-09,1154.23,38.52,99.07,2073.67,49.7943
2011-09-12,1162.27,38.59,97.07,1995.01,53.5472
2011-09-13,1172.87,36.91,96.14,2036.64,49.1151
2011-09-14,1188.68,34.6,100.22,2083.38,46.7296
2011-09-15,1209.11,31.97,96.69,2155.62,42.2886
2011-09-16,1216.01,30.98,93.67,2159.28,42.963
2011-09-19,1204.09,32.73,95.95,2096.1,45.6132
2011-09-20,1202.09,32.86,92.9,2140.41,42.7855
2011-09-21,1166.76,37.32,98.58,2098.49,44.1387
2011-09-22,1129.56,41.35,103.91,1995.75,47.781
2011-09-23,1136.43,41.25,104.77,2026.03,48.5408
2011-09-26,1162.95,39.02,102.89,2083.35,49.2866
2011-09-27,1175.38,37.71,100.31,2194.03,45.5196
2011-09-28,1151.06,41.08,104.3,2176.64,46.3864
2011-09-29,1160.4,38.84,101.05,2212.44,44.442
2011-09-30,1131.42,42.96,101.08,2179.66,46.6796
2011-10-03,1099.23,45.45,103.89,2138.24,48.6534
2011-10-04,1123.95,40.82,99.31,2091.09,50.4407
2011-10-05,1144.03,37.81,94.66,2179.42,45.597
2011-10-06,1164.97,36.27,93.52,2248.78,42.6277
2011-10-07,1155.46,36.2,92.57,2269.19,40.5639
2011-10-10,1194.89,33.02,89.39,2320.8,37.9148
2011-10-11,1195.54,32.86,90.98,2315.97,38.1751
2011-10-12,1207.25,31.26,91.34,2372.15,35.7679
2011-10-13,1203.66,30.7,95.1,2332.52,38.7483
2011-10-14,1224.58,28.24,94.69,2355.48,34.9396
2011-10-17,1200.86,33.39,103.55,2315.89,38.8089
2011-10-18,1225.38,31.56,100.21,2306.81,39.665
2011-10-19,1209.88,34.44,103.29,2330.08,39.8925
2011-10-20,1215.39,34.78,102.97,2271.77,44.6144
2011-10-21,1238.25,31.32,98.05,2337.51,40.7402
2011-10-24,1254.19,29.26,97.13,2369.07,37.3083
2011-10-25,1229.05,32.22,97.75,2343.96,37.8419
2011-10-26,1242.0,29.86,97.74,2335.06,37.7721
2011-10-27,1284.59,25.46,94.44,2476.92,30.3371
2011-10-28,1285.09,24.53,94.19,2462.36,31.2429
2011-10-31,1253.3,29.96,104.84,2385.22,35.1198
2011-11-01,1218.28,34.77,113.15,2259.73,42.9562
2011-11-02,1237.9,32.74,107.4,2291.89,42.1425
2011-11-03,1261.15,30.5,104.28,2347.94,40.054
2011-11-04,1253.23,30.16,103.34,2291.47,41.4944
2011-11-07,1261.12,29.85,103.35,2275.92,42.2205
2011-11-08,1275.92,27.48,98.05,2303.2,39.6689
2011-11-09,1229.1,36.16,122.73,2249.39,41.7228
2011-11-10,1239.69,32.81,113.54,2254.92,43.7184
2011-11-11,1263.85,30.04,112.1,2324.81,39.5323
2011-11-14,1251.78,31.13,112.35,2288.32,40.1517
2011-11-15,1257.81,31.22,107.55,2254.0,39.6113
2011-11-16,1236.91,33.51,111.18,2267.96,38.0763
2011-11-17,1216.13,34.51,111.86,2242.78,39.0576
2011-11-18,1215.65,32.0,101.92,2236.68,38.2997
2011-11-21,1192.98,32.91,99.6,2160.28,41.2081
2011-11-22,1188.04,31.97,98.53,2136.81,39.5623
2011-11-23,1161.79,33.98,101.46,2096.79,40.9728
2011-11-25,1158.67,34.47,98.98,2111.26,40.8202
2011-11-28,1192.55,32.13,96.23,2221.76,38.9704
2011-11-29,1195.19,30.64,95.47,2234.17,38.6637
2011-11-30,1246.96,27.8,92.22,2330.43,37.0829
2011-12-01,1244.58,27.41,90.88,2313.84,36.5396
2011-12-02,1244.28,27.52,92.46,2342.5,35.6881
2011-12-05,1257.08,27.84,92.97,2369.39,35.9744
2011-12-06,1258.47,28.13,92.21,2356.71,36.9213
2011-12-07,1261.01,28.67,92.84,2344.92,37.2166
2011-12-08,1234.35,30.59,94.97,2288.05,39.3825
2011-12-09,1255.19,26.38,90.92,2342.59,34.9028
2011-12-12,1236.47,25.67,93.21,2269.46,36.2503
2011-12-13,1225.73,25.41,94.55,2260.98,33.6736
2011-12-14,1211.82,26.04,99.63,2205.91,34.4891
2011-12-15,1215.75,25.11,97.71,2224.89,31.424
2011-12-16,1219.66,24.29,94.28,2202.72,31.1426
2011-12-19,1205.35,24.92,90.27,2202.95,30.9926
2011-12-20,1241.3,23.22,88.64,2262.39,30.3271
2011-12-21,1243.72,21.43,85.54,2244.35,30.2552
2011-12-22,1254.0,21.16,86.18,2273.02,28.8742
2011-12-23,1265.33,20.73,86.54,2290.37,28.5177
2011-12-27,1265.43,21.91,88.13,2290.31,29.749
2011-12-28,1249.64,23.52,94.08,2255.03,31.8173
2011-12-29,1263.02,22.65,91.8,2292.28,32.1867
2011-12-30,1257.6,23.4,91.7,2316.55,32.1544
2012-01-03,1277.06,22.97,91.39,2389.91,30.017
2012-01-04,1277.3,22.22,88.89,2349.89,30.4656
2012-01-05,1281.06,21.48,87.69,2315.75,31.0151
2012-01-06,1277.81,20.63,86.95,2298.65,30.5586
2012-01-09,1280.7,21.07,87.8,2286.45,30.1779
2012-01-10,1292.08,20.69,88.82,2347.47,28.3412
2012-01-11,1292.48,21.05,93.17,2339.51,28.4621
2012-01-12,1295.5,20.47,90.51,2345.85,28.5518
2012-01-13,1289.09,20.91,93.55,2338.01,28.916
2012-01-17,1293.67,22.2,93.66,2396.63,28.1469
2012-01-18,1308.04,20.89,90.09,2390.64,27.76
2012-01-19,1314.5,19.87,88.73,2435.04,26.5407
2012-01-20,1315.38,18.28,89.24,2426.96,25.0315
2012-01-23,1316.0,18.67,89.59,2441.44,25.6521
2012-01-24,1314.65,18.91,89.01,2432.07,25.295
2012-01-25,1326.05,18.31,86.01,2421.12,25.2399
2012-01-26,1318.43,18.57,88.92,2460.4,24.2408
2012-01-27,1316.33,18.53,87.44,2436.62,24.3981
2012-01-30,1313.01,19.4,89.86,2404.62,26.8831
2012-01-31,1312.41,19.44,88.51,2416.66,26.3081
2012-02-01,1324.09,18.55,85.78,2470.79,24.6111
2012-02-02,1325.54,17.98,84.1,2478.15,24.5624
2012-02-03,1344.9,17.1,84.04,2515.15,23.5349
2012-02-06,1344.33,17.76,85.38,2507.89,25.0326
2012-02-07,1347.05,17.65,83.79,2514.12,25.325
2012-02-08,1349.96,18.16,97.01,2512.92,25.7292
2012-02-09,1351.95,18.63,100.76,2522.34,25.9181
2012-02-10,1342.64,20.79,104.15,2480.76,27.3816
2012-02-13,1351.77,19.04,102.45,2491.54,26.6034
2012-02-14,1350.5,19.54,107.82,2488.29,26.0202
2012-02-15,1343.23,21.14,114.65,2493.96,26.5438
2012-02-16,1358.04,19.22,110.41,2489.35,26.8397
2012-02-17,1361.23,17.78,108.56,2520.31,24.8255
2012-02-21,1362.21,18.19,107.71,2541.6,23.8977
2012-02-22,1357.66,18.19,100.81,2519.0,24.0059
2012-02-23,1363.46,16.8,94.44,2508.08,23.8446
2012-02-24,1365.74,17.31,99.43,2523.69,22.5277
2012-02-27,1367.59,18.19,101.68,2513.06,24.2211
2012-02-28,1372.18,17.96,99.13,2519.72,23.7173
2012-02-29,1365.68,18.43,101.6,2512.11,23.9289
2012-03-01,1374.09,17.26,97.43,2548.66,22.8624
2012-03-02,1369.63,17.29,96.94,2546.16,22.5637
2012-03-05,1364.33,18.05,98.18,2529.86,23.7979
2012-03-06,1343.36,20.87,105.11,2443.52,28.5625
2012-03-07,1352.63,19.07,100.46,2460.77,28.2266
2012-03-08,1365.91,17.95,97.19,2514.22,25.0964
2012-03-09,1370.87,17.11,97.98,2515.95,22.895
2012-03-12,1371.09,15.64,98.61,2514.97,23.0102
2012-03-13,1395.95,14.8,98.47,2556.82,20.9307
2012-03-14,1394.28,15.31,106.63,2574.79,21.1237
2012-03-15,1402.6,15.42,108.42,2593.97,19.3479
2012-03-16,1404.17,14.47,105.78,2608.3,18.5202
2012-03-19,1409.75,15.04,106.49,2608.42,18.3551
2012-03-20,1405.52,15.58,109.38,2576.61,19.9117
2012-03-21,1402.89,15.13,104.65,2567.58,20.0254
2012-03-22,1392.78,15.57,102.53,2530.22,21.9103
2012-03-23,1397.11,14.82,98.6,2525.43,21.6583
2012-03-26,1416.51,14.26,96.08,2539.87,21.3398
2012-03-27,1412.52,15.59,101.15,2525.21,22.3987
2012-03-28,1405.54,15.47,102.74,2496.68,23.0813
2012-03-29,1403.28,15.48,101.94,2452.74,25.3609
2012-03-30,1408.47,15.5,100.28,2477.28,22.5463
2012-04-02,1419.04,15.64,100.38,2501.18,21.2165
2012-04-03,1413.38,15.66,98.37,2458.98,22.2736
2012-04-04,1398.96,16.44,99.73,2398.46,25.8591
2012-04-05,1398.08,16.7,99.47,2392.54,25.5879
2012-04-10,1358.59,20.39,109.13,2321.53,30.6779
2012-04-11,1368.71,20.02,111.19,2341.36,29.4908
2012-04-12,1387.57,17.2,104.27,2352.24,27.6118
2012-04-13,1370.26,19.55,110.76,2291.51,29.4063
2012-04-16,1369.57,19.55,110.97,2301.19,28.8612
2012-04-17,1390.78,18.46,107.01,2367.05,26.5949
2012-04-18,1385.14,18.64,106.06,2327.84,27.6847
2012-04-19,1376.92,18.36,103.96,2284.67,28.2848
2012-04-20,1378.53,17.44,101.08,2311.27,26.2312
2012-04-23,1366.94,18.97,104.01,2244.83,29.9723
2012-04-24,1371.97,18.1,99.84,2284.08,28.6556
2012-04-25,1390.69,16.82,93.28,2322.91,27.4003
2012-04-26,1399.98,16.24,89.65,2322.69,26.6216
2012-04-27,1403.36,16.32,88.62,2344.02,25.4795
2012-04-30,1397.91,17.15,89.32,2306.43,26.9511
2012-05-02,1402.31,16.88,86.29,2290.31,28.0126
2012-05-03,1391.57,17.56,88.35,2287.1,27.6802
2012-05-04,1369.1,19.16,91.31,2248.34,29.3836
2012-05-07,1369.58,18.94,90.91,2283.09,28.9223
2012-05-08,1363.72,19.05,91.33,2236.11,31.3226
2012-05-09,1354.58,20.08,102.07,2225.63,31.2083
2012-05-10,1357.99,18.83,98.65,2247.38,29.1479
2012-05-11,1353.39,19.89,100.12,2254.54,28.3851
2012-05-14,1338.35,21.87,105.85,2201.95,31.6946
2012-05-15,1330.66,21.97,109.61,2178.67,33.3144
2012-05-16,1324.8,22.27,109.22,2175.34,33.1165
2012-05-17,1304.86,24.49,112.84,2146.91,34.4776
2012-05-18,1295.22,25.1,117.44,2144.69,33.1087
2012-05-21,1315.99,22.01,108.5,2150.16,31.0253
2012-05-22,1316.63,22.48,110.48,2192.85,30.0057
2012-05-23,1318.86,22.33,107.48,2134.05,32.8618
2012-05-24,1320.68,21.54,104.52,2156.52,31.4557
2012-05-25,1317.82,21.76,103.1,2161.87,30.225
2012-05-29,1332.42,21.03,100.98,2160.31,31.4097
2012-05-30,1313.32,24.14,109.73,2116.18,34.5137
2012-05-31,1310.33,24.06,108.75,2118.94,34.9478
2012-06-01,1278.04,26.66,111.41,2068.66,36.3842
2012-06-04,1278.18,26.12,107.04,2078.96,36.4531
2012-06-05,1285.5,24.68,102.78,2087.31,34.5733
2012-06-06,1315.13,22.16,97.71,2137.73,31.5809
2012-06-07,1314.99,21.72,98.36,2143.08,31.4338
2012-06-08,1325.66,21.23,96.6,2143.9,30.3723
2012-06-11,1308.93,23.56,105.51,2137.7,31.9884
2012-06-12,1324.18,22.09,103.22,2143.38,32.3906
2012-06-13,1314.88,24.27,110.6,2143.5,33.8572
2012-06-14,1329.1,21.68,107.78,2148.21,33.0104
2012-06-15,1342.84,21.11,108.23,2181.23,33.7295
2012-06-18,1344.78,18.32,99.3,2155.64,29.4574
2012-06-19,1357.98,18.38,98.13,2198.01,27.6446
2012-06-20,1355.69,17.24,96.41,2207.49,26.9415
2012-06-21,1325.51,20.08,105.47,2199.42,25.4639
2012-06-22,1335.02,18.11,104.13,2186.81,25.1664
2012-06-25,1313.72,20.38,104.46,2130.71,27.6497
2012-06-26,1319.99,19.72,100.66,2127.95,28.0456
2012-06-27,1331.85,19.45,98.11,2165.61,27.5359
2012-06-28,1329.04,19.71,97.21,2157.62,28.0598
2012-06-29,1362.16,17.08,89.59,2264.72,24.9463
2012-07-02,1365.51,16.8,85.61,2292.08,24.992
2012-07-03,1374.02,16.66,84.59,2320.43,23.685
2012-07-05,1367.58,17.5,89.43,2284.92,24.4531
2012-07-06,1354.68,17.1,90.1,2235.51,25.5759
2012-07-09,1352.46,17.98,92.85,2227.91,25.5973
2012-07-10,1341.47,18.72,94.91,2241.85,24.6397
2012-07-11,1341.45,17.95,96.25,2246.23,24.1292
2012-07-12,1334.76,18.33,95.22,2228.01,24.0824
2012-07-13,1356.78,16.74,91.1,2259.09,22.6093
2012-07-16,1353.64,17.11,94.21,2251.96,22.1692
2012-07-17,1363.67,16.48,93.49,2250.75,21.7236
2012-07-18,1372.78,16.16,94.03,2284.7,20.3562
2012-07-19,1376.51,15.45,93.73,2302.45,20.8276
2012-07-20,1362.66,16.27,100.61,2237.33,24.2212
2012-07-23,1350.52,18.62,107.32,2179.31,28.0807
2012-07-24,1338.31,20.47,111.65,2151.54,28.4455
2012-07-25,1337.89,19.34,106.53,2159.09,27.1793
2012-07-26,1360.02,17.53,98.59,2251.05,25.635
2012-07-27,1385.97,16.7,93.08,2301.23,25.3165
2012-07-30,1385.3,18.03,94.74,2340.31,26.4643
2012-07-31,1379.32,18.93,96.11,2325.72,28.0088
2012-08-01,1375.14,18.96,94.23,2333.38,28.1002
2012-08-02,1365.0,17.57,89.63,2263.36,26.4001
2012-08-03,1390.99,15.64,84.5,2372.58,23.803
2012-08-06,1394.23,15.95,84.47,2399.32,24.2352
2012-08-07,1401.35,15.99,86.87,2440.24,23.869
2012-08-08,1402.22,15.32,85.18,2432.28,23.678
2012-08-09,1402.8,15.28,83.91,2437.04,23.3366
2012-08-10,1405.87,14.74,84.83,2423.22,22.7486
2012-08-13,1404.11,13.7,89.58,2415.96,23.4531
2012-08-14,1403.93,14.85,94.33,2432.29,23.2459
2012-08-15,1405.53,14.63,97.95,2430.39,23.5481
2012-08-16,1415.51,14.29,95.65,2456.53,23.1306
2012-08-17,1418.16,13.45,95.02,2471.53,21.4456
2012-08-20,1418.13,14.02,96.64,2466.32,22.1476
2012-08-21,1413.17,15.02,97.41,2490.27,22.1925
2012-08-22,1413.49,15.11,99.14,2452.73,25.1159
2012-08-23,1402.08,15.96,98.4,2429.17,24.3861
2012-08-24,1411.13,15.18,94.99,2434.23,24.6392
2012-08-27,1410.44,16.35,94.89,2461.82,24.3156
2012-08-28,1409.3,16.49,94.43,2442.12,24.868
2012-08-29,1410.49,17.06,94.71,2434.23,25.7209
2012-08-30,1399.48,17.83,96.33,2403.8,27.1621
2012-08-31,1406.58,17.47,93.3,2440.71,25.7034
2012-09-04,1404.94,17.98,93.71,2436.54,27.755
2012-09-05,1403.44,17.74,90.15,2441.81,27.6615
2012-09-06,1432.12,15.6,83.65,2524.95,23.1125
2012-09-07,1437.92,14.38,82.24,2538.6,21.8266
2012-09-10,1429.08,16.28,92.77,2528.53,23.4869
2012-09-11,1433.56,16.41,92.39,2557.65,23.9199
2012-09-12,1436.56,15.8,93.94,2564.8,23.6536
2012-09-13,1459.99,14.05,87.81,2543.22,23.5096
2012-09-14,1465.77,14.51,93.04,2594.56,21.1062
2012-09-17,1461.19,14.59,92.95,2583.57,20.9384
2012-09-18,1459.32,14.18,90.13,2553.4,21.0614
2012-09-19,1461.05,13.88,88.61,2567.67,20.2909
2012-09-20,1460.26,14.07,88.72,2553.03,20.1276
2012-09-21,1460.15,13.98,87.9,2577.08,19.2445
2012-09-24,1456.89,14.15,85.88,2557.89,19.8013
2012-09-25,1441.59,15.43,92.79,2568.48,19.7747
2012-09-26,1433.32,16.81,95.05,2498.52,22.2323
2012-09-27,1447.15,14.84,88.24,2506.06,22.4909
2012-09-28,1440.67,15.73,90.49,2454.26,23.3836
2012-10-01,1444.49,16.32,92.51,2498.81,22.8698
2012-10-02,1445.75,15.71,90.25,2493.59,23.1473
2012-10-03,1450.99,15.43,87.56,2492.48,22.1253
2012-10-04,1461.4,14.55,83.51,2485.75,21.9957
2012-10-05,1460.93,14.33,83.1,2531.21,20.3484
2012-10-08,1455.88,15.11,85.85,2496.09,21.58
2012-10-09,1441.48,16.37,88.53,2472.23,22.9493
2012-10-10,1432.56,16.29,94.36,2456.54,22.67
2012-10-11,1432.84,15.59,90.74,2487.08,21.5761
2012-10-12,1428.59,16.14,91.87,2469.09,21.8817
2012-10-15,1440.13,15.27,92.92,2485.12,21.4496
2012-10-16,1454.92,15.22,90.31,2547.9,20.4001
2012-10-17,1460.91,15.07,85.6,2569.83,19.8775
2012-10-18,1457.34,15.03,86.51,2574.19,19.5805
2012-10-19,1433.19,17.06,92.63,2542.24,20.5996
2012-10-22,1433.82,16.62,92.48,2531.1,21.2613
2012-10-23,1413.11,18.83,99.66,2477.92,23.3924
2012-10-24,1408.75,18.33,96.39,2490.58,22.7611
2012-10-25,1412.97,18.12,91.86,2483.43,22.4852
2012-10-26,1411.94,17.81,89.43,2496.1,22.137
2012-10-31,1412.16,18.6,90.23,2503.64,22.2123
2012-11-01,1427.59,16.69,81.7,2533.87,21.2117
2012-11-02,1414.2,17.59,87.84,2547.15,20.5608
2012-11-05,1417.26,18.42,90.75,2517.67,22.216
2012-11-06,1428.39,17.58,87.56,2535.94,21.7924
2012-11-07,1394.53,19.08,94.75,2479.1,23.2841
2012-11-08,1377.51,18.49,93.39,2479.13,23.0951
2012-11-09,1379.85,18.61,94.02,2479.82,22.57
2012-11-12,1380.03,16.68,90.54,2473.52,22.7101
2012-11-13,1374.53,16.65,87.84,2493.14,21.8471
2012-11-14,1355.49,17.92,94.66,2472.84,21.5292
2012-11-15,1353.33,17.99,94.54,2461.77,21.9773
2012-11-16,1359.88,16.41,90.27,2427.32,22.1719
2012-11-19,1386.89,15.24,88.43,2495.21,19.6356
2012-11-20,1387.81,15.08,85.93,2509.62,18.7696
2012-11-21,1391.03,15.31,85.85,2519.68,17.8461
2012-11-23,1409.15,15.14,82.86,2557.03,17.7473
2012-11-26,1406.29,15.5,82.45,2542.52,18.4984
2012-11-27,1398.94,15.92,84.17,2543.45,17.699
2012-11-28,1409.93,15.51,80.39,2546.84,17.2555
2012-11-29,1415.95,15.06,78.42,2581.69,16.4854
2012-11-30,1416.18,15.87,78.59,2575.25,16.5548
2012-12-03,1409.46,16.64,84.07,2582.36,17.3112
2012-12-04,1407.05,17.12,86.18,2590.83,17.2837
2012-12-05,1409.28,16.46,82.98,2592.09,17.3906
2012-12-06,1413.94,16.58,84.15,2603.41,16.9937
2012-12-07,1418.07,15.9,80.74,2601.37,17.2026
2012-12-10,1418.55,16.05,81.56,2596.02,17.4025
2012-12-11,1427.84,15.57,78.7,2624.03,17.0262
2012-12-12,1428.48,15.95,83.02,2630.34,17.0471
2012-12-13,1419.45,16.56,86.74,2627.66,16.9542
2012-12-14,1413.58,17.0,86.39,2630.54,16.4818
2012-12-17,1430.36,16.34,82.1,2628.01,16.4617
2012-12-18,1446.79,15.57,79.36,2643.5,15.8638
2012-12-19,1435.81,17.36,83.33,2654.69,15.6463
2012-12-20,1443.69,17.67,83.06,2658.3,15.7568
2012-12-21,1430.15,17.84,87.7,2651.09,17.8926
2012-12-27,1418.1,19.47,90.89,2659.95,18.2289
2012-12-28,1402.43,22.72,104.72,2626.85,21.3534
2013-01-02,1462.42,14.68,78.77,2711.25,18.3628
2013-01-03,1459.37,14.56,77.02,2701.22,17.54
2013-01-04,1466.47,13.83,75.18,2709.35,16.0708
2013-01-07,1461.89,13.79,76.77,2695.56,16.818
2013-01-08,1457.15,13.62,78.37,2691.45,16.8999
2013-01-09,1461.02,13.81,78.51,2706.39,16.1474
2013-01-10,1472.12,13.49,77.49,2708.27,16.1155
2013-01-11,1472.05,13.36,78.52,2717.79,15.5715
2013-01-14,1470.68,13.52,78.28,2715.16,15.7019
2013-01-15,1472.34,13.55,77.84,2701.59,15.9725
2013-01-16,1472.63,13.42,77.26,2702.54,16.146
2013-01-17,1480.94,13.57,78.77,2718.93,15.9134
2013-01-18,1485.98,12.46,73.43,2709.59,15.8831
2013-01-22,1492.56,12.43,73.87,2716.7,16.063
2013-01-23,1494.81,12.46,71.86,2708.28,16.2203
2013-01-24,1494.82,12.69,76.17,2722.96,15.3145
2013-01-25,1502.96,12.89,76.92,2744.18,14.9093
2013-01-28,1500.18,13.57,78.16,2744.5,15.1979
2013-01-29,1507.84,13.31,73.61,2749.27,14.8562
2013-01-30,1501.96,14.32,77.34,2732.12,15.9384
2013-01-31,1498.11,14.28,76.72,2702.98,16.6395
2013-02-01,1513.17,12.9,73.29,2710.08,15.9874
2013-02-04,1495.71,14.67,77.79,2625.17,20.1454
2013-02-05,1511.29,13.72,75.07,2651.21,19.2593
2013-02-06,1512.12,13.41,77.24,2617.35,20.2113
2013-02-07,1509.39,13.5,76.86,2597.92,20.7955
2013-02-08,1517.93,13.02,74.42,2630.3,18.5593
2013-02-11,1517.01,12.94,76.1,2622.61,18.9342
2013-02-12,1519.43,12.64,73.83,2648.83,18.3682
2013-02-13,1520.33,12.98,73.25,2656.86,18.2817
2013-02-14,1521.38,12.66,72.99,2635.35,18.6532
2013-02-15,1519.79,12.46,72.55,2615.26,18.8463
2013-02-19,1530.94,12.31,70.45,2662.37,18.4631
2013-02-20,1511.95,14.68,79.65,2640.35,19.6147
2013-02-21,1502.42,15.22,80.83,2579.76,21.5133
2013-02-22,1515.6,14.17,78.66,2630.05,20.8556
2013-02-25,1487.85,18.99,94.34,2651.86,21.3086
2013-02-26,1496.94,16.87,90.23,2570.52,25.8975
2013-02-27,1515.99,14.73,82.29,2611.89,22.0043
2013-02-28,1514.68,15.51,86.57,2633.55,21.0046
2013-03-01,1518.2,15.36,87.83,2616.75,21.7728
2013-03-04,1525.2,14.01,82.27,2619.78,21.4361
2013-03-05,1539.79,13.48,79.32,2683.02,19.5539
2013-03-06,1541.46,13.53,78.78,2679.89,20.1143
2013-03-07,1544.26,13.06,77.16,2690.85,18.7353
2013-03-08,1551.18,12.59,76.65,2728.78,17.3844
2013-03-11,1556.22,11.56,77.32,2718.71,17.6154
2013-03-12,1552.48,12.27,79.99,2711.85,17.3243
2013-03-13,1554.52,11.83,84.36,2704.73,16.9279
2013-03-14,1563.23,11.3,83.5,2744.7,15.0835
2013-03-15,1560.7,11.3,85.72,2725.72,15.7276
2013-03-18,1552.1,13.36,93.07,2705.47,18.0979
2013-03-19,1548.34,14.39,94.39,2671.96,21.5306
2013-03-20,1558.71,12.67,89.45,2708.9,18.8741
2013-03-21,1545.8,13.99,93.98,2683.92,19.7897
2013-03-22,1556.89,13.57,91.78,2681.67,21.2876
2013-03-25,1551.69,13.74,88.86,2649.28,21.2387
2013-03-26,1563.77,12.77,85.14,2641.12,20.8755
2013-03-27,1562.85,13.15,85.32,2612.46,21.8599
2013-03-28,1569.19,12.7,83.2,2624.02,20.8944
2013-04-02,1570.25,12.78,80.49,2679.8,19.6165
2013-04-03,1553.69,14.21,85.23,2639.01,20.7645
2013-04-04,1559.98,13.89,83.12,2621.43,21.0977
2013-04-05,1553.28,13.92,84.49,2585.28,22.2855
2013-04-08,1563.07,13.19,82.12,2589.25,21.4857
2013-04-09,1568.61,12.84,82.04,2595.13,20.4229
2013-04-10,1587.73,12.36,82.75,2661.62,19.1768
2013-04-11,1593.37,12.24,83.37,2674.33,18.848
2013-04-12,1588.85,12.06,82.39,2633.47,20.2145
2013-04-15,1552.36,17.27,104.62,2624.71,20.1989
2013-04-16,1574.57,13.96,88.19,2609.3,20.5067
2013-04-17,1552.01,16.51,105.26,2553.49,22.7545
2013-04-18,1541.61,17.56,107.65,2555.5,21.949
2013-04-19,1555.25,14.97,95.52,2575.16,20.4999
2013-04-22,1562.5,14.39,90.91,2583.62,20.638
2013-04-23,1578.78,13.48,85.16,2662.88,19.2103
2013-04-24,1578.79,13.61,84.99,2702.05,18.9814
2013-04-25,1585.16,13.62,85.89,2704.41,19.4097
2013-04-26,1582.24,13.61,85.09,2683.43,19.7111
2013-04-29,1593.61,13.71,84.42,2717.38,19.9773
2013-04-30,1597.57,13.52,83.46,2712.0,20.261
2013-05-02,1597.59,13.59,83.82,2718.9,18.7486
2013-05-03,1614.42,12.85,80.91,2763.68,17.6329
2013-05-06,1617.5,12.66,79.78,2750.52,18.0551
2013-05-07,1625.96,12.83,78.86,2769.08,17.4472
2013-05-08,1632.69,12.66,79.81,2784.62,17.3575
2013-05-09,1626.67,13.13,81.14,2773.16,17.2186
2013-05-10,1633.7,12.59,80.45,2785.24,17.4277
2013-05-15,1658.78,12.81,83.15,2809.58,16.639
2013-05-16,1650.47,13.07,84.5,2806.7,16.2609
2013-05-17,1667.47,12.45,84.0,2817.99,16.313
2013-05-20,1666.29,13.02,85.01,2824.5,16.672
2013-05-21,1669.16,13.37,88.04,2821.65,16.9073
2013-05-22,1655.35,13.82,88.23,2835.01,16.2933
2013-05-23,1650.51,14.07,87.4,2776.78,18.3633
2013-05-24,1649.6,13.99,83.88,2764.29,18.4925
2013-05-28,1660.06,14.48,82.65,2835.87,17.7473
2013-05-29,1648.36,14.83,81.72,2786.54,19.6808
2013-05-30,1654.41,14.53,80.22,2799.2,18.8641
2013-05-31,1630.74,16.3,84.87,2769.64,19.6048
2013-06-03,1640.42,16.28,86.99,2747.74,21.3772
2013-06-04,1631.38,16.27,87.39,2755.7,21.0043
2013-06-05,1608.9,17.5,93.18,2709.33,22.2683
2013-06-06,1622.56,16.63,91.91,2676.21,22.1956
2013-06-07,1643.38,15.14,84.19,2724.08,19.9529
2013-06-10,1642.81,15.44,82.94,2719.4,19.5903
2013-06-11,1626.13,17.07,92.32,2683.2,21.0051
2013-06-12,1612.52,18.59,101.77,2666.52,21.7413
2013-06-13,1636.36,16.41,95.08,2661.71,22.1068
2013-06-14,1626.73,17.15,93.87,2667.32,21.2645
2013-06-17,1639.04,16.8,90.45,2702.69,21.1025
2013-06-18,1651.81,16.61,89.99,2700.93,20.8403
2013-06-19,1628.93,16.64,88.59,2683.98,20.4065
2013-06-20,1588.19,20.49,100.98,2586.45,23.6094
2013-06-21,1592.43,18.9,96.1,2549.48,24.0473
2013-06-24,1573.09,20.11,100.93,2511.83,25.3001
2013-06-25,1588.03,18.47,94.83,2543.37,24.1377
2013-06-26,1603.26,17.21,90.76,2602.81,22.5505
2013-06-27,1613.2,16.86,86.05,2619.86,21.6929
2013-06-28,1606.28,16.86,86.54,2602.59,21.8175
2013-07-01,1614.96,16.37,84.89,2622.62,21.8282
2013-07-02,1614.08,16.44,83.7,2603.2,21.5897
2013-07-03,1615.41,16.2,82.72,2570.76,22.6511
2013-07-05,1631.89,14.89,77.41,2596.01,22.5944
2013-07-08,1640.46,14.78,75.49,2650.85,21.5829
2013-07-09,1652.32,14.35,75.92,2664.14,20.6393
2013-07-10,1652.62,14.21,79.54,2659.71,20.3708
2013-07-11,1675.02,14.01,77.16,2681.32,18.9757
2013-07-12,1680.19,13.84,76.14,2674.87,19.072
2013-07-15,1682.5,13.79,76.22,2686.69,18.9011
2013-07-16,1676.26,14.42,80.84,2665.61,19.2437
2013-07-17,1680.91,13.78,77.06,2681.88,18.4869
2013-07-18,1689.37,13.77,74.68,2717.99,17.6938
2013-07-19,1692.09,12.54,73.64,2716.17,17.2343
2013-07-22,1695.53,12.29,72.49,2725.4,17.4706
2013-07-23,1692.39,12.66,75.05,2722.9,17.3366
2013-07-24,1685.94,13.18,76.8,2752.25,17.085
2013-07-25,1690.25,12.97,76.74,2740.29,17.4835
2013-07-26,1691.65,12.72,76.54,2741.96,18.1141
2013-07-29,1685.33,13.39,76.65,2741.73,18.7032
2013-07-30,1685.96,13.39,74.35,2759.21,18.8439
2013-07-31,1685.73,13.45,73.08,2768.15,19.0644
2013-08-01,1706.87,12.94,71.1,2808.64,23.3121
2013-08-02,1709.67,11.98,70.36,2811.0,16.8183
2013-08-05,1707.14,11.84,69.74,2809.08,17.3314
2013-08-06,1697.37,12.72,75.53,2790.78,17.9242
2013-08-07,1690.91,12.98,76.57,2794.44,18.2711
2013-08-08,1697.48,12.73,75.41,2816.88,17.3468
2013-08-09,1691.42,13.41,77.33,2825.62,17.1706
2013-08-12,1689.47,12.81,78.77,2827.15,17.3567
2013-08-13,1694.16,12.31,78.94,2841.61,17.0781
2013-08-14,1685.39,13.04,80.22,2852.08,16.6396
2013-08-15,1661.32,14.73,86.21,2835.86,17.2894
2013-08-16,1655.83,14.37,84.09,2854.27,16.4082
2013-08-19,1646.06,15.1,86.91,2823.35,17.4926
2013-08-20,1652.35,14.91,89.08,2787.98,19.1958
2013-08-21,1642.8,15.94,90.38,2774.58,20.5374
2013-08-22,1656.96,14.76,84.52,2812.32,18.7137
2013-08-23,1663.5,13.98,80.02,2826.05,17.8238
2013-08-26,1656.78,14.99,83.06,2821.45,17.9047
2013-08-27,1630.48,16.77,92.36,2749.27,22.1683
2013-08-28,1634.96,16.49,91.46,2742.61,22.3124
2013-08-29,1638.17,16.81,91.49,2758.31,21.1498
2013-08-30,1632.97,17.01,92.6,2721.37,23.4785
2013-09-03,1639.77,16.61,90.66,2753.35,23.0533
2013-09-04,1653.08,15.88,88.28,2758.29,22.0945
2013-09-05,1655.08,15.77,85.8,2774.2,21.5095
2013-09-06,1655.17,15.85,86.51,2803.42,20.2292
2013-09-09,1671.71,15.63,83.46,2798.31,20.4702
2013-09-10,1683.99,14.53,79.25,2851.4,19.3143
2013-09-11,1689.13,13.82,78.4,2863.44,18.4298
2013-09-12,1683.42,14.29,80.97,2862.07,18.4084
2013-09-13,1687.99,14.16,79.73,2867.11,18.3842
2013-09-16,1697.6,14.38,80.09,2894.64,18.7198
2013-09-17,1704.76,14.53,79.49,2890.95,18.987
2013-09-18,1725.52,13.59,74.65,2908.92,18.1656
2013-09-19,1722.34,13.16,73.22,2936.2,16.8696
2013-09-20,1709.91,13.12,76.89,2927.19,16.7626
2013-09-23,1701.84,14.31,77.56,2906.35,17.4539
2013-09-24,1697.42,14.08,74.78,2922.93,16.6237
2013-09-25,1692.77,14.01,73.08,2927.35,16.4038
2013-09-26,1698.67,14.06,69.96,2922.99,16.4689
2013-09-27,1691.75,15.46,74.93,2919.34,16.9196
2013-09-30,1681.55,16.6,81.67,2893.15,19.4503
2013-10-01,1695.0,15.54,76.43,2933.02,18.3242
2013-10-02,1693.87,16.6,85.73,2918.31,19.2611
2013-10-03,1678.66,17.67,93.79,2902.12,20.0589
2013-10-04,1690.5,16.74,88.71,2928.31,19.5446
2013-10-07,1676.12,19.41,103.08,2923.04,20.1564
2013-10-08,1655.45,20.34,106.55,2903.35,20.8905
2013-10-09,1656.4,19.6,111.43,2904.73,23.3614
2013-10-10,1692.56,16.48,95.31,2969.41,19.8426
2013-10-11,1703.2,15.72,90.85,2974.28,18.2601
2013-10-14,1710.14,16.07,91.8,2977.69,20.1581
2013-10-15,1698.06,18.66,103.37,3004.56,18.6214
2013-10-16,1721.54,14.71,85.7,3015.4,18.5951
2013-10-17,1733.15,13.48,72.7,3010.39,16.8333
2013-10-18,1744.5,13.04,73.42,3033.31,15.4232
2013-10-21,1744.66,13.16,75.02,3028.65,15.998
2013-10-22,1754.67,13.33,74.13,3045.77,15.6057
2013-10-23,1746.38,13.42,72.43,3017.16,16.6163
2013-10-24,1752.07,13.2,70.84,3038.96,15.5581
2013-10-25,1759.77,13.09,70.03,3034.5,15.0179
2013-10-28,1762.11,13.31,70.16,3022.04,15.8884
2013-10-29,1771.95,13.41,68.52,3050.64,15.1884
2013-10-30,1763.31,13.65,69.56,3040.69,16.1548
2013-10-31,1756.54,13.75,69.44,3067.95,15.888
2013-11-01,1761.64,13.28,68.94,3052.14,16.205
2013-11-04,1767.93,12.93,67.09,3061.18,16.2488
2013-11-05,1762.97,13.27,67.41,3035.92,16.7541
2013-11-07,1747.15,13.91,71.74,3042.98,16.69
2013-11-08,1770.61,12.9,69.39,3034.91,17.2896
2013-11-13,1782.0,12.52,71.37,3021.17,17.1273
2013-11-14,1790.62,12.37,71.91,3053.69,15.9077
2013-11-15,1798.18,12.19,73.58,3054.53,15.1624
2013-11-18,1791.53,13.1,75.06,3081.3,15.3971
2013-11-19,1787.87,13.39,74.45,3049.17,15.6565
2013-11-20,1781.37,13.4,69.05,3047.32,15.5212
2013-11-21,1795.85,12.66,64.95,3044.34,15.082
2013-11-22,1804.76,12.26,63.77,3055.98,14.2629
2013-11-25,1802.48,12.79,64.88,3072.75,14.5254
2013-11-26,1802.75,12.81,65.14,3062.62,14.5147
2013-11-27,1807.23,12.98,64.81,3082.65,14.117
2013-12-02,1800.9,14.23,69.59,3077.23,15.4364
2013-12-03,1795.15,14.55,73.21,3013.88,17.098
2013-12-04,1792.81,14.7,72.73,2991.76,17.8791
2013-12-05,1785.03,15.08,75.8,2953.17,18.378
2013-12-06,1805.09,13.79,70.45,2979.94,16.4994
2013-12-11,1782.22,15.42,80.55,2947.31,17.3558
2013-12-12,1775.5,15.54,83.38,2928.12,18.0599
2013-12-13,1775.32,15.76,85.39,2921.92,18.2036
2013-12-16,1786.54,16.03,83.2,2978.77,18.4886
2013-12-17,1781.0,16.21,82.23,2941.76,18.179
2013-12-18,1810.65,13.8,67.17,2975.09,17.2028
2013-12-19,1809.6,14.15,67.03,3031.05,15.4029
2013-12-20,1818.32,13.79,68.0,3049.35,16.0088
2013-12-23,1827.99,13.04,63.49,3070.91,15.8067
2013-12-27,1841.4,12.46,66.67,3111.37,16.4643
2013-12-30,1841.07,13.56,69.71,3100.93,17.2549
2014-01-02,1831.98,14.23,73.14,3059.93,18.9286
2014-01-03,1831.37,13.76,70.03,3074.43,18.0018
2014-01-06,1826.77,13.55,68.33,3069.16,18.1672
2014-01-08,1837.49,12.87,68.33,3110.66,17.3671
2014-01-10,1842.37,12.14,67.74,3104.15,16.5627
2014-01-13,1819.2,13.28,75.71,3111.94,17.0978
2014-01-14,1838.88,12.28,69.31,3119.53,16.8066
2014-01-15,1848.38,12.28,69.56,3168.76,16.5089
2014-01-16,1845.89,12.53,73.98,3150.2,17.0561
2014-01-17,1838.7,12.44,75.72,3154.1,15.7352
2014-01-21,1843.8,12.87,77.78,3153.08,16.1749
2014-01-22,1844.86,12.84,74.46,3151.27,16.4469
2014-01-23,1828.46,13.77,78.25,3117.08,17.5122
2014-01-24,1790.29,18.14,97.71,3028.2,20.9333
2014-01-27,1781.56,17.42,93.5,3014.62,20.6842
2014-01-28,1792.5,15.8,83.96,3038.6,19.9723
2014-01-29,1774.2,17.35,92.47,3011.45,21.8127
2014-01-30,1794.19,17.29,92.35,3027.3,21.1181
2014-01-31,1782.59,18.41,99.66,3013.96,21.8188
2014-02-03,1741.89,21.44,106.78,2963.96,24.0207
2014-02-04,1755.2,19.11,100.4,2962.49,23.0114
2014-02-05,1751.64,19.95,102.87,2962.51,22.6486
2014-02-06,1773.43,17.23,92.58,3010.79,20.801
2014-02-07,1797.02,15.29,83.17,3038.49,19.2347
2014-02-10,1799.84,15.26,79.89,3032.53,19.3075
2014-02-11,1819.75,14.51,78.64,3077.08,17.6719
2014-02-12,1819.26,14.3,79.56,3094.89,17.9259
2014-02-13,1829.83,14.14,78.41,3097.95,17.4978
2014-02-14,1838.63,13.57,77.49,3119.06,16.3821
2014-02-18,1840.76,13.87,75.82,3117.44,17.0973
2014-02-19,1828.75,15.5,86.23,3120.8,17.448
2014-02-20,1839.78,14.79,79.83,3121.59,17.7721
2014-02-21,1836.25,14.68,78.96,3131.67,17.3772
2014-02-24,1847.61,14.23,77.84,3157.31,16.7175
2014-02-25,1845.12,13.67,76.46,3157.48,16.2399
2014-02-26,1845.16,14.35,79.42,3148.19,16.1415
2014-02-27,1854.29,14.04,78.94,3134.94,17.1187
2014-02-28,1859.45,14.0,81.45,3149.23,16.7667
2014-03-03,1845.73,16.0,92.84,3053.99,21.8609
2014-03-04,1873.91,14.1,82.14,3136.33,18.6455
2014-03-05,1873.81,13.89,80.52,3135.97,18.7004
2014-03-06,1877.03,14.21,79.55,3144.53,17.8166
2014-03-07,1878.04,14.11,83.07,3095.31,20.473
2014-03-10,1877.17,14.2,82.35,3092.79,20.1237
2014-03-11,1867.63,14.8,85.12,3092.55,19.7688
2014-03-12,1868.2,14.47,83.45,3065.46,20.212
2014-03-13,1846.34,16.22,92.14,3019.54,22.0896
2014-03-14,1841.13,17.82,97.11,3004.64,23.2095
2014-03-17,1858.83,15.64,87.79,3049.19,21.4617
2014-03-18,1872.25,14.52,81.89,3073.75,20.1089
2014-03-19,1860.77,15.12,81.35,3076.36,19.293
2014-03-20,1872.01,14.52,77.03,3088.9,18.1292
2014-03-21,1866.52,15.0,78.64,3096.49,17.1916
2014-03-24,1857.44,15.09,77.29,3052.91,19.4248
2014-03-25,1865.62,14.02,74.77,3096.64,18.2637
2014-03-26,1852.56,14.93,76.27,3130.17,17.5869
2014-03-27,1849.04,14.62,74.71,3133.75,17.6397
2014-03-28,1857.62,14.41,74.86,3172.43,17.0324
2014-03-31,1872.34,13.88,72.2,3161.6,17.6639
2014-04-01,1885.52,13.1,67.51,3186.34,16.9064
2014-04-02,1890.9,13.09,67.33,3187.45,17.1108
2014-04-03,1888.77,13.37,67.73,3206.76,16.3742
2014-04-04,1865.09,13.96,69.53,3230.33,15.875
2014-04-07,1845.04,15.57,74.51,3185.97,17.5437
2014-04-08,1851.96,14.89,71.43,3177.66,17.6031
2014-04-09,1872.18,13.82,69.19,3182.79,16.9287
2014-04-10,1833.08,15.89,78.56,3152.86,17.2542
2014-04-11,1815.69,17.03,83.94,3116.54,18.2955
2014-04-14,1830.61,16.11,82.2,3131.57,18.4986
2014-04-15,1842.98,15.61,80.67,3091.52,19.6432
2014-04-16,1862.31,14.18,72.08,3139.26,17.3181
2014-04-17,1864.85,13.36,70.08,3155.81,16.9939
2014-04-22,1879.55,13.19,66.74,3199.69,16.8121
2014-04-23,1875.39,13.27,66.22,3175.97,17.1008
2014-04-24,1878.61,13.32,68.75,3189.81,16.9981
2014-04-25,1863.4,14.06,70.49,3147.4,18.7678
2014-04-28,1869.43,13.97,67.63,3165.84,18.4517
2014-04-29,1878.33,13.71,65.47,3208.68,17.343
2014-04-30,1883.95,13.41,64.49,3198.39,17.0713
2014-05-02,1881.14,12.91,64.54,3177.89,17.9023
2014-05-05,1884.66,13.29,64.4,3171.29,18.0644
2014-05-06,1867.72,13.8,64.93,3149.79,18.5097
2014-05-07,1878.21,13.4,62.64,3159.67,17.5579
2014-05-08,1875.63,13.43,62.16,3204.3,16.7342
2014-05-09,1878.48,12.92,61.76,3184.09,16.6668
2014-05-14,1888.53,12.17,69.03,3210.42,15.8782
2014-05-15,1870.85,13.17,71.6,3163.22,17.4465
2014-05-16,1877.86,12.44,68.72,3172.72,15.7941
2014-05-19,1885.08,12.42,67.58,3169.9,15.9315
2014-05-20,1872.83,12.96,68.77,3163.93,15.7231
2014-05-21,1888.03,11.91,66.56,3187.08,15.2901
2014-05-22,1892.49,12.03,68.06,3187.63,15.2602
2014-05-23,1900.53,11.36,66.86,3203.28,15.5997
2014-05-27,1911.91,11.51,64.95,3244.28,15.1522
2014-05-28,1909.78,11.68,67.37,3246.24,15.0184
2014-05-29,1920.03,11.57,66.93,3244.66,15.5171
2014-05-30,1923.57,11.4,67.95,3244.6,15.7845
2014-06-02,1924.97,11.58,68.76,3247.8,16.2586
2014-06-03,1924.24,11.87,68.19,3241.04,16.5208
2014-06-04,1927.88,12.08,67.67,3237.93,16.5083
2014-06-05,1940.46,11.68,65.47,3267.05,14.6235
2014-06-06,1949.44,10.73,67.08,3294.28,13.4607
2014-06-09,1951.27,11.15,70.88,3305.26,13.1403
2014-06-10,1950.79,10.99,70.5,3313.8,13.0399
2014-06-11,1943.89,11.6,74.21,3289.09,13.7325
2014-06-12,1930.11,12.56,79.97,3284.28,13.8464
2014-06-13,1936.16,12.18,79.81,3282.84,14.1513
2014-06-16,1937.78,12.65,81.5,3261.42,15.3716
2014-06-17,1941.99,12.06,78.41,3275.33,14.3399
2014-06-18,1956.98,10.61,71.76,3279.2,13.8823
2014-06-19,1959.48,10.62,73.41,3314.8,12.713
2014-06-20,1962.87,10.85,73.33,3302.36,12.7797
2014-06-23,1962.61,10.98,72.58,3282.58,13.5834
2014-06-24,1949.98,12.13,75.24,3284.81,13.1291
2014-06-25,1959.53,11.59,72.31,3252.31,14.3007
2014-06-26,1957.22,11.63,72.86,3233.19,14.7994
2014-06-27,1960.96,11.26,72.72,3227.85,15.2961
2014-06-30,1960.23,11.57,71.56,3228.24,15.269
2014-07-01,1973.32,11.15,69.28,3258.71,14.3916
2014-07-02,1974.62,10.82,68.15,3252.25,13.9595
2014-07-03,1985.44,10.32,68.35,3289.75,12.8852
2014-07-07,1977.65,11.33,71.66,3230.92,14.3276
2014-07-08,1963.71,11.98,73.21,3184.38,15.8867
2014-07-09,1972.83,11.65,76.28,3203.1,15.092
2014-07-10,1964.68,12.59,82.14,3150.59,16.6584
2014-07-11,1967.57,12.08,79.91,3157.05,16.3382
2014-07-14,1977.1,11.82,77.29,3185.86,14.9871
2014-07-15,1973.28,11.96,78.92,3153.75,15.8707
2014-07-16,1981.57,11.0,75.81,3202.94,14.8111
2014-07-17,1958.12,14.54,89.96,3157.82,17.6468
2014-07-18,1978.22,12.06,80.37,3164.21,16.5305
2014-07-21,1973.63,12.81,81.41,3137.06,17.7222
2014-07-22,1983.53,12.24,75.22,3189.22,15.6723
2014-07-23,1987.01,11.52,76.64,3193.13,15.5898
2014-07-24,1987.98,11.84,77.66,3220.07,14.8523
2014-07-25,1978.34,12.69,81.08,3174.99,16.7309
2014-07-28,1978.91,12.56,81.21,3171.55,17.0697
2014-07-29,1969.95,13.28,81.72,3190.54,16.7601
2014-07-30,1970.07,13.33,83.58,3169.23,17.4831
2014-07-31,1930.67,16.95,97.42,3115.51,19.1221
2014-08-01,1925.15,17.03,101.11,3072.57,19.8142
2014-08-04,1938.99,15.12,93.12,3070.46,19.094
2014-08-05,1920.21,16.87,98.32,3072.2,18.4436
2014-08-06,1920.24,16.37,96.38,3050.37,19.1494
2014-08-07,1909.57,16.66,97.4,3012.88,20.7973
2014-08-08,1931.59,15.77,91.84,3006.83,21.2386
2014-08-11,1936.92,14.23,87.54,3047.56,19.4288
2014-08-12,1933.75,14.13,85.98,3023.77,19.562
2014-08-13,1946.72,12.9,81.27,3056.17,18.2314
2014-08-14,1955.18,12.42,78.48,3058.16,17.2978
2014-08-15,1955.06,13.15,82.2,3033.52,20.3569
2014-08-18,1971.74,12.32,81.02,3073.45,17.0294
2014-08-19,1981.6,12.21,80.84,3091.11,16.3083
2014-08-20,1986.51,11.78,79.9,3083.5,16.7278
2014-08-21,1992.37,11.76,79.61,3124.56,16.0345
2014-08-22,1988.4,11.47,79.58,3098.5,17.2349
2014-08-25,1997.92,11.7,79.33,3165.47,16.4519
2014-08-26,2000.02,11.63,79.39,3197.54,15.8972
2014-08-27,2000.12,11.78,78.85,3194.45,16.1061
2014-08-28,1996.74,12.05,80.53,3164.44,17.2795
2014-08-29,2003.37,11.98,81.11,3172.63,17.1888
2014-09-02,2002.28,12.25,82.41,3180.29,17.835
2014-09-03,2000.72,12.36,80.77,3218.84,16.8103
2014-09-04,1997.65,12.64,79.99,3277.25,16.161
2014-09-05,2007.71,12.09,77.33,3275.25,15.4702
2014-09-08,2001.54,12.66,77.84,3267.54,15.8479
2014-09-09,1988.44,13.5,79.3,3245.43,15.878
2014-09-10,1995.69,12.88,82.12,3244.16,16.4187
2014-09-11,1997.45,12.8,83.1,3237.76,16.6097
2014-09-12,1985.54,13.31,89.25,3235.07,15.9108
2014-09-15,1984.13,14.12,91.58,3231.7,16.7209
2014-09-16,1998.98,12.73,84.52,3221.73,17.096
2014-09-17,2001.57,12.65,81.52,3237.44,16.432
2014-09-18,2011.36,12.03,77.47,3271.37,16.6266
2014-09-19,2010.4,12.11,77.7,3273.25,15.0596
2014-09-22,1994.29,13.69,87.41,3257.48,15.8303
2014-09-23,1982.77,14.93,91.9,3205.93,17.7684
2014-09-24,1998.3,13.27,86.21,3244.01,15.9504
2014-09-25,1965.99,15.64,96.72,3202.31,17.5658
2014-09-26,1982.85,14.85,90.63,3219.58,17.6012
2014-09-29,1977.8,15.98,95.02,3186.95,18.7975
2014-09-30,1972.29,16.31,92.47,3225.93,17.8514
2014-10-01,1946.16,16.71,98.12,3195.08,19.014
2014-10-02,1946.17,16.16,93.75,3106.42,21.0788
2014-10-03,1967.9,14.55,87.77,3133.37,19.695
2014-10-06,1964.82,15.46,88.73,3138.67,19.7614
2014-10-07,1935.1,17.2,99.2,3082.1,21.0076
2014-10-08,1968.89,15.11,89.08,3053.31,20.9036
2014-10-09,1928.21,18.76,102.13,3042.45,20.5162
2014-10-10,1906.13,21.24,113.38,2991.5,23.1168
2014-10-13,1874.74,24.64,131.57,2998.32,23.4966
2014-10-14,1877.7,22.79,120.61,3000.99,23.3811
2014-10-15,1862.49,26.25,129.01,2892.55,28.7576
2014-10-16,1862.76,25.2,121.94,2874.65,31.5233
2014-10-17,1886.76,21.99,118.84,2962.24,25.3527
2014-10-20,1904.01,18.57,108.83,2927.3,25.1853
2014-10-21,1941.28,16.08,104.09,2991.46,22.2422
2014-10-22,1927.11,17.87,108.82,3008.53,21.6951
2014-10-23,1950.82,16.53,102.05,3044.3,20.8792
2014-10-24,1964.58,16.11,104.38,3030.37,21.3229
2014-10-27,1961.63,16.04,100.75,2998.84,23.0205
2014-10-28,1985.05,14.39,95.89,3036.15,20.4123
2014-10-29,1982.3,15.15,99.34,3022.42,20.7403
2014-10-30,1994.65,14.52,98.52,3035.9,20.8846
2014-10-31,2018.05,14.03,94.1,3113.32,20.3172
2014-11-03,2017.81,14.73,93.19,3082.32,21.364
2014-11-04,2012.1,14.89,92.44,3034.24,22.8946
2014-11-05,2023.57,14.17,87.08,3091.54,21.9455
2014-11-06,2031.21,13.67,83.42,3102.07,20.7181
2014-11-07,2031.92,13.12,80.44,3064.92,21.1162
2014-11-10,2038.26,12.67,79.7,3094.6,19.1799
2014-11-11,2039.68,12.92,79.79,3104.59,18.2589
2014-11-12,2038.25,13.02,83.1,3047.3,20.6145
2014-11-13,2039.33,13.79,86.29,3056.8,20.0406
2014-11-14,2039.82,13.31,85.58,3059.99,19.5586
2014-11-17,2041.32,13.99,84.79,3084.79,19.416
2014-11-18,2051.8,13.86,82.6,3120.42,18.9696
2014-11-19,2048.72,13.96,81.06,3123.12,19.5753
2014-11-20,2052.75,13.58,79.14,3102.21,19.9065
2014-11-21,2063.5,12.9,79.34,3194.22,18.9133
2014-11-24,2069.41,12.62,79.25,3211.7,19.3169
2014-11-25,2067.03,12.25,77.93,3226.15,19.1485
2014-11-26,2072.83,12.07,77.04,3226.08,18.2837
2014-11-28,2067.56,13.33,79.84,3250.93,18.0253
2014-12-01,2053.44,14.29,86.84,3232.91,19.3406
2014-12-02,2066.55,12.85,83.47,3238.35,19.1189
2014-12-03,2074.33,12.47,86.45,3247.72,18.7911
2014-12-04,2071.92,12.38,85.17,3191.25,18.1098
2014-12-05,2075.37,11.82,85.41,3277.38,16.3307
2014-12-08,2060.31,14.21,94.45,3247.99,16.6347
2014-12-09,2059.82,14.89,97.13,3162.77,21.4418
2014-12-10,2026.14,18.53,117.32,3150.95,21.7342
2014-12-11,2035.33,20.08,132.4,3159.11,20.8103
2014-12-12,2002.33,21.08,138.6,3067.32,26.4981
2014-12-15,1989.63,20.42,128.22,2982.9,29.5265
2014-12-16,1972.74,23.57,132.94,3049.99,25.6614
2014-12-17,2012.89,19.44,114.37,3051.99,27.228
2014-12-18,2061.23,16.81,107.24,3153.77,22.5806
2014-12-19,2070.65,16.49,99.17,3141.28,23.6176
2014-12-22,2078.54,15.25,99.69,3154.91,22.9656
2014-12-23,2082.17,14.8,94.73,3192.47,22.0804
2014-12-29,2090.57,15.06,94.86,3185.17,24.9354
2014-12-30,2080.35,15.92,97.84,3135.95,26.1876
2015-01-02,2058.2,17.79,112.55,3139.44,26.2531
2015-01-05,2020.58,19.92,121.87,3023.14,29.6236
2015-01-06,2002.61,21.12,118.45,3007.91,28.8317
2015-01-07,2025.9,19.31,107.69,3026.79,28.1715
2015-01-08,2062.14,17.01,98.44,3135.08,25.9087
2015-01-09,2044.81,17.55,103.77,3042.9,28.7787
2015-01-12,2028.26,19.6,109.04,3084.18,29.7249
2015-01-13,2023.03,20.56,109.22,3133.86,28.5404
2015-01-14,2011.27,21.48,113.5,3089.67,29.4845
2015-01-15,1992.67,22.39,117.07,3157.36,29.026
2015-01-16,2019.42,20.95,111.32,3202.24,29.3287
2015-01-20,2022.55,19.89,108.4,3244.92,27.0724
2015-01-21,2032.12,18.85,98.62,3269.73,26.0176
2015-01-22,2063.15,16.4,93.25,3322.65,22.9441
2015-01-23,2051.82,16.66,96.33,3382.55,23.1125
2015-01-26,2057.09,15.52,91.94,3414.28,21.3426
2015-01-27,2029.55,17.22,96.11,3372.58,22.4298
2015-01-28,2002.16,20.44,108.68,3358.96,21.8259
2015-01-29,2021.25,18.76,100.7,3371.83,23.3237
2015-01-30,1994.99,20.97,108.99,3351.44,24.731
2015-02-02,2020.85,19.43,106.74,3370.11,24.3214
2015-02-03,2050.03,17.33,101.03,3414.18,22.7637
2015-02-04,2041.51,18.33,103.74,3415.53,22.2736
2015-02-05,2062.52,16.85,98.56,3408.96,22.2611
2015-02-06,2055.47,17.29,101.69,3398.16,21.8332
2015-02-09,2046.74,18.55,104.19,3347.75,25.3712
2015-02-10,2068.59,17.23,97.33,3383.13,25.1067
2015-02-11,2068.53,16.96,98.73,3374.14,25.721
2015-02-12,2088.48,15.34,93.24,3417.61,24.3635
2015-02-13,2096.99,14.69,92.74,3447.59,24.1849
2015-02-17,2100.34,15.8,92.95,3438.44,24.9047
2015-02-18,2099.68,15.45,89.38,3465.8,23.3392
2015-02-19,2097.45,15.29,87.6,3488.08,23.2086
2015-02-20,2110.3,14.3,85.78,3490.53,24.2039
2015-02-23,2109.66,14.56,86.13,3519.58,20.625
2015-02-24,2115.48,13.69,82.65,3547.1,18.398
2015-02-25,2113.86,13.84,86.57,3541.78,17.8235
2015-02-26,2110.74,13.91,86.93,3574.94,17.3519
2015-02-27,2104.5,13.34,85.23,3599.0,17.7528
2015-03-02,2117.39,13.04,81.84,3591.09,17.7992
2015-03-03,2107.78,13.86,85.05,3549.11,19.5843
2015-03-04,2098.53,14.23,84.1,3583.44,18.9188
2015-03-05,2101.04,14.04,81.26,3618.21,18.1841
2015-03-06,2071.26,15.2,86.88,3617.62,18.4149
2015-03-09,2079.43,15.06,85.55,3610.28,18.8112
2015-03-10,2044.16,16.69,91.89,3567.25,20.4652
2015-03-11,2040.24,16.87,97.28,3649.54,19.4698
2015-03-12,2065.95,15.42,89.48,3641.32,18.967
2015-03-13,2053.4,16.0,93.12,3656.21,18.8262
2015-03-16,2081.19,15.61,90.54,3706.75,19.3889
2015-03-17,2074.28,15.66,88.25,3672.16,20.2476
2015-03-18,2099.5,13.97,81.22,3668.52,19.6938
2015-03-19,2089.27,14.07,81.61,3670.73,18.9138
2015-03-20,2108.1,13.02,80.49,3726.07,17.4772
2015-03-23,2104.42,13.41,79.98,3699.04,19.8323
2015-03-24,2091.5,13.62,80.04,3731.35,17.6675
2015-03-25,2061.05,15.44,83.52,3684.04,19.158
2015-03-26,2056.15,15.8,87.03,3669.79,19.6535
2015-03-27,2061.02,15.07,86.5,3679.03,20.4715
2015-03-30,2086.24,14.51,82.16,3727.8,19.7608
2015-03-31,2067.89,15.29,84.01,3697.38,21.1004
2015-04-01,2059.69,15.11,82.82,3714.89,20.9691
2015-04-02,2066.96,14.67,80.21,3715.27,20.7203
2015-04-07,2076.33,14.78,79.7,3768.72,20.0561
2015-04-08,2081.9,13.98,84.76,3742.63,19.4281
2015-04-09,2091.18,13.09,80.71,3781.79,18.3136
2015-04-10,2102.06,12.58,78.91,3816.76,17.5116
2015-04-13,2092.43,13.94,83.8,3828.78,17.8638
2015-04-14,2095.84,13.67,81.91,3784.53,18.8576
2015-04-15,2106.63,12.84,79.83,3803.55,18.2074
2015-04-16,2104.99,12.6,79.78,3751.72,20.1086
2015-04-17,2081.18,13.89,85.97,3674.05,25.0553
2015-04-20,2100.4,13.3,81.48,3718.04,22.3
2015-04-21,2097.29,13.25,81.29,3719.38,22.3991
2015-04-22,2107.96,12.71,79.7,3724.49,22.3273
2015-04-23,2112.93,12.48,78.17,3697.88,22.5723
2015-04-24,2117.69,12.29,76.43,3713.96,21.92
2015-04-27,2108.92,13.12,81.22,3771.45,20.8863
2015-04-28,2114.76,12.41,77.68,3715.42,22.1195
2015-04-29,2106.85,13.39,82.27,3617.11,24.0466
2015-04-30,2085.51,14.55,87.08,3615.59,24.2128
2015-05-04,2114.49,12.85,78.56,3632.94,23.4264
2015-05-05,2089.46,14.31,84.45,3546.56,25.2236
2015-05-06,2080.15,15.15,90.8,3558.03,24.7232
2015-05-07,2088.0,15.13,89.21,3556.21,23.7527
2015-05-08,2116.1,12.86,79.44,3649.48,21.1296
2015-05-11,2105.33,13.85,83.11,3624.41,21.8358
2015-05-12,2099.12,13.86,84.64,3573.1,23.2326
2015-05-13,2098.48,13.76,84.45,3553.42,23.0546
2015-05-14,2121.1,12.74,82.34,3602.22,21.7425
2015-05-15,2122.73,12.38,80.93,3573.07,21.5088
2015-05-18,2129.2,12.73,82.06,3589.22,21.0066
2015-05-19,2127.83,12.85,77.53,3670.52,20.0541
2015-05-20,2125.85,12.88,77.03,3683.48,19.5695
2015-05-21,2130.82,12.11,73.18,3688.72,19.5296
2015-05-22,2126.06,12.13,75.98,3679.14,19.6309
2015-05-26,2104.2,14.06,81.94,3619.3,22.5012
2015-05-27,2123.48,13.27,77.79,3682.87,20.8183
2015-05-28,2120.79,13.31,77.35,3650.71,22.0181
2015-05-29,2107.39,13.84,79.07,3570.78,23.5386
2015-06-01,2111.73,13.97,78.89,3575.04,24.5648
2015-06-02,2109.6,14.24,80.61,3561.89,24.5107
2015-06-03,2114.07,13.66,79.27,3583.82,24.0513
2015-06-04,2095.84,14.71,87.99,3556.38,24.4495
2015-06-05,2092.83,14.21,84.1,3510.01,25.2745
2015-06-08,2079.28,15.29,86.5,3468.31,25.604
2015-06-09,2080.15,14.47,84.34,3456.79,24.9865
2015-06-10,2105.2,13.22,81.6,3526.48,23.8291
2015-06-11,2108.86,12.85,79.53,3551.91,23.6341
2015-06-12,2094.11,13.78,85.55,3502.77,25.2594
2015-06-15,2084.43,15.39,96.12,3438.07,27.8467
2015-06-16,2096.29,14.81,95.96,3454.09,28.7447
2015-06-17,2100.44,14.5,93.19,3428.76,28.2724
2015-06-18,2121.24,13.19,89.2,3450.45,28.4283
2015-06-19,2109.99,13.96,92.16,3455.8,28.6184
2015-06-22,2122.85,12.74,83.87,3596.07,23.5436
2015-06-23,2124.2,12.11,78.85,3625.97,23.5179
2015-06-24,2108.58,13.26,82.53,3610.95,24.9348
2015-06-25,2102.31,14.01,83.51,3610.91,25.6433
2015-06-26,2101.49,14.02,83.09,3621.37,26.7172
2015-06-29,2057.64,18.85,117.0,3468.9,30.6468
2015-06-30,2063.11,18.23,110.17,3424.3,32.3071
2015-07-01,2077.42,16.09,97.6,3496.28,30.285
2015-07-02,2076.78,16.79,105.14,3463.25,31.6721
2015-07-06,2068.76,17.01,105.97,3365.2,29.9819
2015-07-07,2081.34,16.09,99.35,3294.19,30.9878
2015-07-08,2046.68,19.66,111.67,3327.5,31.6348
2015-07-09,2051.31,19.97,115.36,3420.03,30.7656
2015-07-10,2076.62,16.83,101.19,3528.81,27.8763
2015-07-13,2099.6,13.9,85.95,3590.43,23.2482
2015-07-14,2108.95,13.37,87.35,3607.19,21.5485
2015-07-15,2107.4,13.23,90.81,3623.87,21.0969
2015-07-16,2124.29,12.11,87.12,3676.41,19.018
2015-07-17,2126.64,11.95,85.32,3670.34,18.9656
2015-07-20,2128.28,12.25,84.38,3686.58,18.1165
2015-07-21,2119.21,12.22,82.56,3647.96,17.9144
2015-07-22,2114.15,12.12,78.89,3635.58,18.16
2015-07-23,2102.15,12.64,81.64,3634.64,17.4317
2015-07-24,2079.65,13.74,88.36,3600.0,19.0408
2015-07-27,2067.64,15.6,97.32,3513.1,21.9151
2015-07-28,2093.25,13.44,84.77,3554.11,20.8092
2015-07-29,2108.57,12.5,82.94,3575.53,20.0336
2015-07-30,2108.63,12.13,80.65,3583.79,20.2348
2015-07-31,2103.84,12.12,81.77,3600.69,19.2878
2015-08-03,2098.04,12.56,79.43,3635.4,18.5935
2015-08-04,2093.32,13.0,80.82,3619.31,18.2536
2015-08-05,2099.84,12.51,80.1,3676.75,17.5482
2015-08-06,2083.56,13.77,84.36,3668.47,18.2603
2015-08-07,2077.57,13.39,82.57,3637.8,18.7066
2015-08-10,2104.18,12.23,80.21,3674.94,18.3067
2015-08-11,2084.07,13.71,85.22,3605.28,20.4012
2015-08-12,2086.05,13.61,88.13,3484.41,24.4678
2015-08-13,2083.39,13.49,88.36,3516.15,23.2434
2015-08-14,2091.54,12.83,89.38,3491.03,22.8364
2015-08-17,2102.44,13.02,87.35,3497.9,22.3811
2015-08-18,2096.92,13.79,88.84,3495.38,22.5001
2015-08-19,2079.61,15.25,91.84,3429.84,23.7117
2015-08-20,2035.73,19.14,108.75,3353.48,25.4949
2015-08-21,1970.89,28.03,138.57,3247.26,30.2101
2015-08-24,1893.21,40.74,168.75,3073.39,40.803
2015-08-25,1867.61,36.02,152.42,3218.01,33.6485
2015-08-26,1940.51,30.32,134.31,3170.73,35.2896
2015-08-27,1987.66,26.1,128.59,3280.78,30.5602
2015-08-28,1988.87,26.05,127.18,3286.59,31.0337
2015-08-31,1972.18,28.43,127.28,3269.63,31.0718
2015-09-01,1913.85,31.4,128.94,3188.73,34.264
2015-09-02,1948.86,26.09,114.43,3198.86,33.7021
2015-09-03,1951.13,25.61,118.16,3270.09,29.8773
2015-09-04,1921.22,27.8,123.15,3180.25,34.8152
2015-09-08,1969.41,24.9,117.62,3233.84,32.2298
2015-09-09,1942.04,26.23,131.3,3269.98,30.4496
2015-09-10,1952.29,24.37,127.06,3221.14,32.0034
2015-09-11,1961.05,23.2,119.09,3187.94,31.6478
2015-09-14,1953.03,24.25,118.01,3175.62,31.355
2015-09-15,1978.09,22.54,109.34,3207.6,29.9496
2015-09-16,1995.31,21.35,107.02,3251.79,27.9163
2015-09-17,1990.2,21.14,118.09,3255.79,27.0649
2015-09-18,1958.03,22.28,116.26,3157.3,28.4011
2015-09-21,1966.97,20.14,103.4,3184.72,27.0169
2015-09-22,1942.74,22.44,111.36,3076.05,32.1618
2015-09-23,1938.76,22.13,105.86,3079.99,31.0561
2015-09-24,1932.24,23.47,110.12,3019.34,33.4567
2015-09-25,1931.34,23.62,110.54,3113.16,30.5182
2015-09-28,1881.77,27.63,115.31,3039.44,33.0825
2015-09-29,1884.09,26.83,110.99,3029.86,33.7366
2015-09-30,1920.03,24.5,103.28,3100.67,32.0459
2015-10-01,1923.82,22.55,98.27,3069.05,31.7174
2015-10-02,1951.36,20.94,95.07,3088.18,30.9395
2015-10-05,1987.05,19.54,92.29,3190.39,28.6187
2015-10-06,1979.92,19.4,92.46,3220.09,26.257
2015-10-07,1995.83,18.4,89.43,3226.4,26.3912
2015-10-08,2013.43,17.42,88.42,3224.96,24.5243
2015-10-09,2014.89,17.08,89.08,3250.31,23.4173
2015-10-12,2017.46,16.17,88.27,3247.33,23.1872
2015-10-13,2003.69,17.67,98.35,3221.28,24.0398
2015-10-14,1994.24,18.03,102.29,3191.57,25.158
2015-10-15,2023.86,16.05,96.61,3238.81,24.1188
2015-10-16,2033.11,15.05,97.58,3264.93,22.7408
2015-10-19,2033.66,14.98,94.38,3272.04,22.4522
2015-10-20,2030.77,15.75,97.11,3255.72,21.7156
2015-10-21,2018.94,16.7,106.02,3272.23,21.8297
2015-10-22,2052.51,14.45,97.07,3353.11,19.9722
2015-10-23,2075.15,14.46,97.21,3425.81,19.8009
2015-10-26,2071.18,15.29,98.1,3414.6,20.6403
2015-10-27,2065.89,15.43,95.21,3381.01,20.6863
2015-10-28,2090.35,14.33,88.28,3421.09,20.7149
2015-10-29,2089.41,14.61,88.6,3413.39,21.0418
2015-10-30,2079.36,15.07,90.27,3418.23,20.3569
2015-11-02,2104.05,14.15,86.75,3434.5,20.7672
2015-11-03,2109.79,14.54,87.34,3442.68,20.0632
2015-11-04,2102.31,15.51,89.46,3439.16,20.7464
2015-11-05,2099.93,15.05,87.68,3447.49,20.9361
2015-11-06,2099.2,14.33,85.03,3468.21,20.4363
2015-11-09,2078.58,16.52,92.97,3418.36,21.984
2015-11-10,2081.72,15.29,86.96,3425.4,22.3923
2015-11-11,2075.0,16.06,91.25,3448.42,21.839
2015-11-12,2045.97,18.37,98.19,3387.7,23.4483
2015-11-13,2023.04,20.08,106.06,3360.65,24.9526
2015-11-16,2053.19,18.16,96.71,3362.23,25.8488
2015-11-17,2050.44,18.84,100.37,3451.94,23.6199
2015-11-18,2083.58,16.85,93.47,3431.92,24.748
2015-11-19,2081.24,16.99,96.18,3448.93,23.4423
2015-11-20,2089.17,15.47,90.79,3452.45,22.6528
2015-11-23,2086.59,15.62,88.55,3445.26,22.9841
2015-11-24,2089.14,15.93,89.64,3409.6,24.8133
2015-11-25,2088.87,15.19,86.14,3462.06,23.9372
2015-11-27,2090.11,15.12,88.35,3488.99,23.0669
2015-11-30,2080.41,16.13,90.84,3506.45,23.6503
2015-12-01,2102.63,14.67,87.32,3479.64,23.6051
2015-12-02,2079.51,15.91,92.94,3468.66,22.8176
2015-12-03,2049.62,18.11,101.8,3343.34,22.6526
2015-12-04,2091.69,14.81,89.19,3330.75,22.6816
2015-12-07,2077.07,15.84,94.3,3360.21,22.0447
2015-12-08,2063.59,17.6,99.16,3297.46,23.5733
2015-12-09,2047.62,19.61,113.83,3277.21,24.2947
2015-12-10,2052.23,19.34,113.8,3269.97,24.5343
2015-12-11,2012.37,24.39,131.09,3203.21,26.5766
2015-12-14,2021.94,22.73,122.22,3139.24,30.411
2015-12-15,2043.41,20.95,114.37,3241.51,27.4591
2015-12-16,2073.07,17.86,108.93,3246.78,25.4362
2015-12-17,2041.89,18.94,113.52,3306.47,22.5761
2015-12-18,2005.55,20.7,118.32,3260.72,23.8989
2015-12-21,2021.15,18.7,109.44,3213.01,23.8836
2015-12-22,2038.97,16.6,100.91,3214.32,22.5361
2015-12-23,2064.29,15.57,99.61,3286.68,20.2504
2015-12-28,2056.5,16.91,99.24,3256.49,22.4544
2015-12-29,2078.36,16.08,95.13,3314.28,21.6067
2015-12-30,2063.36,17.29,100.82,3287.98,22.1745
2016-01-04,2012.66,20.7,107.69,3164.76,26.998
2016-01-05,2016.71,19.34,101.84,3178.01,26.2087
2016-01-06,1990.26,20.59,103.06,3139.32,26.309
2016-01-07,1943.09,24.99,116.55,3084.68,29.7899
2016-01-08,1922.03,27.01,116.46,3033.47,30.4005
2016-01-11,1923.67,24.3,109.63,3027.49,30.2182
2016-01-12,1938.68,22.47,104.52,3064.66,28.5388
2016-01-13,1890.28,25.22,117.14,3073.02,28.1348
2016-01-14,1921.84,23.95,110.07,3024.0,29.939
2016-01-15,1880.33,27.02,116.41,2952.48,34.5856
2016-01-19,1881.33,26.05,113.76,2980.49,30.7571
2016-01-20,1859.33,27.59,112.88,2882.59,35.1133
2016-01-21,1868.99,26.69,108.38,2943.92,31.7894
2016-01-22,1906.9,22.34,98.92,3023.21,28.3356
2016-01-25,1877.08,24.15,102.88,3001.78,28.4443
2016-01-26,1903.63,22.5,98.4,3032.84,28.1187
2016-01-27,1882.95,23.11,100.04,3043.47,27.7832
2016-01-28,1893.36,22.42,96.56,2979.42,29.8315
2016-01-29,1940.24,20.2,89.95,3045.09,27.389
2016-02-01,1939.38,19.98,89.65,3021.01,27.3303
2016-02-02,1903.03,21.98,97.6,2951.85,29.1542
2016-02-03,1912.53,21.65,97.32,2896.63,30.7369
2016-02-04,1915.45,21.84,95.22,2905.3,29.6423
2016-02-05,1880.05,23.38,100.55,2879.39,30.0529
2016-02-08,1853.44,26.0,104.53,2785.17,33.3917
2016-02-09,1852.21,26.54,103.06,2736.5,33.9664
2016-02-10,1851.86,26.29,106.19,2789.05,33.4528
2016-02-11,1829.08,28.14,107.21,2680.35,38.3051
2016-02-12,1864.78,25.4,103.25,2756.16,35.6846
2016-02-16,1895.58,24.11,94.2,2821.26,33.5213
2016-02-17,1926.82,22.31,88.96,2897.72,30.4983
2016-02-18,1917.83,21.64,87.53,2895.15,30.9172
2016-02-19,1917.78,20.53,86.25,2871.05,31.2656
2016-02-22,1945.5,19.38,86.19,2933.91,29.9498
2016-02-23,1921.27,20.98,89.67,2887.38,30.5366
2016-02-24,1929.8,20.72,86.74,2820.24,33.1178
2016-02-25,1951.7,19.11,83.51,2877.42,31.0305
2016-02-26,1948.05,19.81,83.72,2929.16,29.2756
2016-02-29,1932.23,20.55,85.06,2945.75,29.7298
2016-03-01,1978.35,17.7,79.45,2996.39,28.5424
2016-03-02,1986.45,17.09,78.84,3022.14,27.1243
2016-03-03,1993.4,16.7,79.41,3012.87,26.5186
2016-03-04,1999.99,16.86,81.97,3037.35,24.5116
2016-03-07,2001.76,17.35,82.3,3021.09,26.2052
2016-03-08,1979.26,18.67,87.46,3002.01,27.8475
2016-03-09,1989.26,18.34,92.86,3016.18,28.0607
2016-03-10,1989.57,18.05,94.77,2970.78,28.1781
2016-03-11,2022.19,16.5,92.35,3073.8,24.1107
2016-03-14,2019.64,16.92,89.74,3091.98,22.9607
2016-03-15,2015.93,16.84,90.34,3067.21,23.2425
2016-03-16,2027.22,14.99,84.37,3062.05,23.0994
2016-03-17,2040.59,14.44,84.71,3043.1,22.7536
2016-03-18,2049.58,14.02,86.2,3059.77,20.6567
2016-03-21,2051.6,13.79,87.78,3048.77,21.8265
2016-03-22,2049.8,14.17,85.04,3051.23,22.0365
2016-03-23,2036.71,14.94,86.06,3042.42,22.0971
2016-03-24,2035.94,14.74,84.2,2986.73,24.6287
2016-03-29,2055.01,13.82,81.39,3004.87,24.9043
2016-03-30,2063.95,13.56,80.33,3044.1,22.6443
2016-03-31,2059.74,13.95,82.94,3004.93,23.4487
2016-04-01,2072.78,13.1,81.57,2953.28,25.1088
2016-04-04,2066.13,14.12,84.43,2962.28,24.509
2016-04-05,2045.17,15.42,89.11,2890.35,26.623
2016-04-06,2066.66,14.09,85.59,2909.36,25.1686
2016-04-07,2041.91,16.16,92.74,2871.57,26.1571
2016-04-08,2047.6,15.36,89.73,2911.98,24.8054
2016-04-11,2041.99,16.26,92.81,2924.23,24.8863
2016-04-12,2061.72,14.85,89.78,2942.09,24.0775
2016-04-13,2082.42,13.84,87.89,3039.19,22.3118
2016-04-14,2082.78,13.72,87.92,3060.86,20.6302
2016-04-15,2080.73,13.62,90.27,3054.34,20.5487
2016-04-18,2094.34,13.35,86.57,3064.03,21.2846
2016-04-19,2100.8,13.24,86.98,3112.99,20.3617
2016-04-20,2102.4,13.28,87.97,3142.52,19.8831
2016-04-21,2091.48,13.95,87.07,3151.69,20.3114
2016-04-22,2091.58,13.22,84.1,3141.12,20.6022
2016-04-25,2087.79,14.08,85.77,3117.62,21.8388
2016-04-26,2091.7,13.96,84.51,3121.29,21.2816
2016-04-27,2095.15,13.77,83.1,3130.43,21.2843
2016-04-28,2075.81,15.22,87.36,3125.43,20.8538
2016-04-29,2065.3,15.7,91.68,3028.21,24.033
2016-05-02,2081.43,14.68,89.49,3032.6,25.1167
2016-05-03,2063.37,15.6,91.66,2974.2,26.4095
2016-05-04,2051.12,16.05,91.86,2938.75,27.0373
2016-05-05,2050.63,15.91,91.58,2940.35,25.9343
2016-05-06,2057.14,14.72,88.86,2936.84,25.1235
2016-05-09,2058.69,14.57,86.42,2955.83,24.956
2016-05-10,2084.39,13.63,85.92,2978.97,23.891
2016-05-11,2064.46,14.69,91.53,2956.71,23.8595
2016-05-12,2064.11,14.41,91.25,2935.46,24.4471
2016-05-13,2046.61,15.04,94.0,2956.63,23.5957
2016-05-16,2066.66,14.68,90.61,2951.39,24.2125
2016-05-17,2047.21,15.57,91.76,2938.09,24.474
2016-05-18,2047.63,15.95,89.99,2956.43,23.2967
2016-05-19,2040.04,16.33,90.46,2919.22,24.3817
2016-05-20,2052.32,15.2,85.46,2962.16,22.6043
2016-05-23,2048.04,15.82,84.12,2932.93,23.2929
2016-05-24,2076.06,14.42,79.48,3010.12,21.7857
2016-05-25,2090.54,13.9,78.54,3061.6,21.0604
2016-05-26,2090.1,13.43,77.48,3071.21,20.819
2016-05-27,2099.06,13.12,76.17,3078.48,20.4629
2016-05-31,2096.96,14.19,79.43,3063.48,22.1149
2016-06-01,2099.33,14.2,78.93,3038.77,23.9317
2016-06-02,2105.26,13.63,79.54,3033.86,23.1068
2016-06-03,2099.13,13.47,79.08,2997.55,23.5541
2016-06-06,2109.41,13.65,80.71,3001.9,24.0527
2016-06-07,2112.13,14.05,82.3,3040.69,23.3496
2016-06-08,2119.12,14.08,86.61,3019.76,24.3166
2016-06-09,2115.48,14.64,89.98,2989.03,25.8413
2016-06-10,2096.07,17.03,103.78,2911.11,30.2251
2016-06-13,2079.06,20.97,124.56,2853.52,34.3644
2016-06-14,2075.32,20.5,116.44,2797.18,38.3353
2016-06-15,2071.5,20.14,114.23,2830.3,37.6871
2016-06-16,2077.99,19.37,115.47,2819.3,39.8975
2016-06-17,2071.22,19.41,115.72,2849.17,38.0273
2016-06-20,2083.25,18.37,112.4,2942.88,34.2207
2016-06-21,2088.9,18.48,113.46,2967.34,34.4684
2016-06-22,2085.45,21.17,122.94,2978.31,36.0375
2016-06-23,2113.32,17.25,104.71,3037.86,32.0555
2016-06-24,2037.41,25.76,125.13,2776.09,35.4279
2016-06-27,2000.54,23.85,115.6,2697.44,34.9988
2016-06-28,2036.09,18.75,108.0,2758.67,31.0147
2016-06-29,2070.77,16.64,98.6,2832.18,28.553
2016-06-30,2098.86,15.63,94.23,2864.74,26.0765
2016-07-01,2102.95,14.77,91.7,2883.06,25.0196
2016-07-05,2088.55,15.58,91.85,2812.88,26.7055
2016-07-06,2099.73,14.96,89.24,2761.37,28.2579
2016-07-07,2097.9,14.76,89.5,2780.1,26.545
2016-07-08,2129.9,13.2,84.72,2838.01,24.6151
2016-07-11,2137.16,13.54,84.78,2885.32,23.5704
2016-07-12,2152.14,13.55,84.98,2933.44,22.3198
2016-07-13,2152.43,13.04,84.18,2926.14,23.0918
2016-07-14,2163.75,12.82,86.03,2963.07,21.8141
2016-07-15,2161.74,12.67,89.04,2958.65,20.92
2016-07-18,2166.89,12.44,87.2,2949.17,20.8355
2016-07-19,2163.78,11.97,89.03,2931.1,21.0119
2016-07-20,2173.02,11.77,87.09,2966.95,20.345
2016-07-21,2165.17,12.74,92.84,2968.49,19.4501
2016-07-22,2175.03,12.02,89.51,2972.23,19.1159
2016-07-25,2168.48,12.87,91.95,2973.22,19.918
2016-07-26,2169.18,13.05,91.44,2978.9,20.1355
2016-07-27,2166.58,12.83,91.23,2999.48,20.5334
2016-07-28,2170.06,12.72,89.81,2966.1,20.9929
2016-07-29,2173.6,11.87,90.84,2990.76,20.2451
2016-08-01,2170.84,12.44,90.68,2967.31,20.3298
2016-08-02,2157.03,13.37,93.89,2906.98,23.1234
2016-08-03,2163.79,12.86,88.59,2911.06,22.9514
2016-08-04,2164.25,12.42,88.14,2932.34,21.4128
2016-08-05,2182.87,11.39,85.23,2973.71,19.3019
2016-08-08,2180.89,11.5,84.5,2982.92,18.9378
2016-08-09,2181.74,11.66,86.65,3029.18,18.2898
2016-08-10,2175.49,12.05,89.4,3018.46,19.1902
2016-08-11,2185.79,11.68,97.36,3049.03,18.3588
2016-08-12,2184.05,11.55,94.49,3044.94,17.8981
2016-08-15,2190.15,11.81,91.67,3046.65,18.8343
2016-08-16,2178.15,12.64,91.86,3016.19,20.0679
2016-08-17,2182.22,12.19,84.84,2980.54,21.1903
2016-08-18,2187.02,11.43,82.83,2995.3,20.3198
2016-08-19,2183.87,11.34,82.44,2968.2,21.1313
2016-08-22,2182.64,12.27,83.13,2960.37,21.6649
2016-08-23,2186.9,12.38,83.45,2993.73,20.2231
2016-08-24,2175.44,13.45,85.37,3008.59,19.8311
2016-08-25,2172.47,13.63,85.43,2987.69,20.4096
2016-08-26,2169.04,13.65,88.62,3010.36,19.4893
2016-08-29,2180.38,12.94,85.83,2998.5,20.1851
2016-08-30,2176.12,13.12,84.44,3030.75,19.3723
2016-08-31,2170.95,13.42,84.87,3023.13,19.4166
2016-09-01,2170.86,13.48,84.9,3017.49,20.0636
2016-09-02,2179.98,11.98,81.35,3079.74,18.2963
2016-09-06,2186.48,12.02,82.14,3070.16,19.0847
2016-09-07,2186.16,11.94,83.08,3091.66,18.5743
2016-09-08,2181.3,12.51,85.57,3083.54,17.8149
2016-09-09,2127.81,17.5,110.02,3053.2,19.2991
2016-09-12,2159.04,15.16,99.53,3012.88,21.8999
2016-09-13,2127.02,17.85,110.02,2974.8,22.7814
2016-09-14,2125.77,18.14,113.15,2964.9,22.2142
2016-09-15,2147.26,16.3,109.27,2973.77,20.5507
2016-09-16,2139.16,15.37,102.59,2935.25,21.3052
2016-09-19,2139.12,15.53,101.58,2968.31,20.3183
2016-09-20,2139.76,15.92,101.98,2964.86,20.6992
2016-09-21,2163.12,13.3,92.59,2982.18,20.0923
2016-09-22,2177.18,12.02,89.22,3051.69,17.2703
2016-09-23,2164.69,12.29,90.4,3032.31,16.8292
2016-09-26,2146.1,14.5,96.24,2975.88,20.2181
2016-09-27,2159.93,13.1,88.94,2970.84,20.6567
2016-09-28,2171.37,12.39,87.55,2991.11,19.6948
2016-09-29,2151.13,14.02,93.78,2991.58,19.9598
2016-09-30,2168.27,13.29,91.42,3002.24,19.7693
2016-10-03,2161.2,13.57,91.51,2998.5,20.3951
2016-10-04,2150.49,13.63,89.94,3029.5,19.2097
2016-10-05,2159.73,12.99,89.88,3026.28,19.4441
2016-10-06,2160.77,12.84,89.86,3021.58,19.1722
2016-10-07,2153.74,13.48,90.86,3000.57,20.0387
2016-10-10,2163.66,13.38,90.66,3035.76,19.2601
2016-10-11,2136.73,15.36,95.43,3020.69,19.8788
2016-10-12,2139.18,15.91,102.02,3008.03,20.1318
2016-10-13,2132.55,16.69,103.4,2975.04,20.9273
2016-10-14,2132.98,16.12,101.01,3025.19,19.4618
2016-10-17,2126.5,16.21,99.34,3008.72,20.6231
2016-10-18,2139.6,15.28,96.87,3046.99,19.069
2016-10-19,2144.29,14.41,93.9,3055.94,18.0718
2016-10-20,2141.34,13.75,89.72,3076.63,17.2172
2016-10-21,2141.16,13.34,87.34,3077.65,16.599
2016-10-24,2151.33,13.02,85.81,3093.86,17.7055
2016-10-25,2143.16,13.46,86.23,3087.41,18.2257
2016-10-26,2139.43,14.24,86.9,3080.98,18.674
2016-10-27,2133.04,15.36,91.21,3085.17,18.7315
2016-10-28,2126.41,16.19,99.44,3079.24,19.2694
2016-10-31,2126.15,17.06,102.82,3055.25,21.4449
2016-11-01,2111.72,18.56,108.26,3023.15,23.4631
2016-11-02,2097.94,19.32,112.39,2980.17,23.6546
2016-11-03,2088.66,22.08,120.24,2973.49,24.6804
2016-11-04,2085.18,22.51,120.23,2954.53,25.2078
2016-11-07,2131.52,18.71,107.84,3009.28,24.6196
2016-11-08,2139.56,18.74,108.67,3023.43,24.9341
2016-11-09,2163.26,14.38,96.14,3056.29,21.1011
2016-11-10,2167.48,14.74,102.67,3046.59,21.0959
2016-11-11,2164.45,14.17,97.22,3030.02,21.9585
2016-11-14,2164.2,14.48,98.22,3039.8,22.1941
2016-11-15,2180.39,13.37,91.77,3049.72,20.6381
2016-11-16,2176.94,13.72,92.45,3026.36,21.1147
2016-11-17,2187.12,13.35,87.58,3041.79,19.9481
2016-11-18,2181.9,12.85,86.4,3020.83,20.3697
2016-11-21,2198.18,12.42,80.75,3032.97,20.5539
2016-11-22,2202.94,12.41,83.4,3044.33,20.2468
2016-11-23,2204.72,12.43,82.45,3032.14,20.1928
2016-11-25,2213.35,12.34,82.65,3048.38,20.4086
2016-11-28,2201.72,13.15,86.17,3016.8,22.533
2016-11-29,2204.66,12.9,86.28,3038.42,21.7987
2016-11-30,2198.81,13.33,88.99,3051.61,21.4372
2016-12-01,2191.08,14.07,97.79,3030.98,22.6014
2016-12-02,2191.95,14.12,98.07,3015.13,22.6159
2016-12-05,2204.71,12.14,88.88,3052.75,18.9556
2016-12-06,2212.23,11.79,88.12,3100.76,17.6341
2016-12-07,2241.35,12.22,89.11,3142.24,17.1436
2016-12-08,2246.19,12.64,91.27,3185.79,16.1593
2016-12-09,2259.53,11.75,89.4,3197.54,16.6203
2016-12-12,2256.96,12.64,91.87,3199.11,16.9318
2016-12-13,2271.72,12.72,93.32,3236.71,16.8704
2016-12-14,2253.28,13.19,96.82,3211.71,17.1147
2016-12-15,2262.03,12.79,93.08,3249.74,15.8633
2016-12-16,2258.07,12.2,93.79,3259.24,15.098
2016-12-19,2262.53,11.71,90.51,3257.85,15.1177
2016-12-20,2270.76,11.45,88.26,3279.41,14.8754
2016-12-21,2265.18,11.27,87.97,3270.75,14.7373
2016-12-22,2260.96,11.43,89.72,3269.51,14.8767
2016-12-23,2263.79,11.44,87.64,3273.97,15.0936
2016-12-27,2268.88,11.99,86.37,3278.53,16.718
2016-12-28,2249.92,12.95,89.17,3278.72,17.0648
2016-12-29,2249.26,13.37,88.87,3271.76,17.771
2016-12-30,2238.83,14.04,91.6,3290.52,18.123
2017-01-03,2257.83,12.85,85.37,3315.02,17.3519
2017-01-04,2270.75,11.85,82.27,3317.52,16.4641
2017-01-05,2269.0,11.67,81.33,3316.47,15.9801
2017-01-06,2276.98,11.32,80.59,3321.17,15.3421
2017-01-09,2268.9,11.56,83.47,3308.97,15.5143
2017-01-10,2268.9,11.49,86.36,3306.21,15.3547
2017-01-11,2275.32,11.26,86.72,3307.94,15.7011
2017-01-12,2270.44,11.54,90.44,3286.7,16.2935
2017-01-13,2274.64,11.23,92.9,3324.34,14.8618
2017-01-17,2267.89,11.87,92.39,3285.04,15.6671
2017-01-18,2271.89,12.48,87.06,3294.0,14.8506
2017-01-19,2263.69,12.78,86.84,3290.33,14.8475
2017-01-20,2271.31,11.54,83.63,3299.44,14.5963
2017-01-23,2265.2,11.77,84.51,3273.04,17.1108
2017-01-24,2280.07,11.07,79.05,3281.53,16.3083
2017-01-25,2298.37,10.81,78.66,3326.15,15.6958
2017-01-26,2296.68,10.63,79.65,3319.13,15.6052
2017-01-27,2294.69,10.58,83.63,3303.33,15.847
2017-01-30,2280.9,11.88,92.04,3262.72,17.4653
2017-01-31,2278.87,11.99,89.83,3230.68,17.3682
2017-02-01,2279.55,11.81,87.75,3258.92,16.6427
2017-02-02,2280.85,11.93,89.73,3253.61,16.1939
2017-02-03,2297.42,10.97,88.97,3273.11,15.1332
2017-02-06,2292.56,11.37,90.02,3238.31,16.4328
2017-02-07,2293.08,11.29,89.61,3235.71,16.9147
2017-02-08,2294.67,11.45,94.58,3238.04,16.831
2017-02-09,2307.87,10.88,89.59,3277.79,15.2973
2017-02-10,2316.1,10.85,85.77,3270.83,15.1125
2017-02-13,2328.25,11.07,80.84,3305.23,14.8043
2017-02-14,2337.58,10.74,78.35,3308.89,14.6469
2017-02-15,2349.25,11.97,81.12,3323.71,14.6829
2017-02-16,2347.22,11.76,79.66,3311.04,15.3999
2017-02-17,2351.16,11.49,81.25,3308.81,14.8315
2017-02-21,2365.38,11.57,82.45,3339.33,14.5706
2017-02-22,2362.82,11.74,81.53,3339.27,14.8577
2017-02-23,2363.81,11.71,82.2,3333.96,15.4578
2017-02-24,2367.34,11.47,83.31,3304.09,15.8552
2017-02-27,2369.75,12.09,85.69,3309.3,16.0402
2017-02-28,2363.64,12.92,88.08,3319.61,16.2849
2017-03-01,2395.96,12.54,84.03,3390.2,15.3905
2017-03-02,2381.92,11.81,83.61,3384.71,15.2754
2017-03-03,2383.12,10.96,81.19,3403.39,15.2708
2017-03-06,2375.31,11.24,81.44,3387.46,15.7683
2017-03-07,2368.39,11.45,81.43,3385.12,15.3718
2017-03-08,2362.98,11.86,82.5,3389.62,14.9751
2017-03-09,2364.87,12.3,83.64,3409.89,15.2123
2017-03-10,2372.6,11.66,80.27,3416.27,15.3441
2017-03-13,2373.47,11.35,81.57,3415.49,15.5803
2017-03-14,2365.45,12.3,85.88,3399.43,15.9737
2017-03-15,2385.26,11.63,80.76,3409.32,15.5983
2017-03-16,2381.38,11.21,75.96,3439.96,11.5181
2017-03-17,2378.25,11.28,78.66,3448.41,11.1647
2017-03-20,2373.47,11.34,77.16,3437.48,13.0797
2017-03-21,2344.02,12.47,83.02,3429.62,13.7745
2017-03-22,2348.45,12.81,83.8,3420.7,14.5148
2017-03-23,2345.96,13.12,88.93,3452.18,15.0982
2017-03-24,2343.98,12.96,89.74,3444.15,15.1975
2017-03-27,2341.59,12.5,84.86,3437.14,16.3493
2017-03-28,2358.57,11.53,79.27,3465.07,15.8635
2017-03-29,2361.13,11.42,78.26,3475.27,15.9304
2017-03-30,2368.06,11.54,77.87,3481.58,16.1041
2017-03-31,2362.72,12.37,78.31,3500.93,16.5221
2017-04-03,2358.84,12.38,82.96,3472.94,17.9597
2017-04-04,2360.16,11.79,79.67,3481.66,18.005
2017-04-05,2352.95,12.89,86.59,3472.58,18.5205
2017-04-06,2357.49,12.39,83.91,3489.57,18.8703
2017-04-07,2355.54,12.87,89.39,3495.8,19.5373
2017-04-10,2357.16,14.05,97.9,3480.44,22.0934
2017-04-11,2353.78,15.07,103.74,3470.04,22.9518
2017-04-12,2344.93,15.77,111.53,3468.51,22.7155
2017-04-13,2328.95,15.96,115.54,3448.26,23.3883
2017-04-18,2342.19,14.42,99.52,3409.78,25.5942
2017-04-19,2338.17,14.93,97.89,3420.99,24.2021
2017-04-20,2355.84,14.15,94.53,3440.03,24.8992
2017-04-21,2348.69,14.63,95.41,3440.27,25.0928
2017-04-24,2374.15,10.84,78.17,3577.38,16.2463
2017-04-25,2388.61,10.76,75.64,3583.16,15.4196
2017-04-26,2387.45,10.85,76.64,3578.71,15.584
2017-04-27,2388.77,10.36,76.66,3563.29,16.107
2017-04-28,2384.2,10.82,77.09,3559.59,17.0495
2017-05-02,2391.17,10.59,79.33,3578.21,17.2673
2017-05-03,2388.13,10.68,78.77,3586.25,17.3982
2017-05-04,2389.52,10.46,78.0,3627.88,16.4843
2017-05-05,2399.29,10.57,80.65,3658.79,17.0143
2017-05-08,2399.38,9.77,81.38,3642.11,14.393
2017-05-09,2396.92,9.96,83.63,3649.08,14.0868
2017-05-10,2399.63,10.21,87.49,3645.74,14.0655
2017-05-11,2394.44,10.6,86.51,3623.55,14.3491
2017-05-12,2390.9,10.4,82.5,3637.52,13.8689
2017-05-15,2402.32,10.42,79.53,3641.88,14.2041
2017-05-16,2400.67,10.65,76.76,3641.89,13.5401
2017-05-17,2357.03,15.59,111.48,3584.83,16.1438
2017-05-18,2365.72,14.66,104.12,3562.22,17.0825
2017-05-19,2381.73,12.04,87.21,3587.01,15.4679
2017-05-22,2394.02,10.93,83.47,3576.53,14.8259
2017-05-23,2398.42,10.72,84.19,3595.03,13.8428
2017-05-24,2404.39,10.02,81.91,3586.62,13.8757
2017-05-25,2415.07,9.99,82.2,3584.55,13.9599
2017-05-26,2415.82,9.81,81.81,3579.02,13.8547
2017-05-30,2412.91,10.38,84.3,3561.22,14.4715
2017-05-31,2411.8,10.41,84.52,3554.59,14.5538
2017-06-01,2430.06,9.89,83.83,3567.02,13.6227
2017-06-02,2439.07,9.75,83.62,3591.82,13.3345
2017-06-05,2436.1,10.07,86.08,3579.55,13.9431
2017-06-06,2429.33,10.45,89.15,3554.18,14.3862
2017-06-07,2433.14,10.39,88.22,3548.84,14.6073
2017-06-08,2433.79,10.16,83.28,3563.88,14.0799
2017-06-09,2431.77,10.7,87.41,3586.07,13.3926
2017-06-12,2429.39,11.46,91.21,3543.95,14.5102
2017-06-13,2440.35,10.42,86.66,3557.87,13.5587
2017-06-14,2437.92,10.64,89.97,3547.15,13.9464
2017-06-15,2432.46,10.9,89.95,3525.46,14.9445
2017-06-16,2433.15,10.38,87.0,3543.88,13.7442
2017-06-19,2453.46,10.37,85.27,3579.58,13.0325
2017-06-20,2437.03,10.86,89.19,3560.66,14.0291
2017-06-21,2435.61,10.75,88.07,3554.35,14.1788
2017-06-22,2434.5,10.48,86.38,3555.76,14.0328
2017-06-23,2438.3,10.02,84.52,3543.68,14.2214
2017-06-26,2439.07,9.9,81.94,3561.76,13.6567
2017-06-27,2419.38,11.06,87.3,3538.32,14.7743
2017-06-28,2440.69,10.03,84.24,3535.7,14.8525
2017-06-29,2419.7,11.44,93.78,3471.33,17.6032
2017-06-30,2423.41,11.18,90.43,3441.88,17.2533
2017-07-03,2429.01,11.22,93.31,3491.81,14.4888
2017-07-05,2432.54,11.07,91.98,3478.41,14.7011
2017-07-06,2409.75,12.54,100.21,3462.06,15.4722
2017-07-07,2425.18,11.19,92.5,3463.84,15.1824
2017-07-10,2427.43,11.11,89.69,3478.06,14.783
2017-07-11,2425.53,10.89,88.23,3464.48,14.7732
2017-07-12,2443.25,10.3,88.19,3515.23,13.7485
2017-07-13,2447.83,9.9,85.68,3527.83,13.1228
2017-07-14,2459.27,9.51,82.2,3525.94,12.6504
2017-07-17,2459.14,9.82,80.27,3516.35,12.6334
2017-07-18,2460.61,9.89,79.14,3478.68,13.6841
2017-07-19,2473.83,9.79,77.96,3500.28,13.2685
2017-07-20,2473.45,9.58,76.26,3499.49,13.0879
2017-07-21,2472.54,9.36,77.86,3451.71,15.3262
2017-07-24,2469.91,9.43,78.24,3453.17,15.0827
2017-07-25,2477.13,9.43,79.17,3473.54,13.6357
2017-07-26,2477.83,9.6,82.34,3491.19,12.9971
2017-07-27,2475.42,10.11,86.87,3493.14,12.7697
2017-07-28,2472.1,10.29,87.2,3467.73,13.7331
2017-07-31,2470.3,10.26,86.76,3449.36,13.9033
2017-08-01,2476.35,10.09,84.55,3477.39,13.4724
2017-08-02,2477.57,10.28,86.89,3459.32,13.7531
2017-08-03,2472.16,10.44,87.66,3466.37,13.7302
2017-08-04,2476.83,10.03,87.39,3507.41,13.0654
2017-08-07,2480.91,9.93,90.01,3505.8,13.1992
2017-08-08,2474.92,10.96,98.68,3515.63,12.7883
2017-08-09,2474.02,11.11,106.77,3468.45,15.0152
2017-08-10,2438.21,16.04,135.32,3433.54,18.9131
2017-08-11,2441.32,15.51,127.43,3406.34,19.3101
2017-08-14,2465.84,12.33,100.6,3450.66,15.6664
2017-08-15,2464.61,12.04,96.71,3461.91,14.8801
2017-08-16,2468.11,11.74,94.82,3484.57,14.2468
2017-08-17,2430.01,15.55,117.77,3461.97,15.3859
2017-08-18,2425.55,14.26,114.39,3446.03,17.5746
2017-08-21,2428.37,13.19,101.39,3423.53,18.5553
2017-08-22,2452.51,11.35,92.7,3455.59,16.412
2017-08-23,2444.04,12.25,98.96,3438.63,16.2275
2017-08-24,2438.97,12.23,100.26,3444.73,15.6665
2017-08-25,2443.05,11.28,95.53,3438.55,15.3262
2017-08-28,2444.24,11.32,96.42,3421.03,15.8508
2017-08-29,2446.3,11.7,98.79,3388.22,17.3169
2017-08-30,2457.59,11.22,98.9,3403.71,16.468
2017-08-31,2471.65,10.59,94.86,3421.47,15.6317
2017-09-01,2476.55,10.13,93.6,3443.88,14.7167
2017-09-05,2457.85,12.23,102.66,3420.86,16.4848
2017-09-06,2465.54,11.63,99.61,3433.8,16.3786
2017-09-07,2465.1,11.55,96.29,3447.66,15.1482
2017-09-08,2461.43,12.12,100.12,3447.69,15.199
2017-09-11,2488.11,10.73,93.66,3495.19,13.96
2017-09-12,2496.48,10.58,92.39,3512.56,13.4464
2017-09-13,2498.37,10.5,90.89,3523.14,13.0423
2017-09-14,2495.62,10.44,92.09,3526.48,12.2739
2017-09-15,2500.23,10.17,90.63,3515.55,12.1972
2017-09-18,2503.87,10.15,90.46,3526.74,11.943
2017-09-19,2506.65,10.18,91.22,3531.18,11.7216
2017-09-20,2508.24,9.78,90.91,3525.55,11.7949
2017-09-21,2500.6,9.67,92.32,3539.59,11.1906
2017-09-22,2502.22,9.59,93.29,3541.42,11.708
2017-09-25,2496.66,10.21,96.4,3537.81,12.3663
2017-09-26,2496.84,10.17,94.81,3536.38,12.5406
2017-09-27,2507.04,9.87,95.36,3555.17,12.1282
2017-09-28,2510.06,9.55,94.1,3563.64,12.1259
2017-09-29,2519.36,9.51,93.14,3594.85,12.1208
2017-10-02,2529.12,9.45,92.48,3602.69,12.1739
2017-10-03,2534.58,9.51,91.59,3605.73,11.8365
2017-10-04,2537.74,9.63,92.12,3594.91,12.7752
2017-10-05,2552.07,9.19,91.79,3613.54,12.087
2017-10-06,2549.33,9.65,97.09,3603.32,12.5055
2017-10-09,2544.73,10.33,101.83,3610.5,12.6102
2017-10-10,2550.64,10.08,97.33,3598.79,13.3944
2017-10-11,2555.24,9.85,99.22,3607.39,12.6695
2017-10-12,2550.93,9.91,97.77,3605.54,12.3247
2017-10-13,2553.17,9.61,97.8,3604.55,11.8458
2017-10-16,2557.64,9.91,97.65,3606.27,11.9037
2017-10-17,2559.36,10.31,98.74,3607.77,11.6299
2017-10-18,2561.26,10.07,94.34,3619.65,11.0514
2017-10-19,2562.1,10.05,93.33,3602.08,12.4435
2017-10-20,2575.21,9.97,90.53,3605.09,12.2167
2017-10-23,2564.98,11.07,97.09,3608.87,12.5904
2017-10-24,2569.13,11.16,98.43,3610.69,12.9424
2017-10-25,2557.15,11.23,100.16,3591.46,14.5349
2017-10-26,2560.4,11.3,97.73,3637.2,12.9159
2017-10-27,2581.07,9.8,92.78,3652.23,12.4951
2017-10-30,2572.83,10.5,95.19,3662.18,12.8308
2017-10-31,2575.26,10.18,92.01,3673.95,11.9864
2017-11-01,2579.36,10.2,92.0,3697.4,11.7924
2017-11-02,2579.85,9.93,91.48,3688.8,12.0219
2017-11-03,2587.84,9.14,89.68,3689.96,11.5635
2017-11-06,2591.13,9.4,91.25,3682.36,11.6934
2017-11-07,2590.64,9.89,93.45,3658.77,12.1337
2017-11-08,2594.38,9.78,97.74,3655.04,12.4069
2017-11-09,2584.62,10.5,98.82,3612.5,13.9158
2017-11-10,2582.3,11.29,104.76,3593.76,14.453
2017-11-13,2584.84,11.5,106.3,3574.52,14.3816
2017-11-14,2578.87,11.59,103.18,3556.38,15.2348
2017-11-15,2564.62,13.13,106.27,3545.72,15.5778
2017-11-16,2585.64,11.76,100.15,3564.8,15.0291
2017-11-17,2578.85,11.43,97.12,3547.46,14.7428
2017-11-20,2582.14,10.65,93.76,3561.41,13.7039
2017-11-21,2599.03,9.73,89.27,3579.32,12.9355
2017-11-22,2597.08,9.88,86.42,3562.65,12.8717
2017-11-24,2602.42,9.67,86.32,3581.23,12.8582
2017-11-27,2601.42,9.87,86.58,3564.02,13.5459
2017-11-28,2627.04,10.03,85.73,3583.49,12.8773
2017-11-29,2626.07,10.7,89.57,3589.91,13.5436
2017-11-30,2647.58,11.28,89.94,3569.93,13.4708
2017-12-01,2642.22,11.43,95.03,3527.55,16.0124
2017-12-04,2639.44,11.68,97.57,3576.22,13.7242
2017-12-05,2629.57,11.33,97.95,3570.57,13.1587
2017-12-06,2629.27,11.02,98.17,3561.57,13.9107
2017-12-07,2636.98,10.16,95.83,3573.13,13.4513
2017-12-08,2651.5,9.58,91.89,3591.45,12.8484
2017-12-11,2659.99,9.34,92.06,3582.21,12.9236
2017-12-12,2664.11,9.92,93.27,3600.35,12.4734
2017-12-13,2662.85,10.18,95.56,3581.75,12.7344
2017-12-14,2652.01,10.49,96.07,3556.22,12.2635
2017-12-15,2675.81,9.42,92.2,3560.53,11.792
2017-12-18,2690.16,9.53,90.64,3609.42,10.6783
2017-12-19,2681.47,10.03,93.58,3582.22,11.197
2017-12-20,2679.25,9.72,92.86,3552.65,12.5108
2017-12-21,2684.57,9.62,92.21,3570.78,11.7371
2017-12-22,2683.34,9.9,94.9,3553.39,12.0057
2017-12-27,2682.62,10.47,97.08,3550.17,12.7143
2017-12-28,2687.54,10.18,97.25,3524.31,13.6229
2017-12-29,2673.61,11.04,100.76,3503.96,13.5114
2018-01-02,2695.81,9.77,97.36,3490.19,13.3676
2018-01-03,2713.06,9.15,94.4,3509.88,12.1367
2018-01-04,2723.99,9.22,94.21,3568.88,11.4105
2018-01-05,2743.15,9.22,93.1,3607.63,11.1245
2018-01-08,2747.71,9.52,93.97,3616.45,11.4954
2018-01-09,2751.29,10.08,94.74,3622.87,11.262
2018-01-10,2748.23,9.82,93.7,3609.83,11.759
2018-01-11,2767.56,9.88,92.24,3595.24,11.3595
2018-01-12,2786.24,10.16,92.22,3612.61,10.9024
2018-01-16,2776.42,11.66,106.49,3622.01,11.3466
2018-01-17,2802.56,11.91,102.63,3612.78,11.9473
2018-01-18,2798.03,12.22,103.68,3620.91,11.9883
2018-01-19,2810.3,11.27,101.59,3649.07,11.8533
2018-01-22,2832.97,11.03,99.68,3665.28,11.9678
2018-01-23,2839.13,11.1,98.59,3672.29,11.9508
2018-01-24,2837.54,11.47,99.77,3643.22,12.3924
2018-01-25,2839.25,11.58,101.78,3630.15,12.691
2018-01-26,2872.87,11.08,98.65,3647.41,12.4779
2018-01-29,2853.53,13.84,110.01,3643.04,13.2927
2018-01-30,2822.43,14.79,113.48,3606.75,14.811
2018-01-31,2823.81,13.54,108.41,3609.29,15.1644
2018-02-01,2821.98,13.47,105.77,3577.35,16.1394
2018-02-02,2762.13,17.31,125.51,3523.28,17.5594
2018-02-05,2648.94,37.32,177.34,3478.77,18.855
2018-02-06,2695.14,29.98,161.12,3394.92,30.1771
2018-02-07,2681.66,27.73,159.03,3454.52,21.3656
2018-02-08,2581.0,33.46,180.61,3377.3,32.0402
2018-02-09,2619.55,29.06,167.28,3325.99,34.737
2018-02-12,2656.0,25.61,140.8,3368.25,28.1626
2018-02-13,2662.94,24.97,136.58,3340.93,25.9501
2018-02-14,2698.63,19.26,124.49,3369.83,20.7053
2018-02-15,2731.2,19.13,122.76,3389.63,20.5158
2018-02-16,2732.22,19.46,121.2,3426.8,17.7606
2018-02-20,2716.26,20.6,122.58,3435.08,18.6401
2018-02-21,2701.33,20.02,125.73,3430.16,18.6489
2018-02-22,2703.96,18.72,116.98,3431.99,18.6903
2018-02-23,2747.3,16.49,110.19,3441.46,18.1752
2018-02-26,2779.6,15.8,107.68,3463.18,16.7709
2018-02-27,2744.28,18.59,119.5,3458.03,17.5944
2018-02-28,2713.83,19.85,121.7,3438.96,18.0002
2018-03-01,2677.67,22.47,128.14,3399.16,20.5673
2018-03-02,2691.25,19.59,114.78,3324.75,23.386
2018-03-05,2720.94,18.73,109.66,3355.32,18.8922
2018-03-06,2728.12,18.36,104.61,3357.86,18.6852
2018-03-07,2726.8,17.76,99.49,3377.36,18.1546
2018-03-08,2738.97,16.54,96.92,3413.28,16.6065
2018-03-09,2786.57,14.64,99.71,3420.54,15.4054
2018-03-12,2783.02,15.78,104.94,3429.48,15.4002
2018-03-13,2765.31,16.35,107.04,3397.35,16.6195
2018-03-14,2749.48,17.23,110.29,3390.98,16.9106
2018-03-15,2747.33,16.59,109.28,3414.13,15.2246
2018-03-16,2752.01,15.8,106.49,3437.4,13.389
2018-03-19,2712.92,19.02,112.92,3394.79,16.4988
2018-03-20,2716.94,18.2,107.13,3412.08,15.3836
2018-03-21,2711.93,17.86,106.6,3401.04,14.8531
2018-03-22,2643.69,23.34,125.12,3348.19,18.551
2018-03-23,2588.26,24.87,129.82,3298.07,21.0758
2018-03-26,2658.55,21.03,113.08,3278.72,22.0543
2018-03-27,2612.62,22.5,118.61,3316.95,18.9761
2018-03-28,2605.0,22.87,114.02,3331.25,19.6857
2018-03-29,2640.87,19.97,103.32,3361.5,17.4364
2018-04-03,2614.45,21.1,102.06,3346.93,18.8146
2018-04-04,2644.69,20.06,95.44,3340.35,19.5763
2018-04-05,2662.84,18.94,92.21,3429.95,16.9025
2018-04-06,2604.47,21.49,98.6,3408.1,17.4368
2018-04-09,2613.16,21.77,100.24,3414.85,17.353
2018-04-10,2656.87,20.47,98.21,3438.78,16.3164
2018-04-11,2642.19,20.24,100.02,3419.71,16.9837
2018-04-12,2663.99,18.49,98.08,3443.97,15.8108
2018-04-13,2656.3,17.41,93.94,3448.0,15.2974
2018-04-16,2677.84,16.56,93.22,3441.04,14.5036
2018-04-17,2706.39,15.25,89.59,3477.91,13.288
2018-04-18,2708.64,15.6,92.41,3490.89,13.0383
2018-04-19,2693.13,15.96,95.38,3486.6,13.7415
2018-04-20,2670.14,16.88,99.21,3494.2,13.756
2018-04-23,2670.29,16.34,96.87,3513.06,13.328
2018-04-24,2634.56,18.02,100.81,3510.88,13.4086
2018-04-25,2639.4,17.84,97.8,3485.83,14.6576
2018-04-26,2666.94,16.24,90.71,3506.03,13.6785
2018-04-27,2669.91,15.41,92.15,3518.78,13.1315
2018-04-30,2648.05,15.93,94.3,3536.52,13.7154
2018-05-02,2635.67,15.97,93.79,3553.79,13.5282
2018-05-03,2629.73,15.9,91.07,3529.12,14.4576
2018-05-04,2663.42,14.77,88.12,3550.59,13.4198
2018-05-07,2672.63,14.75,90.71,3564.19,13.3159
2018-05-08,2671.92,14.71,89.5,3557.88,13.7161
2018-05-09,2697.79,13.42,93.89,3569.74,13.3529
2018-05-10,2723.07,13.23,93.02,3569.71,12.8229
2018-05-11,2727.72,12.65,90.03,3565.52,12.4351
2018-05-14,2730.13,12.93,92.62,3565.74,12.6448
2018-05-15,2711.45,14.63,99.18,3564.29,12.6765
2018-05-16,2722.46,13.42,94.79,3562.85,13.5725
2018-05-17,2720.13,13.43,93.48,3592.18,13.0848
2018-05-18,2712.97,13.42,94.76,3573.76,13.9673
2018-05-21,2733.01,13.08,91.04,3572.57,13.7761
2018-05-22,2724.44,13.22,90.47,3587.25,12.9845
2018-05-23,2733.29,12.58,89.8,3541.82,15.0616
2018-05-24,2727.76,12.53,90.64,3521.76,15.6902
2018-05-25,2721.33,13.22,93.78,3515.36,16.0228
2018-05-29,2689.86,17.02,108.67,3428.14,20.1545
2018-05-30,2724.01,14.94,99.08,3441.19,18.3411
2018-05-31,2705.27,15.43,100.63,3406.65,17.6547
2018-06-01,2734.62,13.46,93.3,3453.54,15.6231
2018-06-04,2746.87,12.74,90.83,3469.57,14.3641
2018-06-05,2748.8,12.4,89.84,3456.79,14.7988
2018-06-06,2772.35,11.64,88.12,3460.82,14.7989
2018-06-07,2770.37,12.13,91.28,3459.77,14.4204
2018-06-08,2779.03,12.18,93.49,3447.3,14.9616
2018-06-11,2782.0,12.35,94.54,3480.22,13.9917
2018-06-12,2786.85,12.34,95.71,3475.58,13.6885
2018-06-13,2775.63,12.94,100.01,3479.56,13.198
2018-06-14,2782.49,12.12,98.21,3527.11,11.4418
2018-06-15,2779.66,11.98,101.66,3505.02,12.1297
2018-06-18,2773.75,12.31,99.87,3466.65,13.763
2018-06-19,2762.59,13.35,104.13,3435.3,14.8685
2018-06-20,2767.32,12.79,98.51,3439.6,13.9834
2018-06-21,2749.76,14.64,107.45,3403.51,16.0901
2018-06-22,2754.88,13.77,102.49,3441.6,14.2065
2018-06-25,2717.07,17.33,114.32,3369.21,17.8727
2018-06-26,2723.06,15.92,107.52,3368.72,17.2411
2018-06-27,2699.63,17.91,112.75,3397.13,17.1802
2018-06-28,2716.31,16.85,108.88,3365.52,18.4191
2018-06-29,2718.37,16.09,105.97,3395.6,16.6333
2018-07-02,2726.71,15.6,104.8,3372.21,17.9959
2018-07-03,2713.22,16.14,108.5,3406.34,16.3909
2018-07-05,2736.61,14.97,103.22,3440.92,15.731
2018-07-06,2759.82,13.37,95.74,3448.49,14.7428
2018-07-09,2784.17,12.69,94.16,3460.44,14.0711
2018-07-10,2793.84,12.64,91.96,3473.31,12.9935
2018-07-11,2774.02,13.63,104.5,3422.35,14.5961
2018-07-12,2798.29,12.58,100.82,3445.49,13.4596
2018-07-13,2801.31,12.18,99.81,3454.54,12.8035
2018-07-16,2798.43,12.83,100.95,3449.08,13.0323
2018-07-17,2809.55,12.06,98.56,3457.5,12.556
2018-07-18,2815.62,12.1,98.08,3485.08,11.9617
2018-07-19,2804.49,12.87,100.58,3471.64,12.8476
2018-07-20,2801.83,12.86,102.76,3460.03,13.7747
2018-07-23,2806.98,12.62,102.04,3454.05,14.1892
2018-07-24,2820.4,12.41,98.68,3483.31,12.7259
2018-07-25,2846.07,12.29,94.2,3468.45,13.5029
2018-07-26,2837.44,12.14,91.66,3509.26,12.1361
2018-07-27,2818.82,13.03,97.15,3527.18,11.6594
2018-07-30,2802.6,14.26,101.41,3512.31,12.7107
2018-07-31,2816.29,12.83,94.13,3525.49,12.5596
2018-08-01,2813.36,13.15,95.28,3509.23,13.028
2018-08-02,2827.22,12.19,91.66,3469.21,14.5051
2018-08-03,2840.35,11.64,86.6,3482.4,13.3973
2018-08-06,2850.4,11.27,84.66,3483.3,13.47
2018-08-07,2858.45,10.93,83.21,3504.37,12.6265
2018-08-08,2857.7,10.85,84.42,3493.6,12.8654
2018-08-09,2853.58,11.27,88.69,3494.13,12.4882
2018-08-10,2833.28,13.16,99.07,3426.28,15.1113
2018-08-13,2821.93,14.78,107.78,3409.68,15.9406
2018-08-14,2839.96,13.31,100.34,3409.44,15.861
2018-08-15,2818.37,14.64,111.13,3359.08,18.4755
2018-08-16,2840.69,13.45,103.49,3377.56,16.2633
2018-08-17,2850.13,12.64,101.81,3372.94,16.0982
2018-08-20,2857.05,12.49,100.77,3393.67,14.5019
2018-08-21,2862.96,12.86,101.56,3411.66,13.8748
2018-08-22,2861.82,12.25,95.72,3420.18,13.8512
2018-08-23,2856.98,12.41,95.92,3419.26,13.6438
2018-08-24,2874.69,11.99,93.95,3427.44,13.1882
2018-08-27,2896.74,12.16,93.39,3456.01,13.1149
2018-08-28,2897.52,12.5,92.31,3447.57,13.1602
2018-08-29,2914.04,12.25,91.1,3456.13,12.9914
2018-08-30,2901.13,13.53,95.11,3430.99,14.1532
2018-08-31,2901.52,12.86,92.73,3392.9,15.6343
2018-09-04,2896.72,13.16,95.23,3359.36,16.3854
2018-09-05,2888.6,13.91,97.94,3315.62,17.2886
2018-09-06,2878.05,14.65,101.36,3295.95,17.1012
2018-09-07,2871.68,14.88,102.38,3293.36,16.4546
2018-09-10,2877.13,14.16,100.38,3309.28,15.8948
2018-09-11,2887.89,13.22,96.44,3311.66,15.7862
2018-09-12,2888.92,13.14,97.24,3326.6,15.3235
2018-09-13,2904.18,12.37,91.06,3333.68,14.5934
2018-09-14,2904.98,12.07,88.07,3344.63,13.8963
2018-09-17,2888.8,13.68,96.34,3346.11,14.5708
2018-09-18,2904.31,12.79,92.49,3358.46,14.356
2018-09-19,2907.95,11.75,88.18,3368.56,13.5296
2018-09-20,2930.75,11.8,87.31,3403.12,13.1843
2018-09-21,2929.67,11.68,90.2,3430.81,12.8151
2018-09-24,2919.37,12.2,91.51,3410.44,13.7328
2018-09-25,2915.56,12.42,91.07,3419.78,13.1636
2018-09-26,2905.97,12.89,91.56,3433.15,12.8518
2018-09-27,2914.0,12.41,87.66,3449.79,13.171
2018-09-28,2913.98,12.12,87.31,3399.2,14.7637
2018-10-01,2924.59,12.0,86.97,3414.16,14.2333
2018-10-02,2923.43,12.05,88.12,3388.99,15.4784
2018-10-03,2925.51,11.61,85.8,3405.48,14.6064
2018-10-04,2901.61,14.22,99.44,3375.08,16.0249
2018-10-05,2885.57,14.82,102.63,3345.51,16.6807
2018-10-08,2884.43,15.69,102.74,3309.72,17.6264
2018-10-09,2880.34,15.95,103.92,3321.79,16.9002
2018-10-10,2785.68,22.96,135.61,3266.9,18.4029
2018-10-11,2728.37,24.98,129.3,3209.19,21.2373
2018-10-12,2767.13,21.31,124.81,3194.41,20.2103
2018-10-15,2750.79,21.3,118.78,3210.37,19.0703
2018-10-16,2809.92,17.62,111.78,3257.34,16.8341
2018-10-17,2809.21,17.4,109.28,3243.08,17.0163
2018-10-18,2768.78,20.06,116.82,3211.59,18.1712
2018-10-19,2767.78,19.89,114.95,3210.82,18.7838
2018-10-22,2755.88,19.64,112.15,3190.09,19.3581
2018-10-23,2740.69,20.71,108.71,3140.94,21.3624
2018-10-24,2656.1,25.23,118.58,3130.33,21.9772
2018-10-25,2705.57,24.22,113.91,3164.4,20.7552
2018-10-26,2658.69,24.16,110.49,3134.89,23.7391
2018-10-29,2641.25,24.7,110.39,3154.93,22.2872
2018-10-30,2682.63,23.35,106.08,3147.13,22.2249
2018-10-31,2711.74,21.23,102.9,3197.51,20.3038
2018-11-01,2740.37,19.34,99.57,3204.21,18.995
2018-11-02,2723.06,19.51,102.38,3214.41,18.848
2018-11-05,2738.31,19.96,101.83,3217.37,18.3296
2018-11-06,2755.45,19.91,102.48,3207.42,18.1091
2018-11-07,2813.89,16.36,95.75,3246.16,16.4264
2018-11-08,2806.83,16.72,95.4,3237.6,15.881
2018-11-09,2781.01,17.36,100.55,3229.49,16.3773
2018-11-12,2726.22,20.45,107.77,3194.08,17.8587
2018-11-13,2722.18,20.02,105.32,3224.82,17.029
2018-11-14,2701.58,21.25,111.42,3205.36,18.4549
2018-11-15,2730.2,19.98,107.38,3190.31,20.1522
2018-11-16,2736.27,18.14,101.93,3180.74,18.0762
2018-11-19,2690.73,20.1,107.13,3160.33,18.032
2018-11-20,2641.89,22.48,107.61,3116.07,19.9622
2018-11-21,2649.93,20.8,100.27,3153.91,18.2397
2018-11-23,2632.56,21.52,99.29,3137.21,18.9738
2018-11-26,2673.45,18.9,92.17,3172.71,18.4228
2018-11-27,2682.17,19.02,91.54,3166.42,18.479
2018-11-28,2743.79,18.49,93.55,3168.29,18.5952
2018-11-29,2737.76,18.79,93.36,3174.16,18.61
2018-11-30,2760.17,18.07,93.59,3173.13,18.4935
2018-12-03,2790.37,16.44,85.87,3214.99,16.9152
2018-12-04,2700.06,20.74,96.57,3189.25,17.2085
2018-12-06,2695.95,21.19,93.85,3045.94,24.6155
2018-12-07,2633.08,23.23,96.49,3058.53,21.6688
2018-12-10,2637.72,22.64,91.78,3016.99,23.6592
2018-12-11,2636.78,21.76,89.77,3055.32,21.0925
2018-12-12,2651.07,21.46,91.41,3107.97,19.7254
2018-12-13,2650.54,20.65,93.0,3112.17,19.1773
2018-12-14,2599.95,21.63,96.45,3092.6,19.1643
2018-12-17,2545.94,24.52,101.55,3063.65,19.8187
2018-12-18,2546.16,25.58,103.64,3040.13,20.0366
2018-12-19,2506.96,25.58,105.05,3051.38,19.6024
2018-12-20,2467.42,28.38,109.65,3000.06,20.733
2018-12-21,2416.62,30.11,106.61,3000.61,20.3984
2018-12-27,2488.83,29.96,95.89,2937.36,25.6882
2018-12-28,2485.74,28.34,91.24,2986.53,23.8643
2019-01-02,2510.03,23.22,81.66,2993.18,23.3924
2019-01-03,2447.89,25.45,83.8,2954.66,22.9978
2019-01-04,2531.94,21.38,84.44,3041.85,20.4827
2019-01-07,2549.69,21.4,82.74,3033.64,20.151
2019-01-08,2574.41,20.47,82.41,3054.94,19.4803
2019-01-09,2584.96,19.98,86.62,3070.24,18.997
2019-01-10,2596.64,19.5,86.35,3075.73,18.6879
2019-01-11,2596.26,18.19,83.85,3070.04,17.4182
2019-01-14,2582.61,19.07,83.01,3055.18,17.8987
2019-01-15,2610.3,18.6,81.39,3068.05,16.9334
2019-01-16,2616.1,19.04,83.34,3077.22,15.7177
2019-01-17,2635.96,18.06,82.79,3069.35,15.4064
2019-01-18,2670.71,17.8,82.49,3134.92,14.28
2019-01-22,2632.9,20.8,93.81,3112.8,15.9971
2019-01-23,2638.7,19.52,88.45,3112.13,16.4792
2019-01-24,2642.33,18.89,84.89,3126.31,15.5603
2019-01-25,2664.76,17.42,83.38,3163.24,14.7823
2019-01-28,2643.85,18.87,86.44,3137.27,16.1551
2019-01-29,2640.0,19.13,86.84,3153.42,16.0456
2019-01-30,2681.05,17.66,82.39,3161.74,16.0154
2019-01-31,2704.1,16.57,79.24,3159.43,15.1126
2019-02-01,2706.53,16.14,80.0,3171.12,13.9879
2019-02-04,2724.87,15.73,77.36,3165.2,14.2075
2019-02-05,2737.7,15.57,80.62,3215.04,13.5808
2019-02-06,2731.61,15.38,84.99,3212.75,13.616
2019-02-07,2706.05,16.37,85.01,3150.76,16.1706
2019-02-08,2707.88,15.72,82.7,3135.62,16.3132
2019-02-11,2709.8,15.97,82.77,3165.61,15.2186
2019-02-12,2744.73,15.43,81.63,3190.75,14.2814
2019-02-13,2753.03,15.65,80.27,3202.37,13.9695
2019-02-14,2745.73,16.22,81.64,3182.66,15.757
2019-02-15,2775.6,14.91,80.45,3241.25,14.2944
2019-02-19,2779.76,14.88,78.64,3239.41,14.6143
2019-02-20,2784.7,14.02,75.59,3259.49,14.2742
2019-02-21,2774.88,14.46,76.64,3263.7,14.3444
2019-02-22,2792.67,13.51,74.98,3270.55,13.9767
2019-02-25,2796.11,14.85,79.35,3280.01,13.8464
2019-02-26,2793.9,15.17,80.53,3289.32,13.8942
2019-02-27,2792.38,14.7,80.37,3282.77,14.3497
2019-02-28,2784.49,14.78,80.0,3298.26,13.5876
2019-03-01,2803.69,13.57,79.27,3312.1,13.3709
2019-03-04,2792.81,14.63,82.34,3317.12,13.6499
2019-03-05,2789.65,14.74,82.46,3327.19,13.5075
2019-03-06,2771.45,15.74,86.1,3324.67,13.4409
2019-03-07,2748.93,16.59,88.7,3308.85,13.8671
2019-03-08,2743.07,16.05,87.24,3283.6,14.411
2019-03-11,2783.3,14.33,81.23,3304.44,14.1546
2019-03-12,2791.52,13.77,83.06,3303.95,13.8356
2019-03-13,2810.92,13.41,82.76,3323.45,13.9503
2019-03-14,2808.48,13.5,82.56,3342.03,13.6478
2019-03-15,2822.48,12.88,82.94,3386.08,12.9242
2019-03-18,2832.94,13.1,85.52,3387.94,13.2122
2019-03-19,2832.57,13.56,87.36,3409.0,13.0007
2019-03-20,2824.23,13.91,86.63,3372.38,14.4778
2019-03-21,2854.88,13.63,83.89,3367.4,15.6876
2019-03-22,2800.71,16.48,98.5,3305.73,17.6785
2019-03-25,2798.36,16.33,97.2,3300.48,17.3356
2019-03-26,2818.46,14.68,89.85,3319.53,15.8457
2019-03-27,2805.37,15.15,91.34,3322.04,16.3337
2019-03-28,2815.44,14.43,87.95,3320.29,16.6715
2019-03-29,2834.4,13.71,85.82,3351.71,15.2748
2019-04-01,2867.19,13.4,84.93,3385.38,14.7903
2019-04-02,2867.24,13.36,83.28,3395.7,14.7848
2019-04-03,2873.4,13.74,84.23,3435.56,14.1923
2019-04-04,2879.39,13.58,82.15,3441.93,14.2468
2019-04-05,2892.74,12.82,79.1,3447.47,13.552
2019-04-08,2895.77,13.18,81.86,3438.06,14.603
2019-04-09,2878.2,14.28,88.14,3417.22,14.5187
2019-04-10,2888.21,13.3,89.49,3424.65,14.281
2019-04-11,2888.32,13.02,88.06,3435.34,12.595
2019-04-12,2907.41,12.01,84.98,3447.83,11.877
2019-04-15,2905.58,12.32,84.17,3450.46,11.4864
2019-04-16,2907.06,12.18,83.58,3463.36,11.3012
2019-04-17,2900.45,12.6,85.55,3477.73,11.2672
2019-04-18,2905.03,12.09,84.41,3499.23,11.0066
2019-04-23,2933.68,12.28,81.43,3503.85,12.204
2019-04-24,2927.25,13.14,85.17,3502.63,12.5447
2019-04-25,2926.17,13.25,86.94,3491.92,12.9572
2019-04-26,2939.88,12.73,84.12,3500.41,12.6034
2019-04-29,2943.03,13.11,86.08,3501.94,13.0278
2019-04-30,2945.83,13.12,88.56,3514.62,13.2624
2019-05-02,2917.52,14.42,93.02,3488.93,14.3357
2019-05-03,2945.64,12.87,86.23,3502.48,13.3808
2019-05-06,2932.47,15.44,94.85,3462.95,15.7375
2019-05-07,2884.05,19.32,111.54,3401.16,18.0429
2019-05-08,2879.42,19.4,106.48,3417.26,17.6428
2019-05-09,2870.72,19.1,102.92,3350.71,20.0378
2019-05-10,2881.4,16.04,96.01,3361.05,18.5073
2019-05-13,2811.87,20.55,105.6,3320.78,19.4264
2019-05-14,2834.41,18.06,97.26,3364.38,17.5609
2019-05-15,2850.96,16.44,94.53,3385.78,16.7467
2019-05-16,2876.32,15.29,94.23,3438.56,15.0605
2019-05-17,2859.53,15.96,99.12,3425.64,14.9769
2019-05-20,2840.23,16.31,96.83,3369.78,17.3812
2019-05-21,2864.36,14.95,92.38,3386.51,15.8302
2019-05-22,2856.27,14.75,89.3,3386.72,15.4494
2019-05-23,2822.24,16.92,94.98,3327.2,17.637
2019-05-24,2826.06,15.85,90.19,3350.7,16.7146
2019-05-28,2802.39,17.5,95.08,3348.86,16.1658
2019-05-29,2783.02,17.9,93.83,3297.81,17.7806
2019-05-30,2788.86,17.3,92.78,3318.15,16.7607
2019-05-31,2752.06,18.71,96.72,3280.43,17.4218
2019-06-03,2744.45,18.86,96.03,3300.22,17.2417
2019-06-04,2803.27,16.97,88.93,3333.49,16.42
2019-06-05,2826.15,16.09,86.72,3339.95,16.1034
2019-06-06,2843.49,15.93,84.84,3338.41,15.6299
2019-06-07,2873.34,16.3,86.0,3378.38,14.9085
2019-06-10,2886.73,15.94,83.86,3386.45,14.8913
2019-06-11,2885.72,15.99,84.95,3401.1,14.796
2019-06-12,2879.84,15.91,86.2,3386.63,14.945
2019-06-13,2891.64,15.82,84.73,3390.5,14.3656
2019-06-14,2886.98,15.28,82.57,3379.19,14.3629
2019-06-17,2889.67,15.35,83.48,3383.21,14.0293
2019-06-18,2917.75,15.15,87.37,3452.89,13.2695
2019-06-19,2926.46,14.33,84.58,3454.7,13.6604
2019-06-20,2954.18,14.75,81.21,3468.08,13.3474
2019-06-21,2950.46,15.4,83.14,3466.92,13.3894
2019-06-24,2945.35,15.26,82.59,3455.57,13.9669
2019-06-25,2917.38,16.28,85.16,3444.36,13.9815
2019-06-26,2913.78,16.21,85.39,3442.95,14.0634
2019-06-27,2924.92,15.82,86.52,3442.38,14.1174
2019-06-28,2941.76,15.08,85.78,3473.69,13.7342
2019-07-01,2964.33,14.06,79.58,3497.59,12.383
2019-07-02,2973.01,12.93,78.22,3507.98,11.8371
2019-07-03,2995.82,12.57,80.04,3540.63,11.7045
2019-07-05,2990.41,13.28,79.78,3527.98,12.4185
2019-07-08,2975.95,13.96,83.66,3523.76,12.616
2019-07-09,2979.63,14.09,82.31,3509.75,12.7504
2019-07-10,2993.07,13.03,85.97,3501.52,12.8191
2019-07-11,2999.91,12.93,88.2,3496.73,12.4747
2019-07-12,3013.77,12.39,86.14,3497.63,12.3888
2019-07-15,3014.3,12.68,86.2,3502.22,12.6064
2019-07-16,3004.04,12.86,88.25,3521.36,12.1592
2019-07-17,2984.42,13.97,90.35,3501.58,12.6034
2019-07-18,2995.11,13.53,84.04,3482.83,13.332
2019-07-19,2976.61,14.45,86.77,3480.18,13.6973
2019-07-22,2985.03,13.53,81.22,3489.92,13.5495
2019-07-23,3005.47,12.61,78.99,3532.87,12.7137
2019-07-24,3019.56,12.07,83.89,3532.9,13.1227
2019-07-25,3003.67,12.74,84.3,3510.15,13.2666
2019-07-26,3025.86,12.16,83.11,3524.47,12.669
2019-07-29,3020.97,12.83,88.16,3523.58,12.6386
2019-07-30,3013.18,13.94,91.58,3462.85,14.4662
2019-07-31,2980.38,16.12,96.28,3466.85,14.3909
2019-08-01,2953.56,17.87,105.47,3490.03,13.7348
2019-08-02,2932.05,17.61,102.69,3376.12,18.3481
2019-08-05,2844.74,24.59,114.4,3310.93,21.0618
2019-08-06,2881.77,20.17,107.45,3291.66,21.3783
2019-08-07,2883.98,19.49,104.27,3309.99,21.039
2019-08-08,2938.09,16.91,98.66,3375.38,18.0037
2019-08-09,2918.65,17.97,101.52,3333.74,18.9533
2019-08-12,2883.75,21.09,110.31,3326.55,19.2544
2019-08-13,2926.32,17.52,102.21,3357.16,18.6224
2019-08-14,2840.6,22.1,113.99,3288.7,22.0616
2019-08-15,2847.6,21.18,112.26,3282.78,22.5419
2019-08-16,2888.68,18.47,110.32,3329.08,20.3841
2019-08-19,2923.65,16.88,101.22,3369.19,18.2556
2019-08-20,2900.51,17.5,104.77,3350.23,18.4289
2019-08-21,2924.43,15.8,98.03,3394.89,16.7721
2019-08-22,2922.95,16.68,100.94,3373.67,18.2332
2019-08-23,2847.11,19.87,111.37,3334.25,20.1473
2019-08-26,2878.38,19.32,106.27,3348.84,20.2502
2019-08-27,2869.16,20.31,106.49,3370.47,19.4399
2019-08-28,2887.94,19.35,103.95,3365.38,19.3267
2019-08-29,2924.58,17.88,99.8,3411.33,17.601
2019-08-30,2926.46,18.98,102.66,3426.76,17.6681
2019-09-03,2906.27,19.66,102.19,3420.74,18.2403
2019-09-04,2937.78,17.33,97.3,3450.83,16.5794
2019-09-05,2976.0,16.27,95.51,3484.7,15.5052
2019-09-06,2978.71,15.0,94.4,3495.19,14.6313
2019-09-09,2978.43,15.27,94.5,3495.02,14.9418
2019-09-10,2979.39,15.2,94.12,3498.99,15.2574
2019-09-11,3000.93,14.61,97.79,3516.82,15.4354
2019-09-12,3009.57,14.22,95.94,3538.86,14.4138
2019-09-13,3007.39,13.74,98.93,3550.11,13.7364
2019-09-16,2997.96,14.67,101.73,3518.45,15.2467
2019-09-17,3005.7,14.44,101.67,3521.26,15.5502
2019-09-18,3006.73,13.95,99.09,3528.04,15.2097
2019-09-19,3006.79,14.05,97.3,3552.65,14.501
2019-09-20,2992.07,15.32,101.03,3571.39,13.9744
2019-09-23,2991.78,14.91,97.6,3536.97,15.5783
2019-09-24,2966.6,17.05,104.96,3532.05,15.9723
2019-09-25,2984.87,15.96,99.68,3513.03,17.2313
2019-09-26,2977.62,16.07,100.31,3532.18,16.587
2019-09-27,2961.79,17.22,103.2,3545.88,15.8826
2019-09-30,2976.74,16.24,97.62,3569.45,15.8282
2019-10-01,2940.25,18.56,102.74,3518.25,17.26
2019-10-02,2887.61,20.56,103.81,3413.31,21.0071
2019-10-04,2952.01,17.04,95.19,3446.71,18.5245
2019-10-07,2938.79,17.86,97.04,3471.24,17.856
2019-10-08,2893.06,20.28,102.27,3432.76,19.2294
2019-10-09,2919.4,18.64,101.25,3462.11,18.3918
2019-10-10,2938.13,17.57,99.66,3493.96,17.418
2019-10-11,2970.27,15.58,97.7,3569.92,15.8911
2019-10-14,2966.15,14.57,94.43,3556.26,15.9171
2019-10-15,2995.68,13.54,93.98,3598.65,14.4716
2019-10-16,2989.69,13.68,93.16,3599.25,14.76
2019-10-17,2997.95,13.79,90.27,3588.62,14.9276
2019-10-18,2986.2,14.25,91.2,3579.41,15.3746
2019-10-21,3006.72,14.0,87.29,3600.08,14.7438
2019-10-22,2995.99,14.46,89.32,3604.82,14.1743
2019-10-23,3004.52,14.01,87.59,3606.89,13.4557
2019-10-24,3010.29,13.71,86.55,3621.37,13.0918
2019-10-25,3022.55,12.65,83.82,3624.68,12.8208
2019-10-28,3039.42,13.11,86.48,3625.69,13.2006
2019-10-29,3036.89,13.2,87.75,3622.09,13.7262
2019-10-30,3046.77,12.33,86.47,3620.29,13.7963
2019-10-31,3037.56,13.22,88.92,3604.41,13.7919
2019-11-01,3066.91,12.3,85.69,3623.74,12.8444
2019-11-04,3078.27,12.83,88.75,3665.21,12.9047
2019-11-05,3074.62,13.1,90.98,3676.52,12.9226
2019-11-06,3076.78,12.62,89.59,3688.74,12.9335
2019-11-07,3085.18,12.73,90.15,3706.68,12.7542
2019-11-08,3093.08,12.07,89.06,3699.65,12.8514
2019-11-11,3087.01,12.69,89.56,3696.82,13.0887
2019-11-12,3091.84,12.68,90.35,3712.2,12.6338
2019-11-13,3094.04,13.0,93.5,3699.5,12.7955
2019-11-14,3096.63,13.05,93.45,3688.81,12.4735
2019-11-15,3120.46,12.05,93.35,3711.61,11.537
2019-11-18,3122.03,12.46,93.99,3704.92,12.0372
2019-11-19,3120.18,12.86,95.95,3696.56,12.3699
2019-11-20,3108.46,12.78,95.36,3683.88,12.7274
2019-11-21,3103.54,13.13,96.09,3679.66,13.1317
2019-11-22,3110.29,12.34,94.4,3687.32,13.0888
2019-11-25,3133.64,11.87,90.24,3707.68,12.3837
2019-11-26,3140.52,11.54,89.88,3705.55,12.0954
2019-11-27,3153.63,11.75,90.2,3712.85,12.2032
2019-11-29,3140.98,12.62,91.05,3703.58,13.174
2019-12-02,3113.87,14.91,98.91,3626.66,15.8889
2019-12-03,3093.2,15.96,102.65,3610.99,16.9096
2019-12-04,3112.76,14.8,98.72,3660.02,15.2237
2019-12-05,3117.43,14.52,98.12,3648.13,15.3707
2019-12-06,3145.91,13.62,96.52,3692.34,14.1327
2019-12-09,3135.96,15.86,101.89,3672.18,14.9246
2019-12-10,3132.52,15.68,101.03,3671.78,15.022
2019-12-11,3141.63,14.99,104.82,3687.45,15.2345
2019-12-12,3168.57,13.94,101.3,3706.35,14.6631
2019-12-13,3168.8,12.63,96.61,3731.07,13.1174
2019-12-16,3191.45,12.14,94.21,3772.74,11.644
2019-12-17,3192.52,12.29,98.56,3745.28,12.1489
2019-12-18,3191.14,12.58,99.2,3739.0,11.8244
2019-12-19,3205.37,12.5,97.25,3739.17,12.1761
2019-12-20,3221.22,12.51,99.29,3776.56,11.0774
2019-12-23,3224.01,12.61,99.82,3776.66,11.6482
2019-12-27,3240.02,13.43,99.63,3782.27,12.0913
2019-12-30,3221.29,14.82,100.02,3748.47,13.9548
2020-01-02,3257.85,12.47,89.67,3793.24,12.6736
2020-01-03,3234.85,14.02,93.79,3773.37,13.9588
2020-01-06,3246.28,13.85,92.66,3752.52,15.1404
2020-01-07,3237.18,13.79,91.07,3759.25,14.2117
2020-01-08,3253.05,13.45,90.21,3772.56,14.0401
2020-01-09,3274.7,12.54,87.81,3795.88,13.0363
2020-01-10,3265.35,12.56,88.33,3789.52,12.3886
2020-01-13,3288.13,12.32,88.48,3779.68,12.7138
2020-01-14,3283.15,12.39,86.87,3774.88,12.4099
2020-01-15,3289.29,12.42,91.15,3768.96,12.0408
2020-01-16,3316.81,12.32,90.38,3774.14,11.0223
2020-01-17,3329.62,12.1,91.75,3808.26,10.6899
2020-01-21,3320.79,12.85,92.98,3789.12,11.8141
2020-01-22,3321.75,12.91,91.11,3769.79,12.2389
2020-01-23,3325.54,12.98,92.54,3736.85,13.164
2020-01-24,3295.47,14.56,98.43,3779.16,12.6665
2020-01-27,3243.63,18.23,107.39,3677.84,17.1711
2020-01-28,3276.24,16.28,102.11,3719.22,15.1979
2020-01-29,3273.4,16.39,99.07,3736.36,14.4199
2020-01-30,3283.66,15.49,96.49,3690.78,16.4174
2020-01-31,3225.52,18.84,105.6,3640.91,17.1542
2020-02-03,3248.92,17.97,102.95,3661.27,16.2837
2020-02-04,3297.59,16.05,96.18,3732.28,14.4971
2020-02-05,3334.69,15.15,92.82,3777.84,13.6052
2020-02-06,3345.78,14.96,93.61,3805.52,12.9889
2020-02-07,3327.71,15.47,96.01,3798.49,13.3241
2020-02-10,3352.09,15.04,96.81,3793.18,13.7034
2020-02-11,3357.75,15.18,96.96,3825.84,12.9201
2020-02-12,3379.45,13.74,96.65,3854.43,12.4526
2020-02-13,3373.94,14.15,99.17,3846.74,13.2476
2020-02-14,3380.16,13.68,98.17,3840.97,13.0625
2020-02-18,3370.29,14.83,101.02,3836.54,13.8431
2020-02-19,3386.15,14.38,95.92,3865.18,12.8829
2020-02-20,3373.23,15.56,99.48,3822.98,14.09
2020-02-21,3337.75,17.08,104.86,3800.38,15.7536
2020-02-24,3225.89,25.03,112.72,3647.98,22.6584
2020-02-25,3128.21,27.85,121.01,3572.51,27.4449
2020-02-26,3116.39,27.56,113.44,3577.68,24.5403
2020-02-27,2978.76,39.16,118.0,3455.92,34.6989
2020-02-28,2954.22,40.11,125.73,3329.49,42.2369
2020-03-02,3090.23,33.42,114.69,3338.83,36.1186
2020-03-03,3003.37,36.82,116.72,3371.97,33.4532
2020-03-04,3130.12,31.99,113.97,3420.56,29.7565
2020-03-05,3023.94,39.62,119.66,3363.58,33.1404
2020-03-06,2972.37,41.94,127.16,3232.07,43.0212
2020-03-09,2746.56,54.46,137.19,2959.07,54.0993
2020-03-10,2882.23,47.3,138.82,2910.02,53.8031
2020-03-11,2741.38,53.9,146.93,2905.56,53.7615
2020-03-12,2480.64,75.47,155.05,2545.23,71.5196
2020-03-13,2711.02,57.83,171.28,2586.02,74.3321
2020-03-16,2386.13,82.69,207.59,2450.37,85.6206
2020-03-17,2529.19,75.91,194.43,2530.5,77.2625
2020-03-18,2398.1,76.45,181.33,2385.82,84.7969
2020-03-19,2409.39,72.0,181.76,2454.08,78.3461
2020-03-20,2304.92,66.04,187.18,2548.5,68.2146
2020-03-23,2237.4,61.59,167.93,2485.54,64.4283
2020-03-24,2447.33,61.67,171.91,2715.11,52.5304
2020-03-25,2475.56,63.95,171.89,2800.14,57.1305
2020-03-26,2630.07,61.0,169.58,2847.78,54.3148
2020-03-27,2541.47,65.54,168.71,2728.65,60.9948
2020-03-30,2626.65,57.08,157.66,2765.62,55.6324
2020-03-31,2584.59,53.54,152.92,2786.9,48.5926
2020-04-01,2470.5,57.06,156.99,2680.3,51.1408
2020-04-02,2526.9,50.91,147.33,2688.49,49.9156
2020-04-03,2488.65,46.8,143.52,2662.99,45.8806
2020-04-06,2663.68,45.24,143.3,2795.97,43.0301
2020-04-07,2659.41,46.7,134.45,2857.67,46.2871
2020-04-08,2749.98,43.35,141.37,2851.27,45.2972
2020-04-09,2789.82,41.67,137.75,2892.79,44.7106
2020-04-14,2846.06,37.76,131.78,2917.74,40.4768
2020-04-15,2783.36,40.84,135.93,2808.2,44.9575
2020-04-16,2799.55,40.11,129.55,2812.35,43.2623
2020-04-17,2874.56,38.15,127.15,2888.3,41.201
2020-04-20,2823.16,43.83,132.04,2909.5,41.2975
2020-04-21,2736.56,45.41,132.22,2791.34,48.2215
2020-04-22,2799.31,41.98,124.1,2834.9,43.9569
2020-04-23,2797.8,41.38,121.86,2852.46,40.3534
2020-04-24,2836.74,35.93,119.88,2809.07,40.1744
2020-04-27,2878.48,33.29,120.56,2882.09,34.7193
2020-04-28,2863.39,33.57,117.79,2932.06,33.012
2020-04-29,2939.51,31.23,115.98,2996.08,30.7205
2020-04-30,2912.43,34.15,118.53,2927.93,33.9105
2020-05-04,2842.74,35.97,121.25,2816.48,38.322
2020-05-05,2868.44,33.61,118.87,2875.91,34.5055
2020-05-06,2848.42,34.12,119.16,2843.76,34.8075
2020-05-07,2881.19,31.44,115.83,2880.6,32.4312
2020-05-08,2929.8,27.98,115.65,2908.11,29.6643
2020-05-11,2930.32,27.57,118.71,2883.75,29.9068
2020-05-12,2870.12,33.04,130.75,2884.2,27.6697
2020-05-13,2820.0,35.28,142.75,2810.55,33.4196
2020-05-14,2852.5,32.61,137.05,2760.23,36.3219
2020-05-15,2863.7,31.89,133.02,2770.7,34.4706
2020-05-18,2953.91,29.3,125.9,2911.88,29.0582
2020-05-19,2922.94,30.53,125.6,2902.58,30.1699
2020-05-20,2971.61,27.99,120.04,2942.39,29.1093
2020-05-21,2948.51,29.53,122.08,2904.98,32.315
2020-05-22,2955.45,28.16,118.38,2905.47,31.4161
2020-05-26,2991.77,28.01,113.59,2999.22,28.0385
2020-05-27,3036.13,27.62,109.82,3051.08,29.3988
2020-05-28,3029.73,28.59,108.99,3094.47,29.0063
2020-05-29,3044.31,27.51,105.6,3050.2,31.1263
2020-06-01,3055.73,28.23,106.47,3077.92,30.099
2020-06-02,3080.82,26.84,104.83,3159.02,30.678
2020-06-03,3122.87,25.66,106.85,3269.59,29.6082
2020-06-04,3112.35,25.81,109.88,3261.67,27.6617
2020-06-05,3193.93,24.52,107.59,3384.29,27.8909
2020-06-08,3232.39,25.81,110.05,3366.29,28.1197
2020-06-09,3207.18,27.57,111.0,3320.71,29.7453
2020-06-10,3190.14,27.57,116.53,3293.71,30.0524
2020-06-11,3002.1,40.79,146.84,3144.57,36.0215
2020-06-12,3041.31,36.09,151.6,3153.74,41.4116
2020-06-15,3066.59,34.4,141.83,3136.4,38.4135
2020-06-16,3124.74,33.67,143.24,3242.65,36.0977
2020-06-17,3113.49,33.47,139.94,3267.26,35.3603
2020-06-18,3115.34,32.94,135.29,3249.9,35.0461
2020-06-19,3097.74,35.12,138.35,3269.1,32.2142
2020-06-22,3117.86,31.77,133.98,3241.69,33.781
2020-06-23,3131.29,31.37,130.73,3298.83,31.3419
2020-06-24,3050.33,33.84,136.89,3196.12,36.8071
2020-06-25,3083.76,32.22,127.2,3218.91,34.6839
2020-06-26,3009.05,34.73,128.63,3204.17,35.1735
2020-06-29,3053.24,31.78,121.32,3232.02,34.4922
2020-06-30,3100.29,30.43,120.76,3234.07,31.7179
2020-07-01,3115.86,28.62,120.83,3228.45,30.1305
2020-07-02,3130.01,27.68,115.47,3320.09,27.5942
2020-07-06,3179.72,27.94,116.57,3350.03,27.6015
2020-07-07,3145.32,29.43,118.12,3321.56,27.9345
2020-07-08,3169.94,28.08,113.34,3286.09,29.5725
2020-07-09,3152.05,29.26,115.11,3261.17,30.4505
2020-07-10,3185.04,27.29,109.71,3296.22,28.4276
2020-07-13,3155.22,32.19,123.3,3350.0,27.1352
2020-07-14,3197.52,29.52,112.75,3321.39,28.9278
2020-07-15,3226.56,27.76,113.71,3378.21,27.5724
2020-07-16,3215.57,28.0,115.62,3365.35,26.8067
2020-07-17,3224.73,25.68,117.97,3365.6,25.5762
2020-07-20,3251.84,24.46,112.51,3388.34,24.2112
2020-07-21,3257.3,24.84,115.46,3405.35,23.4879
2020-07-22,3276.02,24.32,112.84,3370.76,24.2123
2020-07-23,3235.66,26.08,116.7,3371.74,23.3144
2020-07-24,3215.63,25.84,117.22,3310.89,25.5773
2020-07-27,3239.41,24.74,112.71,3302.84,25.238
2020-07-28,3218.44,25.44,113.88,3303.56,24.3987
2020-07-29,3258.44,24.1,110.95,3300.16,24.2316
2020-07-30,3246.22,24.76,112.16,3208.2,28.024
2020-07-31,3271.12,24.46,112.04,3174.32,26.6625
2020-08-03,3294.61,24.28,111.02,3248.28,25.7571
2020-08-04,3306.51,23.76,109.0,3254.29,25.087
2020-08-05,3327.77,22.99,105.67,3268.38,23.9421
2020-08-06,3349.16,22.65,105.84,3240.39,24.9371
2020-08-07,3351.28,22.21,108.18,3252.65,24.1977
2020-08-10,3360.47,22.13,111.13,3259.71,24.1127
2020-08-11,3333.69,24.03,118.34,3332.12,23.3863
2020-08-12,3380.35,22.28,115.73,3363.18,22.4674
2020-08-13,3373.43,22.13,115.18,3342.85,22.691
2020-08-14,3372.85,22.05,114.35,3305.05,23.8671
2020-08-17,3381.99,21.35,110.35,3305.85,22.7835
2020-08-18,3389.78,21.51,112.59,3289.64,23.269
2020-08-19,3374.85,22.54,114.72,3317.62,21.9882
2020-08-20,3385.51,22.72,112.99,3273.98,24.0354
2020-08-21,3397.16,22.54,111.25,3259.75,24.3375
2020-08-24,3431.28,22.37,108.25,3331.74,23.1101
2020-08-25,3443.62,22.03,103.88,3329.71,23.3594
2020-08-26,3478.73,23.27,105.8,3356.76,22.0013
2020-08-27,3484.55,24.47,114.74,3331.04,23.5584
2020-08-28,3508.01,22.96,111.56,3315.54,25.1579
2020-08-31,3500.31,26.41,119.01,3272.51,26.7213
2020-09-01,3526.65,26.12,120.1,3277.58,27.1192
2020-09-02,3580.84,26.57,122.01,3337.77,26.6145
2020-09-03,3455.06,33.6,132.91,3304.22,29.0121
2020-09-04,3426.96,30.75,122.14,3260.59,31.7117
2020-09-08,3331.84,31.46,123.56,3267.37,28.4501
2020-09-09,3398.96,28.81,121.54,3324.83,25.8888
2020-09-10,3339.19,29.71,120.58,3312.77,25.0052
2020-09-11,3340.97,26.87,113.95,3315.81,23.7249
2020-09-14,3383.54,25.85,111.27,3316.79,22.5682
2020-09-15,3401.2,25.59,108.97,3332.26,22.1155
2020-09-16,3385.49,26.04,103.48,3338.84,21.9927
2020-09-17,3357.01,26.46,100.37,3316.57,22.5468
2020-09-18,3319.47,25.83,101.19,3283.69,22.6496
2020-09-21,3281.06,27.78,108.74,3160.95,29.8809
2020-09-22,3315.57,26.86,104.69,3164.13,28.1097
2020-09-23,3236.92,28.58,107.35,3180.11,27.1669
2020-09-24,3246.59,28.51,102.26,3159.64,28.3437
2020-09-25,3298.46,26.38,99.64,3137.06,27.8075
2020-09-28,3351.6,26.19,101.85,3223.19,26.8241
2020-09-29,3335.47,26.27,96.93,3214.3,26.9026
2020-09-30,3363.0,26.37,101.58,3193.61,26.0598
2020-10-01,3380.8,26.7,101.0,3194.09,26.5374
2020-10-02,3348.44,27.63,102.72,3190.93,26.8168
2020-10-05,3408.63,27.96,103.22,3220.22,26.2763
2020-10-06,3360.95,29.48,106.14,3233.3,25.2128
2020-10-07,3419.45,28.06,104.19,3233.43,24.9744
2020-10-08,3446.83,26.36,104.8,3255.76,23.98
2020-10-09,3477.13,25.0,109.22,3273.12,22.2369
2020-10-12,3534.22,25.07,109.68,3298.12,22.2531
2020-10-13,3511.93,26.07,110.97,3279.19,22.9397
2020-10-14,3488.67,26.4,116.93,3273.28,23.2425
2020-10-15,3483.34,26.97,117.59,3192.69,26.8422
2020-10-16,3483.81,27.41,115.92,3245.47,25.3165
2020-10-19,3426.92,29.18,119.76,3242.51,26.6186
2020-10-20,3443.12,29.35,119.59,3227.87,27.6293
2020-10-21,3435.56,28.65,117.47,3180.7,29.4488
2020-10-22,3453.49,28.11,118.6,3171.41,28.9879
2020-10-23,3465.39,27.55,118.94,3198.86,28.157
2020-10-26,3400.97,32.46,133.08,3105.25,31.7557
2020-10-27,3390.68,33.35,135.32,3070.6,32.7397
2020-10-28,3271.03,40.28,152.01,2963.54,38.2587
2020-10-29,3310.11,37.59,147.84,2960.03,37.5504
2020-10-30,3269.96,38.02,145.24,2958.21,35.3472
2020-11-02,3310.24,37.13,142.65,3019.54,35.233
2020-11-03,3369.16,35.55,136.28,3098.72,32.763
2020-11-04,3443.44,29.57,122.12,3161.07,28.0023
2020-11-05,3510.45,27.58,117.68,3215.56,26.3725
