DATE,V2TX,V6I1,V6I2
1999-01-04,18.2033,21.2458,17.5555
1999-01-05,29.6912,36.64,28.4274
1999-01-06,25.167,25.4107,25.1351
1999-01-07,32.5205,35.441,32.2004
1999-01-08,33.2296,35.8846,33.002
1999-01-11,36.8411,46.9742,36.4643
1999-01-12,37.5664,48.6277,37.2998
1999-01-13,39.7373,55.2934,39.5218
1999-01-14,39.1373,,39.9544
1999-01-15,38.6741,,39.0602
1999-01-18,38.5439,38.8913,41.5457
1999-01-19,38.7869,38.9344,41.5739
1999-01-20,35.5535,35.506,38.4053
1999-01-21,36.9171,36.6065,40.1856
1999-01-22,39.9439,39.3615,43.1443
1999-01-25,40.7034,39.6008,42.8691
1999-01-26,42.7544,41.8125,44.2239
1999-01-27,41.7569,40.5969,43.2058
1999-01-28,39.1479,38.0734,40.2463
1999-01-29,37.614,37.22,37.952
1999-02-01,37.0314,35.9769,37.5483
1999-02-02,38.6119,37.9446,38.8876
1999-02-03,39.9634,38.9465,40.312
1999-02-04,38.7933,37.6938,39.106
1999-02-05,37.8148,36.3039,38.1672
1999-02-08,38.7652,39.435,38.6795
1999-02-09,39.5509,40.93,39.4112
1999-02-10,40.304,38.4648,40.4405
1999-02-11,37.8309,36.1257,37.9248
1999-02-12,36.0635,35.8203,36.0732
1999-02-15,37.6696,37.9043,37.6678
1999-02-16,36.0135,36.7605,36.0116
1999-02-17,36.6858,41.7057,36.7485
1999-02-18,35.563,,35.8934
1999-02-19,33.9143,,34.4661
1999-02-22,32.0859,32.3856,31.4644
1999-02-23,31.2627,31.4928,30.8899
1999-02-24,30.7791,30.5968,31.0124
1999-02-25,31.7813,32.3411,31.1821
1999-02-26,30.7952,30.6143,30.951
1999-03-01,32.4626,33.4818,31.94
1999-03-02,32.0338,32.6807,31.7593
1999-03-03,31.9273,34.0188,31.165
1999-03-04,30.8785,30.8178,30.8961
1999-03-05,29.2587,28.2572,29.4932
1999-03-08,29.8568,28.3003,30.0482
1999-03-09,28.9631,28.6321,28.9958
1999-03-10,27.9453,27.9845,27.9423
1999-03-11,27.0558,26.8203,27.069
1999-03-12,26.9831,27.1633,26.9759
1999-03-15,27.7671,28.9361,27.7575
1999-03-16,27.4854,30.7105,27.4767
1999-03-17,28.156,39.9562,28.1738
1999-03-18,28.1701,,28.2756
1999-03-19,26.9936,,27.1583
1999-03-22,27.138,27.5911,26.0376
1999-03-23,28.8415,29.4503,27.6684
1999-03-24,29.9038,30.5815,28.8473
1999-03-25,28.0526,28.171,27.9041
1999-03-26,28.573,28.872,28.2587
1999-03-29,27.319,27.1928,27.3978
1999-03-30,27.2308,27.0823,27.3097
1999-03-31,25.2455,24.5876,25.5382
1999-04-01,24.6067,23.8783,24.8816
1999-04-06,24.6069,24.6959,24.5926
1999-04-07,25.0337,25.5237,24.9693
1999-04-08,24.9114,25.629,24.8353
1999-04-09,24.3759,25.6521,24.2681
1999-04-12,25.2893,33.3963,24.9816
1999-04-13,24.4003,33.0476,24.1863
1999-04-14,25.4744,33.5695,25.3658
1999-04-15,26.5825,,27.5811
1999-04-16,25.7353,,26.3517
1999-04-19,25.0928,25.374,27.5039
1999-04-20,26.7889,26.9088,29.0413
1999-04-21,25.7711,25.7227,28.6321
1999-04-22,25.2493,24.9981,27.8716
1999-04-23,25.2358,24.8019,27.6015
1999-04-26,25.7839,25.0609,27.2021
1999-04-27,24.3193,23.3255,25.8344
1999-04-28,24.47,23.6557,25.4809
1999-04-29,24.7805,23.4417,26.1137
1999-04-30,23.737,21.9936,25.1496
1999-05-03,24.1008,22.2449,24.9784
1999-05-04,24.4724,23.5684,24.8407
1999-05-05,25.6464,24.1194,26.1579
1999-05-06,26.9529,26.0376,27.2123
1999-05-07,27.0848,26.3707,27.2527
1999-05-10,27.306,26.1643,27.4472
1999-05-11,26.5551,24.6244,26.7394
1999-05-12,27.5905,25.3399,27.7542
1999-05-14,28.3111,28.2791,28.3123
1999-05-17,30.5288,34.5427,30.4945
1999-05-18,30.8287,33.0406,30.8228
1999-05-19,28.1833,30.2472,28.2785
1999-05-20,25.3421,,25.7008
1999-05-21,23.4528,,23.9326
1999-05-25,26.6217,27.0551,25.9111
1999-05-26,26.6568,27.1819,25.9645
1999-05-27,27.2467,27.7757,26.6794
1999-05-28,25.5676,25.397,25.7145
1999-05-31,24.9911,24.7206,25.1254
1999-06-01,25.1583,24.6443,25.3701
1999-06-02,25.2086,24.6682,25.3943
1999-06-03,25.6438,25.4886,25.6886
1999-06-04,23.3808,21.4144,23.8269
1999-06-07,23.245,21.0597,23.5074
1999-06-08,23.1267,21.5748,23.2752
1999-06-09,22.6426,21.3853,22.7354
1999-06-10,23.4619,23.4159,23.4645
1999-06-11,22.4243,21.5851,22.4572
1999-06-14,23.3682,26.6315,23.3402
1999-06-15,23.0918,26.4708,23.0826
1999-06-16,21.7749,26.0891,21.827
1999-06-17,20.8871,,21.0995
1999-06-18,21.1036,,21.057
1999-06-21,20.6465,20.506,20.9744
1999-06-22,21.0249,20.865,21.3202
1999-06-23,22.1883,22.3455,21.9482
1999-06-24,22.7759,23.1878,22.2514
1999-06-25,22.3262,22.3366,22.3154
1999-06-28,23.0465,23.6648,22.6503
1999-06-29,23.1458,24.0524,22.6477
1999-06-30,23.3367,24.3511,22.8619
1999-07-01,21.635,21.9421,21.5155
1999-07-02,20.4213,20.0131,20.5529
1999-07-05,19.9335,20.3884,19.8445
1999-07-06,20.6114,21.5185,20.4631
1999-07-07,21.3227,22.9822,21.0974
1999-07-08,21.472,23.0787,21.2973
1999-07-09,20.7281,21.4116,20.6709
1999-07-12,21.0405,25.6824,20.8722
1999-07-13,22.4763,27.5181,22.3586
1999-07-14,22.5393,28.5863,22.46
1999-07-15,20.1082,,21.433
1999-07-16,19.7668,,20.8404
1999-07-19,19.9218,20.3498,23.4716
1999-07-20,21.8327,22.0277,25.3731
1999-07-21,24.2567,24.2007,27.5279
1999-07-22,25.2919,25.036,27.9606
1999-07-23,25.6214,25.1149,28.3614
1999-07-26,28.2556,27.3347,30.0504
1999-07-27,27.4419,26.1202,29.4391
1999-07-28,26.3391,25.02,27.9473
1999-07-29,28.0028,25.9664,29.9943
1999-07-30,26.896,25.2972,28.2076
1999-08-02,28.0655,26.4761,28.8283
1999-08-03,28.8511,26.8135,29.6619
1999-08-04,29.6537,26.929,30.5467
1999-08-05,32.8816,30.2078,33.6163
1999-08-06,32.1465,29.0473,32.8442
1999-08-09,31.3775,29.6368,31.5912
1999-08-10,32.701,30.5759,32.9047
1999-08-11,32.4776,29.159,32.7163
1999-08-12,29.4095,26.3012,29.5751
1999-08-13,26.0123,22.3859,26.1468
1999-08-16,26.9659,26.1991,26.9719
1999-08-17,26.1797,26.2609,26.1794
1999-08-18,26.6964,28.9523,26.7268
1999-08-19,27.2993,,27.5052
1999-08-20,25.8141,,26.0322
1999-08-23,24.6286,24.76,24.3579
1999-08-24,24.9878,25.4411,24.2426
1999-08-25,23.0672,22.919,23.2569
1999-08-26,22.7808,22.5384,23.0329
1999-08-27,22.3076,21.7357,22.7914
1999-08-30,23.234,23.1366,23.2826
1999-08-31,24.9551,26.4004,24.3251
1999-09-01,24.472,25.0116,24.281
1999-09-02,25.845,27.3714,25.3858
1999-09-03,23.0423,21.9311,23.3002
1999-09-06,22.9409,21.851,23.0753
1999-09-07,23.0444,22.0721,23.1387
1999-09-08,23.0891,21.7831,23.1855
1999-09-09,22.2243,20.6292,22.3108
1999-09-10,21.6421,21.9832,21.6283
1999-09-13,22.717,22.8999,22.7155
1999-09-14,23.6243,27.4301,23.6138
1999-09-15,24.7157,34.8176,24.7146
1999-09-16,25.1277,,25.1274
1999-09-17,23.8429,,23.7559
1999-09-20,23.8031,23.5953,24.2864
1999-09-21,25.3996,25.406,25.3876
1999-09-22,25.8222,25.9316,25.6555
1999-09-23,25.0303,24.9433,25.1385
1999-09-24,27.1255,27.5966,26.6268
1999-09-27,26.3027,26.4113,26.2344
1999-09-28,26.9086,27.0389,26.8389
1999-09-29,27.8488,28.3619,27.613
1999-09-30,27.8471,28.1802,27.7176
1999-10-01,27.8705,28.6407,27.6143
1999-10-04,26.5893,26.6631,26.575
1999-10-05,26.3157,26.1986,26.3343
1999-10-06,25.2768,24.9183,25.3231
1999-10-07,23.4953,22.3372,23.613
1999-10-08,23.1659,22.6648,23.2066
1999-10-11,22.6819,23.5499,22.6531
1999-10-12,23.4701,25.6989,23.4212
1999-10-13,24.7145,31.4401,24.6261
1999-10-14,24.0129,,25.2403
1999-10-15,27.1818,,28.139
1999-10-18,29.4296,29.7224,31.9512
1999-10-19,25.9996,26.1408,28.6338
1999-10-20,25.4943,25.4547,27.8569
1999-10-21,25.9541,25.7467,28.142
1999-10-22,23.4008,23.0067,25.5517
1999-10-25,25.2749,24.6405,26.5244
1999-10-26,24.3652,23.6407,25.485
1999-10-27,24.7645,23.7918,25.9643
1999-10-28,22.0081,20.9591,23.0591
1999-10-29,21.9392,21.1109,22.6322
1999-11-01,21.8553,20.8715,22.3316
1999-11-02,22.0428,20.9696,22.4765
1999-11-03,22.3514,21.4601,22.654
1999-11-04,21.8141,20.5858,22.1571
1999-11-05,20.8933,19.2493,21.2676
1999-11-08,21.332,19.8773,21.5093
1999-11-09,21.2722,19.7413,21.4183
1999-11-10,21.2203,20.0619,21.3059
1999-11-11,20.9458,19.2344,21.0382
1999-11-12,20.78,19.7987,20.8182
1999-11-15,21.6098,22.9661,21.5986
1999-11-16,21.1132,24.5176,21.1038
1999-11-17,21.2685,24.7169,21.234
1999-11-18,20.5132,,20.2782
1999-11-19,20.1544,,19.7218
1999-11-22,22.501,21.9536,23.7426
1999-11-23,22.816,22.2482,23.8404
1999-11-24,22.801,22.0963,23.8284
1999-11-25,21.7842,20.8297,22.9193
1999-11-26,22.0031,20.9007,23.0938
1999-11-29,23.0575,21.7436,23.8444
1999-11-30,23.4039,22.286,23.9786
1999-12-01,23.6672,22.1602,24.3197
1999-12-02,23.5439,21.8919,24.1502
1999-12-03,22.425,20.2536,23.0899
1999-12-06,22.9538,21.3188,23.2561
1999-12-07,23.6904,22.0652,23.9392
1999-12-08,23.5967,22.6967,23.7112
1999-12-09,23.9505,22.3667,24.1098
1999-12-10,25.1937,24.3729,25.2599
1999-12-13,25.8074,26.4484,25.7863
1999-12-14,26.6982,27.6644,26.6776
1999-12-15,28.2257,30.3639,28.2001
1999-12-16,29.6028,,29.0679
1999-12-17,29.4312,,29.015
1999-12-20,28.9298,28.8081,27.8232
1999-12-21,29.4158,29.3613,28.3301
1999-12-22,28.4172,28.424,27.9884
1999-12-23,28.9967,29.0452,28.4549
1999-12-27,31.9852,32.7979,30.2562
1999-12-28,31.867,32.7908,30.3257
1999-12-29,31.5221,32.5899,30.0903
1999-12-30,31.1018,32.3806,29.6985
2000-01-03,30.9845,32.2003,30.3575
2000-01-04,33.2225,35.0483,32.4283
2000-01-05,32.5944,35.1717,31.6464
2000-01-06,31.1811,33.4803,30.4829
2000-01-07,27.4407,28.9179,27.0756
2000-01-10,27.3711,28.9649,27.1624
2000-01-11,27.9619,29.4209,27.8127
2000-01-12,28.6067,30.7273,28.439
2000-01-13,28.0491,30.0857,27.9299
2000-01-14,25.4786,26.8035,25.4242
2000-01-17,25.9901,31.6851,25.9394
2000-01-18,27.7794,33.2264,27.7641
2000-01-19,28.1277,37.751,28.1239
2000-01-20,27.7616,,27.7724
2000-01-21,28.1958,,28.1675
2000-01-24,28.6632,28.6419,28.7069
2000-01-25,30.0186,30.027,30.0052
2000-01-26,29.4326,29.4716,29.3823
2000-01-27,28.0638,28.1507,27.9721
2000-01-28,29.0238,28.8193,29.1998
2000-01-31,31.9687,32.6417,31.6264
2000-02-01,30.1224,30.6889,29.8823
2000-02-02,29.5014,30.1294,29.2793
2000-02-03,28.9268,30.2447,28.5338
2000-02-04,28.6263,29.6778,28.3691
2000-02-07,29.9433,32.6134,29.5878
2000-02-08,28.5691,31.0409,28.3117
2000-02-09,29.5142,31.9672,29.3192
2000-02-10,30.1312,33.1874,29.9496
2000-02-11,29.1778,32.5752,29.0336
2000-02-14,32.9205,39.6154,32.8613
2000-02-15,33.9884,41.3574,33.9675
2000-02-16,32.5563,42.335,32.6342
2000-02-17,30.9239,,31.3188
2000-02-18,30.3079,,30.9865
2000-02-21,30.9721,32.6419,26.7008
2000-02-22,30.7722,32.6484,26.9936
2000-02-23,29.5958,31.6045,26.3308
2000-02-24,29.5094,31.7154,26.565
2000-02-25,27.092,29.8295,23.9869
2000-02-28,29.0865,32.4289,26.8398
2000-02-29,28.7829,30.8743,27.636
2000-03-01,27.6825,29.6228,26.7837
2000-03-02,24.7261,27.0782,23.7886
2000-03-03,27.5193,27.2949,27.5898
2000-03-06,27.7329,28.3113,27.6247
2000-03-07,28.4641,29.4486,28.3115
2000-03-08,29.5076,30.7897,29.3456
2000-03-09,29.2994,30.2542,29.2037
2000-03-10,28.231,27.9698,28.251
2000-03-13,31.1377,38.4101,30.8966
2000-03-14,30.9028,37.6151,30.7631
2000-03-15,31.5052,43.855,31.3554
2000-03-16,31.4462,,30.5311
2000-03-17,31.0922,,30.4206
2000-03-20,29.5358,29.4377,27.5185
2000-03-21,29.1204,29.1511,27.0948
2000-03-22,28.9261,29.102,26.868
2000-03-23,28.5267,28.8024,26.85
2000-03-24,27.0158,27.2766,25.9924
2000-03-27,27.0584,27.6765,26.0087
2000-03-28,26.431,27.2156,25.3545
2000-03-29,25.4628,26.2776,24.5506
2000-03-30,27.7869,29.2776,26.383
2000-03-31,27.237,28.8112,26.0042
2000-04-03,28.179,31.1902,26.7577
2000-04-04,27.8205,30.7131,26.6846
2000-04-05,32.0695,37.8865,30.0712
2000-04-06,28.7791,31.8804,27.9387
2000-04-07,26.626,28.1409,26.2985
2000-04-10,26.9387,29.7717,26.6108
2000-04-11,28.1435,33.5138,27.6389
2000-04-12,27.6432,32.4267,27.3066
2000-04-13,27.8573,32.6433,27.6118
2000-04-14,28.407,35.481,28.1459
2000-04-17,30.7758,46.0036,30.6679
2000-04-18,30.2799,44.6345,30.252
2000-04-19,28.2189,,28.1671
2000-04-20,27.2314,,27.0231
2000-04-25,28.3096,27.567,29.4621
2000-04-26,28.2941,27.5793,29.1894
2000-04-27,29.9862,28.9206,31.0668
2000-04-28,28.133,26.7859,29.2498
2000-05-02,28.7111,27.8344,29.07
2000-05-03,29.8878,29.1115,30.1537
2000-05-04,29.5658,29.1515,29.6847
2000-05-05,28.1957,26.3451,28.6205
2000-05-08,28.7495,28.0965,28.8312
2000-05-09,29.2943,28.9996,29.3234
2000-05-10,30.0209,30.1083,30.0143
2000-05-11,27.7294,27.3474,27.7508
2000-05-12,27.0581,26.2424,27.0902
2000-05-15,28.1816,31.0823,28.1571
2000-05-16,26.8223,31.2538,26.8101
2000-05-17,27.2548,34.2655,27.3039
2000-05-18,26.2945,,26.5261
2000-05-19,28.5293,,29.1358
2000-05-22,29.7029,31.382,25.3034
2000-05-23,28.7434,30.5001,25.1349
2000-05-24,28.8636,31.0928,25.1145
2000-05-25,27.3632,29.0448,25.1079
2000-05-26,26.7763,28.5798,24.7617
2000-05-29,26.2538,28.2087,24.95
2000-05-30,25.6275,27.4243,24.6161
2000-05-31,25.2594,27.0774,24.3904
2000-06-01,24.1361,26.1957,23.294
2000-06-02,22.758,25.5038,21.7864
2000-06-05,23.4487,26.068,22.9087
2000-06-06,24.1594,26.5922,23.7488
2000-06-07,24.3745,26.7239,24.0523
2000-06-08,24.1118,26.4062,23.8596
2000-06-09,24.3139,24.5605,24.2935
2000-06-12,24.5714,27.0343,24.4871
2000-06-13,24.1788,28.5279,24.0793
2000-06-14,23.2305,27.6116,23.175
2000-06-15,24.1161,,23.1382
2000-06-16,23.551,,22.86
2000-06-19,23.0801,22.8336,20.7737
2000-06-20,22.3126,22.2232,20.4946
2000-06-21,22.709,22.7396,20.7054
2000-06-22,22.7119,22.8697,20.8911
2000-06-23,22.6095,22.9217,20.7207
2000-06-26,22.8163,22.8588,22.7291
2000-06-27,22.7851,22.7733,22.804
2000-06-28,22.2728,22.0257,22.5874
2000-06-29,23.5674,23.4885,23.6501
2000-06-30,22.4188,21.8956,22.8623
2000-07-03,22.6522,22.1815,22.8843
2000-07-04,21.8585,21.7061,21.9219
2000-07-05,22.6108,21.9285,22.844
2000-07-06,22.4538,22.1907,22.5294
2000-07-07,21.4666,21.4071,21.4808
2000-07-10,21.5763,21.749,21.5543
2000-07-11,21.2154,21.155,21.2214
2000-07-12,20.9498,21.0974,20.9386
2000-07-13,20.4478,20.273,20.4576
2000-07-14,19.7817,19.5215,19.792
2000-07-17,19.6085,21.436,19.5932
2000-07-18,19.4081,23.1218,19.3977
2000-07-19,20.4576,25.3578,20.4233
2000-07-20,20.0856,,19.8961
2000-07-21,20.3524,,20.0304
2000-07-24,20.8416,20.3275,21.8549
2000-07-25,20.573,19.8595,21.669
2000-07-26,20.6399,20.0888,21.329
2000-07-27,21.2491,20.7301,21.7812
2000-07-28,22.5549,22.0955,22.9453
2000-07-31,22.2473,21.5017,22.6114
2000-08-01,22.4564,21.6741,22.7757
2000-08-02,22.2791,21.2572,22.6245
2000-08-03,23.1963,22.2022,23.4764
2000-08-04,22.4068,21.2064,22.6845
2000-08-07,22.2459,21.4064,22.35
2000-08-08,21.9573,21.8337,21.9695
2000-08-09,21.7924,20.4878,21.8884
2000-08-10,21.295,20.1004,21.3603
2000-08-11,21.1817,19.0454,21.2626
2000-08-14,20.6699,21.1175,20.6663
2000-08-15,20.6954,22.2471,20.6913
2000-08-16,20.2856,22.2358,20.3054
2000-08-17,20.218,,20.332
2000-08-18,19.908,,19.8446
2000-08-21,19.9801,19.8516,20.2799
2000-08-22,19.9077,19.6682,20.3478
2000-08-23,19.6149,19.2137,20.2072
2000-08-24,19.8195,19.5152,20.1927
2000-08-25,19.2467,18.7041,19.7952
2000-08-28,19.7272,19.3523,19.9587
2000-08-29,19.8354,19.4605,20.0325
2000-08-30,20.1445,21.202,19.6463
2000-08-31,19.6192,19.459,19.6806
2000-09-01,19.1432,18.5528,19.3322
2000-09-04,19.608,20.2724,19.4772
2000-09-05,20.5245,21.3452,20.3907
2000-09-06,20.6624,21.805,20.5092
2000-09-07,19.9145,20.2496,19.8792
2000-09-08,20.4529,21.0242,20.4052
2000-09-11,20.1723,22.0412,20.1086
2000-09-12,20.0698,21.9636,20.0283
2000-09-13,20.5915,24.9155,20.5362
2000-09-14,20.3929,,20.0037
2000-09-15,19.8744,,19.6766
2000-09-18,21.1522,21.0082,19.8284
2000-09-19,21.4403,21.3713,20.0482
2000-09-20,22.0206,22.0457,20.388
2000-09-21,24.8499,25.1614,21.1078
2000-09-22,24.4241,25.0295,20.5956
2000-09-25,23.134,24.3045,20.5351
2000-09-26,22.6903,24.2834,19.8687
2000-09-27,22.387,24.0662,20.0165
2000-09-28,21.9375,23.7839,19.8125
2000-09-29,23.3527,23.2676,23.4261
2000-10-02,23.5058,23.5992,23.4589
2000-10-03,23.2025,23.3365,23.1463
2000-10-04,23.5726,24.3469,23.2965
2000-10-05,23.1713,23.2008,23.1627
2000-10-06,23.228,24.0505,23.027
2000-10-09,25.2841,28.6973,24.8181
2000-10-10,25.6899,28.7734,25.3631
2000-10-11,27.7018,32.6526,27.2885
2000-10-12,27.6395,32.9768,27.3074
2000-10-13,28.6457,34.4976,28.3866
2000-10-16,27.4471,34.0374,27.3879
2000-10-17,26.9909,31.2455,26.9792
2000-10-18,29.8545,39.5924,29.8553
2000-10-19,27.5447,,27.5453
2000-10-20,26.4015,,26.2618
2000-10-23,26.5041,26.4662,26.5814
2000-10-24,25.6512,25.7729,25.4546
2000-10-25,26.7632,27.009,26.4432
2000-10-26,27.3998,27.8597,26.908
2000-10-27,26.3201,26.582,26.0912
2000-10-30,26.4888,26.7721,26.3458
2000-10-31,25.3007,25.2531,25.3206
2000-11-01,24.8817,24.7896,24.9137
2000-11-02,24.4974,23.9677,24.6486
2000-11-03,23.5439,22.8985,23.6956
2000-11-06,24.153,23.6862,24.2115
2000-11-07,24.3339,24.3151,24.3358
2000-11-08,24.2379,24.9066,24.1862
2000-11-09,24.2536,24.1516,24.2593
2000-11-10,25.5209,26.749,25.4706
2000-11-13,28.0549,35.773,27.9845
2000-11-14,25.58,31.1908,25.5641
2000-11-15,25.1041,29.9963,25.1136
2000-11-16,24.9593,,24.9908
2000-11-17,24.8839,,24.9322
2000-11-20,26.3919,26.737,25.5594
2000-11-21,25.5011,25.8557,24.8252
2000-11-22,26.9424,27.5761,25.9533
2000-11-23,26.1599,26.7397,25.4179
2000-11-24,25.3792,25.9249,24.799
2000-11-27,25.9746,27.5615,24.9281
2000-11-28,26.2554,27.7292,25.4349
2000-11-29,26.202,27.5936,25.546
2000-11-30,28.3822,31.2737,27.1862
2000-12-01,27.2654,29.7701,26.396
2000-12-04,28.1715,31.4434,27.4953
2000-12-05,26.1682,29.4216,25.6116
2000-12-06,25.6741,28.3754,25.3018
2000-12-07,25.8519,29.2455,25.4717
2000-12-08,25.4143,27.5884,25.2274
2000-12-11,24.7145,29.2426,24.5532
2000-12-12,24.2173,30.0743,24.0794
2000-12-13,23.8414,32.4991,23.7229
2000-12-14,24.9575,,24.1652
2000-12-15,25.5995,,24.6823
2000-12-18,24.4511,24.1703,21.8144
2000-12-19,24.3914,24.3012,22.5642
2000-12-20,27.2206,27.2982,21.837
2000-12-21,27.9824,28.0719,26.9749
2000-12-22,27.4624,27.5682,26.8454
2000-12-27,27.03,27.223,26.7793
2000-12-28,26.7269,26.9868,26.451
2000-12-29,26.2264,26.2456,26.2097
2001-01-02,27.7303,28.7116,27.3094
2001-01-03,28.6179,30.1668,28.0577
2001-01-04,26.9197,28.1549,26.5513
2001-01-05,26.5915,27.2308,26.4363
2001-01-08,27.2654,29.3731,26.9866
2001-01-09,27.0958,29.3006,26.8668
2001-01-10,26.4681,28.2225,26.3298
2001-01-11,24.84,26.3129,24.7543
2001-01-12,23.6527,23.3952,23.663
2001-01-15,23.7621,26.539,23.7385
2001-01-16,24.1272,29.5815,24.1117
2001-01-17,23.4431,29.2446,23.4373
2001-01-18,23.2996,,23.2508
2001-01-19,22.7919,,22.7335
2001-01-22,23.3179,23.346,23.2602
2001-01-23,23.1033,22.9198,23.3948
2001-01-24,22.4584,22.1956,22.7925
2001-01-25,22.0112,21.728,22.3049
2001-01-26,21.9228,21.6189,22.1828
2001-01-29,22.0578,22.0974,22.0379
2001-01-30,22.5248,22.9201,22.3574
2001-01-31,22.2534,22.5959,22.1327
2001-02-01,21.7483,22.0544,21.6589
2001-02-02,21.1674,21.587,21.0659
2001-02-05,21.525,21.6143,21.5137
2001-02-06,20.5066,20.2548,20.5314
2001-02-07,20.7801,20.6688,20.7886
2001-02-08,20.1604,19.6048,20.1913
2001-02-09,20.3934,19.2989,20.436
2001-02-12,19.6955,21.427,19.681
2001-02-13,19.8939,22.09,19.888
2001-02-14,21.0316,28.4605,21.0523
2001-02-15,19.6685,,19.7181
2001-02-16,21.0099,,21.2247
2001-02-19,21.2961,21.9004,19.7975
2001-02-20,21.4465,22.2713,19.8138
2001-02-21,22.6497,24.1111,20.237
2001-02-22,23.9595,24.8314,22.8252
2001-02-23,23.8147,24.8448,22.6939
2001-02-26,23.7364,24.937,22.9516
2001-02-27,22.9086,24.1122,22.2404
2001-02-28,23.3123,25.1044,22.4526
2001-03-01,23.3797,25.5318,22.4957
2001-03-02,22.8025,24.4161,22.2503
2001-03-05,22.2056,23.7246,21.9003
2001-03-06,20.877,21.387,20.7946
2001-03-07,20.7941,21.6742,20.677
2001-03-08,20.5669,22.2024,20.3887
2001-03-09,21.1372,23.392,20.9412
2001-03-12,23.4681,32.0388,23.1361
2001-03-13,24.1972,36.7129,23.8652
2001-03-14,27.1949,50.2696,26.8126
2001-03-15,27.2113,,26.6254
2001-03-16,27.708,,27.1977
2001-03-19,28.2499,27.9918,25.852
2001-03-20,27.7236,27.6236,25.6994
2001-03-21,28.3524,28.3867,26.1169
2001-03-22,30.5634,30.8555,27.1312
2001-03-23,31.441,31.7505,29.5961
2001-03-26,28.7891,29.3553,27.5957
2001-03-27,27.0792,27.2897,26.7378
2001-03-28,29.6507,30.4914,28.5309
2001-03-29,30.1767,31.0643,29.2148
2001-03-30,29.8427,30.8948,28.9004
2001-04-02,29.5547,30.8558,28.8813
2001-04-03,33.0777,36.0682,31.7434
2001-04-04,32.6021,35.2706,31.6187
2001-04-05,30.5196,32.27,29.9937
2001-04-06,29.7427,31.2954,29.3593
2001-04-09,28.7019,30.5752,28.4557
2001-04-10,26.521,27.3619,26.436
2001-04-11,25.3539,25.3124,25.357
2001-04-12,25.1553,23.7361,25.233
2001-04-17,27.7887,35.5705,27.7661
2001-04-18,25.1814,34.8914,25.1838
2001-04-19,26.1885,,26.2308
2001-04-20,26.52,,26.6775
2001-04-23,26.9862,27.2835,26.3681
2001-04-24,25.7069,25.9484,25.3146
2001-04-25,24.958,25.2312,24.6014
2001-04-26,22.9708,22.9039,23.041
2001-04-27,20.9765,20.2841,21.5582
2001-04-30,21.2096,21.1535,21.2376
2001-05-02,21.7019,22.2633,21.5027
2001-05-03,22.9237,23.838,22.652
2001-05-04,22.902,23.9168,22.6526
2001-05-07,22.5204,24.4674,22.2616
2001-05-08,22.412,23.7261,22.2771
2001-05-09,22.67,24.7699,22.5022
2001-05-10,21.2014,22.476,21.1272
2001-05-11,21.0013,21.6211,20.9762
2001-05-14,22.2907,25.5699,22.2625
2001-05-15,21.6761,27.9879,21.6577
2001-05-16,21.8261,28.0276,21.826
2001-05-17,21.1251,,21.1056
2001-05-18,20.6796,,20.6437
2001-05-21,20.6196,20.5286,20.8327
2001-05-22,20.0028,19.8262,20.3287
2001-05-23,20.0701,19.7228,20.5846
2001-05-24,19.5906,19.2191,20.0444
2001-05-25,19.5156,19.109,19.9297
2001-05-28,19.7229,19.316,19.9738
2001-05-29,20.4677,20.5839,20.4055
2001-05-30,21.5401,21.9198,21.3657
2001-05-31,21.3324,21.9319,21.0969
2001-06-01,20.9758,21.01,20.9646
2001-06-04,20.6748,21.3476,20.5424
2001-06-05,19.8599,19.705,19.8845
2001-06-06,19.9585,20.3403,19.9083
2001-06-07,19.9685,20.4539,19.9172
2001-06-08,19.0088,18.9241,19.0158
2001-06-11,19.596,22.1915,19.5058
2001-06-12,21.9501,29.5074,21.7639
2001-06-13,21.3075,27.2843,21.2286
2001-06-14,23.6198,,22.6302
2001-06-15,24.2691,,23.2872
2001-06-18,24.4264,24.3397,23.6404
2001-06-19,22.8877,22.8719,22.5763
2001-06-20,23.083,23.0898,22.6537
2001-06-21,22.2517,22.2626,22.1311
2001-06-22,20.9377,20.8684,21.3325
2001-06-25,21.4135,21.3552,21.5322
2001-06-26,23.5298,23.7901,23.1059
2001-06-27,23.1896,23.3409,22.9931
2001-06-28,21.7453,21.6005,21.8964
2001-06-29,20.3374,19.7714,20.8153
2001-07-02,19.6287,19.5008,19.6924
2001-07-03,20.4274,20.2649,20.495
2001-07-04,20.5635,20.5446,20.5701
2001-07-05,20.9835,21.2428,20.9078
2001-07-06,24.72,27.8049,23.9234
2001-07-09,25.3517,29.4167,24.7891
2001-07-10,25.0002,29.0757,24.5583
2001-07-11,27.7726,33.3713,27.2997
2001-07-12,25.0319,28.9338,24.7936
2001-07-13,24.4581,27.4243,24.332
2001-07-16,25.5613,31.3061,25.51
2001-07-17,26.1614,34.3426,26.1373
2001-07-18,28.3975,37.1922,28.4126
2001-07-19,26.0746,,26.1018
2001-07-20,26.1025,,26.1186
2001-07-23,25.7157,25.7396,25.6593
2001-07-24,26.3884,26.5138,26.1524
2001-07-25,28.0986,28.5751,27.3613
2001-07-26,26.9082,27.0296,26.7561
2001-07-27,24.9231,24.9892,24.8543
2001-07-30,23.5668,23.3633,23.6935
2001-07-31,22.3067,22.0217,22.4571
2001-08-01,21.7247,21.351,21.892
2001-08-02,22.058,21.9726,22.0908
2001-08-03,22.8639,22.8152,22.8798
2001-08-06,22.8967,23.0696,22.8631
2001-08-07,22.7948,23.6434,22.6567
2001-08-08,23.465,24.5217,23.3241
2001-08-09,25.9944,29.5699,25.5924
2001-08-10,25.7905,27.8241,25.6163
2001-08-13,25.2422,30.4302,25.0554
2001-08-14,24.09,28.4858,23.9894
2001-08-15,24.2376,29.9443,24.1638
2001-08-16,25.9489,,25.5792
2001-08-17,28.9581,,28.3098
2001-08-20,28.679,28.4126,26.2023
2001-08-21,26.7663,26.6943,25.3227
2001-08-22,26.935,26.9531,25.7828
2001-08-23,25.2731,25.3092,24.8716
2001-08-24,24.1168,24.1459,23.9489
2001-08-27,24.9203,25.1722,24.3974
2001-08-28,26.2642,26.529,25.8337
2001-08-29,26.2533,26.6459,25.7386
2001-08-30,27.7022,28.6199,26.7039
2001-08-31,27.4855,28.2451,26.8101
2001-09-03,28.8168,30.3094,28.0396
2001-09-04,28.6014,29.6004,28.173
2001-09-05,29.9404,31.2571,29.4674
2001-09-06,31.6444,34.1303,30.8871
2001-09-07,33.0768,36.1291,32.3042
2001-09-10,34.9939,41.5944,34.0664
2001-09-11,54.166,76.0493,51.4859
2001-09-12,46.6506,56.6367,45.8018
2001-09-13,40.9143,49.7989,40.355
2001-09-14,50.8244,69.1827,49.9501
2001-09-17,45.6318,67.6264,45.4126
2001-09-18,46.8572,65.1001,46.8016
2001-09-19,46.6682,64.0481,46.7375
2001-09-20,52.4536,,52.9847
2001-09-21,57.5413,,58.8137
2001-09-24,50.2767,52.6202,45.1091
2001-09-25,48.7255,51.1999,44.4678
2001-09-26,47.0451,49.612,43.5147
2001-09-27,45.1933,48.4148,41.5395
2001-09-28,40.8917,43.4532,38.5356
2001-10-01,43.2164,46.7528,41.3322
2001-10-02,42.8308,46.2011,41.3398
2001-10-03,41.6257,44.8316,40.4482
2001-10-04,38.9137,42.4211,37.8373
2001-10-05,41.4506,44.4845,40.6917
2001-10-08,43.2581,48.3637,42.5675
2001-10-09,42.1905,47.1348,41.6671
2001-10-10,39.1768,41.3356,39.0077
2001-10-11,38.5802,40.678,38.4585
2001-10-12,38.3114,40.0851,38.2387
2001-10-15,43.8745,54.8119,43.7758
2001-10-16,42.316,49.5858,42.2959
2001-10-17,40.9872,49.5276,41.0368
2001-10-18,44.656,,45.0495
2001-10-19,46.3948,,47.1503
2001-10-22,42.6101,43.9096,39.3744
2001-10-23,39.3756,40.4897,37.2049
2001-10-24,39.2538,40.4872,37.3086
2001-10-25,40.7277,42.4746,38.4374
2001-10-26,38.0684,39.344,36.6949
2001-10-29,39.5995,41.1912,38.5679
2001-10-30,42.7632,45.3953,41.2914
2001-10-31,40.7531,42.7565,39.8114
2001-11-01,39.7658,41.8956,38.9142
2001-11-02,38.4478,39.9065,37.9593
2001-11-05,37.1834,39.1662,36.7884
2001-11-06,37.6643,39.5688,37.3519
2001-11-07,36.8891,38.3868,36.6899
2001-11-08,34.336,34.2544,34.3445
2001-11-09,33.6126,34.2054,33.5635
2001-11-12,39.4467,43.9433,39.2918
2001-11-13,34.4215,37.4175,34.356
2001-11-14,35.2279,46.0686,35.0832
2001-11-15,36.8758,,35.5366
2001-11-16,33.0893,,32.3262
2001-11-19,31.8439,31.5535,29.1469
2001-11-20,31.8177,31.6664,28.7171
2001-11-21,30.7298,30.7677,28.2675
2001-11-22,28.142,28.2313,27.1359
2001-11-23,27.5501,27.6716,26.8399
2001-11-26,27.6972,28.0893,26.8778
2001-11-27,29.1762,30.1541,27.5343
2001-11-28,30.0866,31.2982,28.4494
2001-11-29,30.1699,31.5184,28.6846
2001-11-30,28.7656,30.0572,27.5979
2001-12-03,30.1062,31.9852,29.12
2001-12-04,28.1684,30.0042,27.364
2001-12-05,26.8196,28.1167,26.3523
2001-12-06,27.5957,30.1043,26.8254
2001-12-07,27.5836,29.3551,27.1429
2001-12-10,28.6401,31.5821,28.2454
2001-12-11,28.5706,31.4587,28.2675
2001-12-12,28.9269,32.5267,28.6345
2001-12-13,29.7933,33.9794,29.5395
2001-12-14,30.0327,31.6952,29.9643
2001-12-17,27.7752,32.4144,27.7349
2001-12-18,28.4894,37.7028,28.4621
2001-12-19,28.3782,37.1668,28.3871
2001-12-20,29.0028,,29.0887
2001-12-21,28.5525,,28.6504
2001-12-27,27.5493,27.5492,27.5495
2001-12-28,26.7083,26.4877,26.898
2002-01-02,29.3238,30.7714,28.8019
2002-01-03,27.3635,27.823,27.229
2002-01-04,26.6082,26.9276,26.5312
2002-01-07,27.4224,29.229,27.1849
2002-01-08,27.0382,28.3332,26.9061
2002-01-09,27.0229,28.8261,26.8808
2002-01-10,28.28,31.005,28.1184
2002-01-11,27.1757,28.4585,27.1231
2002-01-14,29.0314,35.9281,28.9695
2002-01-15,28.3889,34.6224,28.3712
2002-01-16,29.2481,38.223,29.2451
2002-01-17,28.6457,,28.6398
2002-01-18,28.0762,,28.0307
2002-01-21,29.104,29.3123,28.6734
2002-01-22,27.6213,27.6936,27.5049
2002-01-23,26.7301,26.7498,26.7047
2002-01-24,24.7429,24.3955,25.1029
2002-01-25,24.0681,23.661,24.4153
2002-01-28,24.4068,24.6449,24.2868
2002-01-29,25.0702,25.0778,25.067
2002-01-30,26.5591,26.969,26.4147
2002-01-31,25.3756,26.0656,25.1723
2002-02-01,24.6969,25.107,24.5978
2002-02-04,25.5263,26.3115,25.4251
2002-02-05,28.3647,30.5412,28.1392
2002-02-06,29.8644,33.148,29.5997
2002-02-07,28.9744,31.3901,28.8321
2002-02-08,27.6714,28.6608,27.6311
2002-02-11,27.4985,30.8026,27.4705
2002-02-12,27.2485,31.0047,27.2383
2002-02-13,27.1248,34.7368,27.1369
2002-02-14,25.7776,,25.8086
2002-02-15,26.2003,,26.2463
2002-02-18,26.1842,26.2844,25.9464
2002-02-19,28.1101,28.6268,27.1186
2002-02-20,28.9274,29.6361,27.82
2002-02-21,27.5996,28.1508,26.8961
2002-02-22,28.8222,29.6434,27.9425
2002-02-25,27.3855,28.0254,26.9766
2002-02-26,26.7555,27.8506,26.1531
2002-02-27,26.1042,27.2477,25.5689
2002-02-28,25.2315,25.6763,25.058
2002-03-01,24.6614,24.7829,24.6216
2002-03-04,24.9372,26.1069,24.705
2002-03-05,24.9983,25.9402,24.8449
2002-03-06,24.467,25.6963,24.3027
2002-03-07,25.0547,25.4245,25.0157
2002-03-08,24.2426,24.6132,24.2119
2002-03-11,24.7397,27.8774,24.631
2002-03-12,24.9463,27.99,24.8786
2002-03-13,25.2417,30.938,25.1684
2002-03-14,23.9739,,23.9443
2002-03-15,22.1027,,22.3179
2002-03-18,22.0479,22.1033,22.5382
2002-03-19,21.4943,21.518,21.953
2002-03-20,21.9692,21.9653,22.2133
2002-03-21,21.5006,21.4581,21.9645
2002-03-22,20.2874,20.1385,21.124
2002-03-25,20.5261,20.2197,21.1388
2002-03-26,20.124,19.646,20.8681
2002-03-27,19.6228,19.0719,20.3106
2002-03-28,19.523,18.8975,20.1595
2002-04-02,21.2469,21.1563,21.2847
2002-04-03,21.0574,21.2053,21.0056
2002-04-04,21.8335,22.0982,21.7562
2002-04-05,21.7559,21.4626,21.8254
2002-04-08,24.0468,25.3681,23.8742
2002-04-09,23.1595,24.2192,23.0515
2002-04-10,22.3834,23.5245,22.2942
2002-04-11,23.1157,24.0168,23.0638
2002-04-12,22.7095,23.9629,22.6579
2002-04-15,22.2784,24.3379,22.2612
2002-04-16,21.5347,26.9466,21.5192
2002-04-17,22.5101,30.6423,22.5044
2002-04-18,23.3415,,23.3001
2002-04-19,22.1707,,22.0588
2002-04-22,23.0755,23.0758,23.0746
2002-04-23,23.0873,23.1059,23.0525
2002-04-24,23.1543,23.1702,23.1302
2002-04-25,24.7467,25.1651,24.2147
2002-04-26,24.7177,25.1862,24.2208
2002-04-29,25.2871,25.9275,24.8771
2002-04-30,24.8543,25.297,24.615
2002-05-02,24.9991,25.9007,24.6429
2002-05-03,25.4528,26.4002,25.1356
2002-05-06,25.6539,27.1348,25.3581
2002-05-07,26.0091,27.3967,25.7811
2002-05-08,24.5799,25.3772,24.4743
2002-05-09,24.8256,25.2652,24.7792
2002-05-10,25.8374,25.5864,25.8579
2002-05-13,25.0596,27.1287,24.9895
2002-05-14,24.9774,29.7033,24.8688
2002-05-15,24.6901,29.0687,24.635
2002-05-16,24.6991,,24.7269
2002-05-17,24.2436,,24.2819
2002-05-20,25.2703,25.2232,24.8462
2002-05-21,25.4457,25.426,25.0578
2002-05-22,26.6927,26.7066,25.811
2002-05-23,26.319,26.3756,25.6851
2002-05-24,25.2165,25.2191,25.2015
2002-05-27,24.7368,24.7897,24.6282
2002-05-28,25.2267,25.2387,25.2073
2002-05-29,25.153,25.1134,25.204
2002-05-30,27.1074,27.3306,26.8708
2002-05-31,25.8038,26.0865,25.5563
2002-06-03,26.7834,27.6844,26.3206
2002-06-04,29.3846,31.1787,28.6009
2002-06-05,28.4381,30.2456,27.7802
2002-06-06,27.6788,29.0354,27.2734
2002-06-07,28.9115,30.4052,28.5428
2002-06-10,28.6849,30.4753,28.45
2002-06-11,28.0383,28.7833,27.9632
2002-06-12,29.8665,32.0667,29.6924
2002-06-13,31.0236,33.5756,30.8734
2002-06-14,34.7321,39.2911,34.5373
2002-06-17,31.0346,37.7102,30.9753
2002-06-18,32.0946,39.1566,32.0746
2002-06-19,35.3578,46.3408,35.4089
2002-06-20,36.7954,,37.0679
2002-06-21,37.9153,,38.4529
2002-06-24,38.6839,40.0223,35.7929
2002-06-25,36.5487,37.6603,34.6906
2002-06-26,41.2483,43.4018,38.295
2002-06-27,38.4161,40.2988,36.3325
2002-06-28,36.1088,37.8339,34.545
2002-07-01,36.6602,39.3829,35.2179
2002-07-02,40.4822,44.4787,38.6885
2002-07-03,43.7209,48.4784,41.9353
2002-07-04,40.0836,44.0601,38.8561
2002-07-05,36.7587,38.9663,36.2109
2002-07-08,38.64,44.1847,37.8795
2002-07-09,39.3975,44.8281,38.8164
2002-07-10,41.934,49.1391,41.3345
2002-07-11,46.5616,55.5028,46.0057
2002-07-12,46.88,55.0279,46.5244
2002-07-15,52.7674,70.7639,52.5984
2002-07-16,53.6174,75.3354,53.5508
2002-07-17,51.6361,71.123,51.7289
2002-07-18,48.7631,,49.2001
2002-07-19,52.0623,,52.8765
2002-07-22,56.4588,58.0048,52.6314
2002-07-23,58.9559,60.6594,55.6342
2002-07-24,62.7311,66.606,56.3592
2002-07-25,59.2462,62.821,54.4584
2002-07-26,56.4105,59.2897,53.2515
2002-07-29,46.9863,49.2966,45.4779
2002-07-30,46.3743,49.032,44.8933
2002-07-31,48.7118,51.3235,47.4802
2002-08-01,50.9696,56.8975,48.4926
2002-08-02,52.8838,58.3852,50.9587
2002-08-05,55.6485,65.0882,53.6358
2002-08-06,54.0284,62.1648,52.6157
2002-08-07,56.1031,66.0588,54.6761
2002-08-08,51.1385,57.3047,50.4514
2002-08-09,50.0196,55.2865,49.5621
2002-08-12,51.9814,63.6556,51.5574
2002-08-13,51.5112,63.8594,51.2209
2002-08-14,51.5565,63.1522,51.4073
2002-08-15,48.2384,,46.7925
2002-08-16,43.809,,42.8472
2002-08-19,38.1989,38.0266,36.6297
2002-08-20,39.9268,39.8261,37.9097
2002-08-21,38.4585,38.4825,36.9319
2002-08-22,39.1477,39.3185,37.21
2002-08-23,39.1974,39.4771,37.5466
2002-08-26,39.4661,40.3681,37.5549
2002-08-27,38.526,39.2431,37.3463
2002-08-28,43.5862,45.1586,41.4723
2002-08-29,47.2494,49.5778,44.6718
2002-08-30,46.8196,48.7024,45.1253
2002-09-02,49.62,53.1335,47.7638
2002-09-03,58.0645,63.1256,55.8118
2002-09-04,57.419,61.6481,55.869
2002-09-05,55.8658,59.2289,54.8533
2002-09-06,48.9287,49.4529,48.8026
2002-09-09,50.8459,52.6933,50.607
2002-09-10,49.3786,49.7842,49.3381
2002-09-11,45.7648,45.3209,45.7984
2002-09-12,49.7418,50.2935,49.7105
2002-09-13,50.23,48.7799,50.2871
2002-09-16,50.939,56.3701,50.8932
2002-09-17,51.5624,60.2458,51.5384
2002-09-18,56.6891,73.1212,56.7468
2002-09-19,57.4877,,57.7627
2002-09-20,55.509,,55.8238
2002-09-23,59.795,60.9542,57.3528
2002-09-24,60.3492,61.6792,58.1514
2002-09-25,57.4473,58.4339,56.1504
2002-09-26,55.7205,56.3498,55.0514
2002-09-27,56.9539,58.2539,55.8034
2002-09-30,61.3351,63.7743,60.0766
2002-10-01,57.672,58.6261,57.2682
2002-10-02,57.0608,58.819,56.4348
2002-10-03,58.8951,60.7335,58.3518
2002-10-04,60.6608,62.3401,60.2523
2002-10-07,61.8977,65.7847,61.3876
2002-10-08,61.1655,63.8716,60.89
2002-10-09,58.2038,60.8028,58.0014
2002-10-10,52.2758,54.9846,52.1188
2002-10-11,49.6096,50.163,49.5873
2002-10-14,51.3504,58.8857,51.2856
2002-10-15,48.4223,59.1842,48.3919
2002-10-16,51.5132,69.0783,51.5624
2002-10-17,51.0981,,51.3572
2002-10-18,51.7326,,52.2174
2002-10-21,50.9431,52.0467,48.2392
2002-10-22,51.2168,52.3915,48.9469
2002-10-23,52.1633,53.6215,49.8742
2002-10-24,50.2896,51.7402,48.4189
2002-10-25,48.6835,50.231,47.0201
2002-10-28,46.9142,48.4798,45.9053
2002-10-29,49.097,51.2473,47.9112
2002-10-30,46.8489,48.7232,45.9739
2002-10-31,45.0719,46.6496,44.4491
2002-11-01,44.7938,46.4804,44.229
2002-11-04,43.362,46.6915,42.6895
2002-11-05,43.231,46.2596,42.7286
2002-11-06,44.5788,49.1392,43.9513
2002-11-07,46.6151,52.6703,45.9371
2002-11-08,47.6918,54.432,47.0954
2002-11-11,48.7756,58.731,48.4174
2002-11-12,46.0632,56.3879,45.8222
2002-11-13,46.1539,58.8671,45.9866
2002-11-14,44.2286,,43.3078
2002-11-15,41.6872,,41.1182
2002-11-18,40.2265,40.0931,39.0181
2002-11-19,39.3102,39.2607,38.3311
2002-11-20,38.1328,38.1353,37.9739
2002-11-21,35.6394,35.6465,35.5601
2002-11-22,34.8014,34.8374,34.5935
2002-11-25,34.631,34.5525,34.7909
2002-11-26,36.5816,36.8091,36.2136
2002-11-27,34.6328,34.2772,35.0857
2002-11-28,34.2706,34.3414,34.196
2002-11-29,35.8342,35.9171,35.7622
2002-12-02,36.7628,38.1978,36.0229
2002-12-03,39.7599,41.7363,38.9035
2002-12-04,39.4775,41.1103,38.892
2002-12-05,42.4209,45.1342,41.6021
2002-12-06,42.722,44.3614,42.3205
2002-12-09,47.103,51.0425,46.5801
2002-12-10,45.2539,47.9315,44.9791
2002-12-11,43.5961,42.9975,43.6413
2002-12-12,44.3072,43.9117,44.3294
2002-12-13,44.6646,44.7993,44.6592
2002-12-16,42.4667,44.2818,42.4519
2002-12-17,42.6792,43.8761,42.6761
2002-12-18,45.5303,46.9642,45.5315
2002-12-19,50.5122,,50.6764
2002-12-20,47.9537,,47.9978
2002-12-23,46.6892,46.5577,46.9979
2002-12-27,50.2518,50.6388,49.8461
2002-12-30,51.2125,52.7413,50.2301
2003-01-02,46.5075,46.0551,46.6806
2003-01-03,45.3317,43.961,45.7704
2003-01-06,44.5907,43.5325,44.792
2003-01-07,44.8683,44.218,44.971
2003-01-08,45.7169,45.5771,45.735
2003-01-09,43.9305,43.1196,44.0143
2003-01-10,41.4144,37.6411,41.7091
2003-01-13,40.5921,41.413,40.5651
2003-01-14,39.8198,45.1856,39.6997
2003-01-15,39.6235,43.8393,39.5721
2003-01-16,38.3325,,38.9916
2003-01-17,41.4642,,41.9268
2003-01-20,43.5453,43.5641,43.713
2003-01-21,45.9641,45.9429,45.5474
2003-01-22,48.8465,48.8698,47.3709
2003-01-23,47.5728,47.6346,46.8863
2003-01-24,47.1584,47.1579,47.1611
2003-01-27,53.1365,53.8312,51.6873
2003-01-28,52.4122,52.9311,51.5686
2003-01-29,51.2884,51.3607,51.195
2003-01-30,47.1878,46.8228,47.5684
2003-01-31,44.3548,43.2757,45.2687
2003-02-03,42.5437,40.8997,43.3434
2003-02-04,47.2353,47.6985,47.0402
2003-02-05,45.262,45.0016,45.3524
2003-02-06,46.859,45.2307,47.32
2003-02-07,46.4025,45.3416,46.6526
2003-02-10,45.7916,45.9924,45.7661
2003-02-11,43.2461,43.0115,43.2694
2003-02-12,44.3671,44.8334,44.3314
2003-02-13,44.4014,46.1046,44.3034
2003-02-14,42.5346,44.9049,42.4371
2003-02-17,41.9179,46.8581,41.876
2003-02-18,40.3142,44.4775,40.3031
2003-02-19,41.295,52.4119,41.2949
2003-02-20,41.7054,,41.7397
2003-02-21,40.6862,,40.7272
2003-02-24,44.6552,45.0712,43.8147
2003-02-25,49.3281,50.5493,47.3587
2003-02-26,48.1083,49.0529,46.8996
2003-02-27,46.7058,47.4584,45.9268
2003-02-28,44.4992,44.9767,44.0955
2003-03-03,43.9076,44.7786,43.4839
2003-03-04,44.6128,45.3896,44.2992
2003-03-05,43.6487,44.6081,43.3265
2003-03-06,43.8517,45.0244,43.5257
2003-03-07,45.0051,46.8338,44.5849
2003-03-10,47.1662,50.2587,46.7967
2003-03-11,45.2357,46.5801,45.1142
2003-03-12,50.0434,60.6453,49.2557
2003-03-13,45.9769,52.191,45.6576
2003-03-14,46.9511,55.8579,46.6326
2003-03-17,50.3308,74.1526,50.2246
2003-03-18,52.2337,75.278,52.3282
2003-03-19,52.8761,75.9334,53.413
2003-03-20,50.454,,51.2466
2003-03-21,45.8393,,46.722
2003-03-24,50.1493,52.1477,46.6726
2003-03-25,49.7392,52.0337,46.526
2003-03-26,48.0592,50.0845,45.7662
2003-03-27,46.6106,48.156,45.1843
2003-03-28,45.9018,47.2552,44.8686
2003-03-31,48.2735,51.605,46.7438
2003-04-01,46.7424,49.8034,45.5718
2003-04-02,45.0252,48.552,43.8927
2003-04-03,45.6902,49.8317,44.5799
2003-04-04,43.9755,47.6606,43.1661
2003-04-07,41.4309,47.98,40.6514
2003-04-08,40.5902,44.98,40.195
2003-04-09,39.2142,43.3718,38.9313
2003-04-10,38.4461,44.1374,38.1576
2003-04-11,37.4965,38.9978,37.4464
2003-04-14,34.807,46.1003,34.7325
2003-04-15,32.9605,42.7351,32.9429
2003-04-16,32.7572,,32.7459
2003-04-17,32.6018,,32.5741
2003-04-22,33.1314,33.0027,33.3704
2003-04-23,32.1561,31.7746,32.7253
2003-04-24,32.4102,32.1391,32.7452
2003-04-25,33.2202,33.4024,33.0296
2003-04-28,32.1108,32.3898,31.9347
2003-04-29,32.5522,33.3325,32.1284
2003-04-30,31.7994,32.1756,31.6273
2003-05-02,31.7165,31.9253,31.648
2003-05-05,31.0244,32.6824,30.6941
2003-05-06,30.0871,31.172,29.9106
2003-05-07,30.6431,32.697,30.3659
2003-05-08,34.0207,36.7964,33.7178
2003-05-09,32.8871,33.9418,32.799
2003-05-12,33.2662,39.038,33.0615
2003-05-13,32.6453,40.4121,32.4628
2003-05-14,31.2343,41.5371,31.0953
2003-05-15,29.3191,,29.0595
2003-05-16,28.641,,28.3357
2003-05-19,34.7781,34.3719,30.9603
2003-05-20,34.8366,34.7316,32.725
2003-05-21,36.1986,36.2317,34.0662
2003-05-22,33.2819,33.3855,32.1164
2003-05-23,33.535,33.7826,32.0726
2003-05-26,32.8766,33.2832,32.0293
2003-05-27,32.0214,32.2736,31.6125
2003-05-28,30.7929,30.6931,30.9209
2003-05-29,30.4927,30.6741,30.3009
2003-05-30,28.5449,28.0388,28.9762
2003-06-02,28.5451,28.8258,28.4035
2003-06-03,30.9219,32.1404,30.3978
2003-06-04,29.406,31.4576,28.6561
2003-06-05,30.7454,32.2153,30.3064
2003-06-06,28.3827,29.791,28.0355
2003-06-09,29.6591,32.6358,29.2603
2003-06-10,28.0258,29.605,27.864
2003-06-11,26.9417,28.4625,26.8224
2003-06-12,26.4925,29.7907,26.2942
2003-06-13,27.5091,30.8855,27.3655
2003-06-16,26.2888,33.8633,26.2193
2003-06-17,27.2542,36.8539,27.2254
2003-06-18,26.9091,38.4662,26.9095
2003-06-19,27.2128,,27.1861
2003-06-20,26.1244,,26.0872
2003-06-23,27.3781,27.2218,27.695
2003-06-24,28.1487,28.2105,28.0492
2003-06-25,27.9365,28.1544,27.6532
2003-06-26,26.7974,26.7565,26.8403
2003-06-27,26.5925,26.5929,26.5922
2003-06-30,27.5266,28.1325,27.2182
2003-07-01,29.6345,30.4767,29.275
2003-07-02,27.5583,27.8813,27.4448
2003-07-03,28.1493,28.6794,27.994
2003-07-04,27.1119,28.0244,26.8892
2003-07-07,25.8141,26.5057,25.7252
2003-07-08,26.27,28.4843,26.0397
2003-07-09,26.3162,28.2788,26.1609
2003-07-10,26.8356,29.152,26.6989
2003-07-11,25.9483,27.1229,25.9003
2003-07-14,25.7826,32.1955,25.7247
2003-07-15,26.1626,33.4167,26.1416
2003-07-16,25.9619,33.5726,25.9535
2003-07-17,28.6285,,28.6642
2003-07-18,28.1497,,28.2434
2003-07-21,29.2513,29.2534,29.2465
2003-07-22,28.0752,28.1066,28.0164
2003-07-23,27.3724,27.1564,27.6963
2003-07-24,25.6581,25.301,26.0969
2003-07-25,25.7282,25.1608,26.3054
2003-07-28,25.7187,25.2179,26.0278
2003-07-29,25.8016,25.8831,25.758
2003-07-30,25.3825,25.1867,25.4708
2003-07-31,24.5429,24.253,24.6537
2003-08-01,25.3035,25.0067,25.3996
2003-08-04,27.3256,28.8494,27.0216
2003-08-05,26.6219,27.9555,26.4032
2003-08-06,29.2786,30.8453,29.0688
2003-08-07,29.9674,31.3383,29.8207
2003-08-08,28.7576,29.2763,28.7145
2003-08-11,27.9171,30.9197,27.814
2003-08-12,26.8908,30.3081,26.8146
2003-08-13,26.7891,32.9517,26.7096
2003-08-14,24.6277,,25.0151
2003-08-15,24.515,,24.8267
2003-08-18,24.1254,24.2325,25.0662
2003-08-19,24.339,24.3697,24.9331
2003-08-20,24.2803,24.2665,25.1254
2003-08-21,23.5136,23.4122,24.605
2003-08-22,23.8211,23.6689,24.6792
2003-08-25,24.8533,24.6,25.363
2003-08-26,26.4876,26.3464,26.7126
2003-08-27,25.3343,25.206,25.4988
2003-08-28,24.5186,24.2104,24.8383
2003-08-29,24.6592,24.2614,24.9986
2003-09-01,24.7087,24.9944,24.5644
2003-09-02,26.0787,26.51,25.8962
2003-09-03,25.7759,25.7015,25.8018
2003-09-04,25.206,24.8725,25.3017
2003-09-05,25.1135,24.1118,25.3471
2003-09-08,24.8887,24.4129,24.9484
2003-09-09,25.9101,26.2427,25.8769
2003-09-10,26.9681,27.8053,26.9034
2003-09-11,26.4805,27.1889,26.4399
2003-09-12,27.6603,29.4573,27.586
2003-09-15,26.5884,29.7012,26.562
2003-09-16,24.5871,25.7228,24.5842
2003-09-17,24.0362,26.8608,24.0213
2003-09-18,22.9601,,22.852
2003-09-19,23.9923,,23.8581
2003-09-22,28.8897,29.1742,28.2073
2003-09-23,29.8322,30.2168,29.1002
2003-09-24,30.5514,31.0807,29.7319
2003-09-25,32.1337,33.1037,30.8809
2003-09-26,32.3831,33.1954,31.5162
2003-09-29,32.2926,33.8974,31.2443
2003-09-30,33.4991,35.4785,32.3944
2003-10-01,31.5937,31.9802,31.4168
2003-10-02,30.8492,32.4431,30.2127
2003-10-03,28.0837,28.439,27.9667
2003-10-06,29.4751,31.2439,29.1214
2003-10-07,31.0442,33.4022,30.6517
2003-10-08,29.5022,30.6696,29.347
2003-10-09,27.0613,26.9455,27.0733
2003-10-10,27.0361,26.2365,27.1007
2003-10-13,26.5812,28.9068,26.5022
2003-10-14,26.9747,30.3727,26.8989
2003-10-15,26.7421,33.0769,26.6601
2003-10-16,25.3569,,25.6307
2003-10-17,25.9474,,26.169
2003-10-20,24.7894,24.9027,25.7839
2003-10-21,24.6071,24.6301,25.0525
2003-10-22,27.7612,27.765,27.5216
2003-10-23,26.859,26.8667,26.7738
2003-10-24,26.0299,25.9282,26.6078
2003-10-27,25.3192,25.1421,25.6776
2003-10-28,23.9806,23.6859,24.4461
2003-10-29,24.4313,24.1598,24.7769
2003-10-30,23.0414,22.8677,23.2226
2003-10-31,22.5193,22.0615,22.9085
2003-11-03,21.7515,21.8044,21.725
2003-11-04,22.783,23.3003,22.5631
2003-11-05,22.6865,22.9667,22.5879
2003-11-06,21.6493,22.0133,21.5427
2003-11-07,22.4927,22.0756,22.5912
2003-11-10,22.6753,22.6209,22.6821
2003-11-11,22.8323,22.8348,22.832
2003-11-12,22.0237,21.3853,22.0715
2003-11-13,22.3355,22.0214,22.353
2003-11-14,22.5635,21.8189,22.5928
2003-11-17,26.8332,31.1927,26.7954
2003-11-18,29.198,33.9881,29.1848
2003-11-19,27.9205,33.6485,27.9506
2003-11-20,29.0138,,29.2141
2003-11-21,27.2351,,27.4035
2003-11-24,23.3581,23.1293,23.8189
2003-11-25,22.8032,22.5582,23.191
2003-11-26,23.2061,23.0585,23.395
2003-11-27,22.2317,22.0548,22.416
2003-11-28,22.0766,21.6359,22.4514
2003-12-01,22.9374,22.6489,23.0806
2003-12-02,22.4646,21.7039,22.7752
2003-12-03,20.9778,20.1212,21.2684
2003-12-04,20.9537,20.0143,21.218
2003-12-05,20.7298,19.193,21.0806
2003-12-08,21.4049,20.5677,21.5087
2003-12-09,20.6261,20.1127,20.6764
2003-12-10,20.9223,20.6484,20.943
2003-12-11,20.1148,19.1622,20.1672
2003-12-12,20.9483,20.323,20.973
2003-12-15,20.766,22.9707,20.7473
2003-12-16,20.8061,20.6864,20.8064
2003-12-17,21.0408,23.575,21.0143
2003-12-18,19.8133,,19.6517
2003-12-19,19.867,,19.5588
2003-12-22,19.6934,18.8883,21.4737
2003-12-23,19.4538,18.4432,21.2131
2003-12-29,20.5724,20.062,20.8861
2003-12-30,21.1639,20.2252,21.6476
2004-01-02,21.568,21.634,21.5463
2004-01-05,21.2916,21.9673,21.1588
2004-01-06,20.0486,20.4681,19.9809
2004-01-07,19.2177,18.9484,19.2525
2004-01-08,18.3112,18.8085,18.2586
2004-01-09,20.1575,20.5412,20.1256
2004-01-12,20.667,23.3394,20.5742
2004-01-13,20.4633,24.8881,20.3604
2004-01-14,19.6761,24.6998,19.6105
2004-01-15,18.6035,,18.9203
2004-01-16,17.8668,,18.2952
2004-01-19,19.0231,19.1615,20.2261
2004-01-20,18.9654,19.032,20.2278
2004-01-21,17.733,17.7152,18.8094
2004-01-22,18.5983,18.5304,19.3325
2004-01-23,18.4686,18.3064,19.3754
2004-01-26,18.9211,18.4443,19.86
2004-01-27,19.2141,18.8334,19.8097
2004-01-28,19.2885,18.7908,19.9115
2004-01-29,20.4524,19.9482,20.9692
2004-01-30,21.0705,20.7289,21.3619
2004-02-02,20.5739,19.9787,20.8656
2004-02-03,21.3464,20.736,21.5965
2004-02-04,21.014,20.8617,21.0668
2004-02-05,20.4735,19.6909,20.6947
2004-02-06,20.0529,18.6422,20.3758
2004-02-09,18.7899,18.033,18.8836
2004-02-10,18.6015,17.2578,18.7297
2004-02-11,18.5715,16.6464,18.7098
2004-02-12,18.5463,16.7637,18.6418
2004-02-13,19.017,18.0704,19.0539
2004-02-16,18.3737,19.4011,18.3653
2004-02-17,18.0214,20.7465,18.014
2004-02-18,17.9391,20.9479,17.9261
2004-02-19,17.1344,,17.0468
2004-02-20,17.9583,,17.8461
2004-02-23,18.4666,18.3101,18.7825
2004-02-24,19.4737,19.3434,19.6809
2004-02-25,18.8054,18.6496,19.0043
2004-02-26,18.4556,18.2943,18.6237
2004-02-27,18.0624,17.562,18.4849
2004-03-01,17.6291,17.125,17.8762
2004-03-02,17.35,16.7122,17.6099
2004-03-03,17.6658,16.9781,17.8994
2004-03-04,17.3014,16.8784,17.422
2004-03-05,17.0418,15.3523,17.4215
2004-03-08,17.0757,15.9966,17.2076
2004-03-09,18.8569,18.8931,18.8533
2004-03-10,18.69,18.5811,18.6983
2004-03-11,23.2192,26.9541,22.9905
2004-03-12,24.6496,27.1578,24.5439
2004-03-15,28.7726,38.6268,28.68
2004-03-16,27.8862,34.0368,27.8688
2004-03-17,24.4069,29.989,24.4021
2004-03-18,26.5149,,26.5494
2004-03-19,26.0003,,26.0046
2004-03-22,31.7445,32.5158,29.8458
2004-03-23,29.193,29.6292,28.3603
2004-03-24,28.3686,28.631,27.9667
2004-03-25,25.9179,25.6016,26.3072
2004-03-26,25.0526,24.4945,25.6201
2004-03-29,22.8428,21.4872,23.6531
2004-03-30,23.61,22.7821,24.0397
2004-03-31,22.6705,21.6418,23.1219
2004-04-01,21.7108,20.4286,22.185
2004-04-02,19.0362,16.9482,19.6702
2004-04-05,18.5264,18.5098,18.5296
2004-04-06,20.1013,21.1394,19.9308
2004-04-07,20.7616,20.2262,20.8302
2004-04-08,20.5813,20.0491,20.6361
2004-04-13,20.8351,25.0954,20.7365
2004-04-14,22.0325,26.505,21.9756
2004-04-15,22.3731,,22.5571
2004-04-16,19.5633,,20.0667
2004-04-19,19.8676,20.0614,21.5374
2004-04-20,19.297,19.382,20.8951
2004-04-21,19.842,19.8211,21.1052
2004-04-22,18.0041,17.8845,19.2744
2004-04-23,18.5865,18.3688,19.7931
2004-04-26,19.5038,19.1611,20.1863
2004-04-27,18.9303,18.4276,19.7101
2004-04-28,21.1386,20.756,21.6218
2004-04-29,22.2828,21.9257,22.652
2004-04-30,22.734,22.5233,22.915
2004-05-03,22.0152,21.7305,22.1563
2004-05-04,21.8267,21.4124,21.9977
2004-05-05,19.8849,18.8075,20.2471
2004-05-06,22.9078,22.9039,22.9089
2004-05-07,22.9899,23.2383,22.9301
2004-05-10,26.0037,27.907,25.7525
2004-05-11,24.0364,25.2063,23.917
2004-05-12,25.9911,26.6825,25.9377
2004-05-13,25.4181,26.7692,25.3398
2004-05-14,25.2845,27.9687,25.1712
2004-05-17,26.7613,31.4646,26.7203
2004-05-18,25.3366,28.867,25.3269
2004-05-19,23.2942,30.3224,23.2926
2004-05-20,23.6029,,23.5886
2004-05-21,22.3809,,22.2886
2004-05-24,24.8818,26.125,22.1244
2004-05-25,21.3512,21.0303,21.8564
2004-05-26,21.0492,20.6947,21.4973
2004-05-27,20.7004,20.4896,20.9197
2004-05-28,20.2582,19.6057,20.8068
2004-05-31,21.2312,21.8594,20.9096
2004-06-01,22.4455,23.0771,22.176
2004-06-02,20.741,20.392,20.8613
2004-06-03,20.7627,20.23,20.9145
2004-06-04,19.3269,17.5843,19.7208
2004-06-07,19.4315,19.434,19.4312
2004-06-08,19.071,18.3177,19.1443
2004-06-09,19.5206,18.6894,19.5824
2004-06-10,18.4083,17.0577,18.4815
2004-06-11,18.1726,16.7855,18.2259
2004-06-14,20.5042,22.6478,20.4861
2004-06-15,18.1549,20.6339,18.1481
2004-06-16,17.6727,21.1275,17.6556
2004-06-17,18.7479,,18.708
2004-06-18,18.177,,18.0483
2004-06-21,17.7173,17.436,18.3641
2004-06-22,18.8007,18.5383,19.2813
2004-06-23,17.9197,17.518,18.5112
2004-06-24,17.8294,17.4159,18.3322
2004-06-25,18.1141,17.6472,18.5872
2004-06-28,18.2891,18.005,18.465
2004-06-29,18.2762,18.239,18.2961
2004-06-30,18.4996,19.055,18.2422
2004-07-01,19.0414,19.3386,18.9256
2004-07-02,18.6992,18.3487,18.8123
2004-07-05,18.4091,18.3623,18.4182
2004-07-06,19.8884,20.2806,19.8252
2004-07-07,19.3247,18.9925,19.3674
2004-07-08,19.0758,18.1034,19.1745
2004-07-09,18.4286,16.7914,18.5567
2004-07-12,19.255,21.0116,19.1952
2004-07-13,18.7364,20.4013,18.6999
2004-07-14,18.6697,23.3603,18.6087
2004-07-15,18.1722,,18.9166
2004-07-16,17.2585,,17.9403
2004-07-19,18.3094,18.5889,20.6731
2004-07-20,18.1791,18.2938,20.3025
2004-07-21,17.5643,17.5289,19.6466
2004-07-22,19.1699,19.0374,20.5755
2004-07-23,19.6562,19.4235,20.9455
2004-07-26,20.5818,20.191,21.3584
2004-07-27,19.4315,19.0747,19.9908
2004-07-28,19.8395,19.4554,20.3237
2004-07-29,18.489,18.0539,18.9355
2004-07-30,18.2363,17.6859,18.7
2004-08-02,19.3238,18.7772,19.5917
2004-08-03,18.6787,18.0128,18.9503
2004-08-04,19.1002,18.3272,19.3625
2004-08-05,18.9668,18.1468,19.1977
2004-08-06,22.3035,22.7447,22.1967
2004-08-09,22.9025,23.8506,22.7796
2004-08-10,21.2867,21.0549,21.3096
2004-08-11,22.4745,22.9923,22.4346
2004-08-12,23.1659,23.4667,23.1488
2004-08-13,23.4447,23.0322,23.461
2004-08-16,21.2557,21.9136,21.2504
2004-08-17,21.4162,23.4512,21.4107
2004-08-18,20.6874,22.8133,20.6767
2004-08-19,20.5855,,20.5596
2004-08-20,18.6987,,18.5248
2004-08-23,18.4416,18.0561,19.2056
2004-08-24,17.5601,17.043,18.3593
2004-08-25,17.6618,17.1341,18.3195
2004-08-26,17.1562,16.4924,17.8272
2004-08-27,16.552,15.6552,17.2912
2004-08-30,17.5699,17.3215,17.6929
2004-08-31,18.7516,18.7032,18.7719
2004-09-01,17.9625,17.1181,18.2477
2004-09-02,17.6071,17.146,17.7384
2004-09-03,16.5497,15.0631,16.8857
2004-09-06,16.2916,15.5445,16.3838
2004-09-07,16.2265,15.1337,16.3311
2004-09-08,16.2425,15.77,16.2779
2004-09-09,16.6131,15.5944,16.6687
2004-09-10,16.3408,15.5741,16.3707
2004-09-13,16.3197,18.0538,16.305
2004-09-14,16.1149,16.7937,16.1132
2004-09-15,16.6545,19.6454,16.6389
2004-09-16,16.7923,,16.7154
2004-09-17,16.1969,,16.0777
2004-09-20,16.7553,16.5444,17.2428
2004-09-21,16.0936,15.8195,16.5934
2004-09-22,17.0042,16.7416,17.3942
2004-09-23,17.4798,17.1713,17.8572
2004-09-24,16.5063,15.8524,17.16
2004-09-27,17.3181,16.5828,17.7637
2004-09-28,16.9987,16.3142,17.3527
2004-09-29,16.5393,15.8201,16.8553
2004-09-30,16.5105,15.8198,16.769
2004-10-01,15.5663,14.8487,15.7936
2004-10-04,16.1608,16.2896,16.1358
2004-10-05,16.3528,16.6985,16.297
2004-10-06,16.2926,17.8768,16.0752
2004-10-07,16.7463,17.5377,16.6616
2004-10-08,17.1179,18.0161,17.042
2004-10-11,16.6859,18.882,16.6096
2004-10-12,17.4773,19.9154,17.4226
2004-10-13,17.639,24.0692,17.5509
2004-10-14,17.8157,,17.979
2004-10-15,16.8176,,17.0363
2004-10-18,17.5549,17.6141,18.0768
2004-10-19,16.974,17.0121,17.704
2004-10-20,17.7512,17.7444,18.1719
2004-10-21,17.4511,17.4137,17.859
2004-10-22,17.0055,16.8983,17.6094
2004-10-25,19.2406,19.3094,19.0993
2004-10-26,18.707,18.7116,18.6996
2004-10-27,18.0991,17.9294,18.3154
2004-10-28,17.5673,17.4598,17.6794
2004-10-29,17.3708,17.0872,17.6127
2004-11-01,18.1296,18.7363,17.8181
2004-11-02,16.8965,17.1639,16.7834
2004-11-03,16.3525,16.3972,16.3369
2004-11-04,15.3837,15.1767,15.4431
2004-11-05,15.604,15.7552,15.5677
2004-11-08,15.5389,14.9362,15.6136
2004-11-09,15.0808,14.1476,15.1704
2004-11-10,14.6206,13.7572,14.6842
2004-11-11,14.3614,14.1547,14.373
2004-11-12,14.3737,14.3249,14.3757
2004-11-15,14.9812,16.7821,14.9659
2004-11-16,15.1217,17.3901,15.1155
2004-11-17,14.6861,17.8896,14.6893
2004-11-18,14.812,,14.8342
2004-11-19,15.4303,,15.4596
2004-11-22,15.6861,15.7797,15.4629
2004-11-23,15.922,16.0235,15.7306
2004-11-24,15.8055,15.8146,15.7917
2004-11-25,15.2217,15.143,15.3194
2004-11-26,15.6171,15.6869,15.5443
2004-11-29,15.5883,15.8267,15.4369
2004-11-30,16.557,17.1028,16.2585
2004-12-01,15.6407,16.3238,15.3209
2004-12-02,15.6704,16.4032,15.3787
2004-12-03,15.7055,16.0197,15.6015
2004-12-06,15.7266,17.0739,15.4531
2004-12-07,15.7449,16.9854,15.538
2004-12-08,15.6118,16.7112,15.4632
2004-12-09,15.817,17.0231,15.6858
2004-12-10,15.6686,16.091,15.6334
2004-12-13,15.1109,17.3101,15.034
2004-12-14,15.1378,19.399,15.0357
2004-12-15,14.7199,20.3933,14.6416
2004-12-16,13.4434,,13.8853
2004-12-17,14.1492,,14.3779
2004-12-20,13.3638,13.4837,14.4
2004-12-21,12.6358,12.694,13.7297
2004-12-22,12.9883,12.9741,13.8491
2004-12-23,12.9441,12.8746,13.6873
2004-12-27,12.9556,12.5993,13.6549
2004-12-28,13.0997,12.7805,13.5962
2004-12-29,13.7397,13.4064,14.1576
2004-12-30,14.0727,13.6794,14.4745
2005-01-03,14.4655,14.1104,14.6401
2005-01-04,14.5103,14.195,14.6402
2005-01-05,14.4159,13.9308,14.5813
2005-01-06,13.8016,13.3966,13.9167
2005-01-07,13.5709,13.6022,13.5634
2005-01-10,12.9192,12.9015,12.9215
2005-01-11,13.6763,13.8943,13.6544
2005-01-12,14.0453,14.1695,14.0358
2005-01-13,13.6395,13.6491,13.639
2005-01-14,13.5706,13.0993,13.5891
2005-01-17,13.2047,14.6078,13.1928
2005-01-18,13.1668,15.4915,13.1603
2005-01-19,13.6336,18.912,13.6256
2005-01-20,14.174,,14.1455
2005-01-21,13.9613,,13.8991
2005-01-24,14.1144,14.0113,14.3228
2005-01-25,13.628,13.513,13.8105
2005-01-26,13.324,13.1355,13.5629
2005-01-27,12.462,12.0988,12.8327
2005-01-28,12.805,12.4755,13.0838
2005-01-31,12.7246,12.6379,12.7677
2005-02-01,12.3571,12.1353,12.4487
2005-02-02,12.2505,11.9341,12.3589
2005-02-03,12.3844,11.9388,12.5105
2005-02-04,11.5966,11.2334,11.6818
2005-02-07,11.9934,11.9379,12.0004
2005-02-08,11.9216,12.3369,11.8796
2005-02-09,12.1924,12.1796,12.1934
2005-02-10,12.037,12.0345,12.0372
2005-02-11,11.9887,12.1517,11.9821
2005-02-14,12.5182,14.4752,12.5013
2005-02-15,12.3504,14.9617,12.3431
2005-02-16,13.6633,17.8182,13.6776
2005-02-17,13.5715,13.6308,12.8987
2005-02-18,13.0145,13.0574,12.7651
2005-02-21,13.2379,13.2555,13.2018
2005-02-22,13.4859,13.4912,13.4775
2005-02-23,13.991,14.1433,13.7922
2005-02-24,13.1899,13.1326,13.2498
2005-02-25,12.2107,12.1949,12.2244
2005-02-28,12.8907,13.2781,12.6923
2005-03-01,12.3502,12.3899,12.3336
2005-03-02,12.8591,12.8032,12.8786
2005-03-03,12.5722,12.6994,12.5351
2005-03-04,11.931,11.8326,11.9544
2005-03-07,11.7178,11.9899,11.6828
2005-03-08,12.002,12.1671,11.9855
2005-03-09,12.5319,12.9074,12.5028
2005-03-10,13.473,14.5883,13.4073
2005-03-11,12.9566,13.3297,12.9414
2005-03-14,13.3498,15.8926,13.3275
2005-03-15,12.4946,14.9657,12.4876
2005-03-16,14.5708,21.0616,14.5727
2005-03-17,13.4593,13.4047,14.1183
2005-03-18,12.8339,12.7255,13.5173
2005-03-21,13.3898,13.2524,13.7085
2005-03-22,13.3552,13.2047,13.632
2005-03-23,13.4667,13.1394,13.9476
2005-03-24,12.4834,11.958,13.1093
2005-03-25,12.4834,11.958,13.1093
2005-03-29,13.0552,12.7219,13.2294
2005-03-30,13.2652,13.0104,13.3791
2005-03-31,13.238,12.7975,13.4039
2005-04-01,12.6127,12.0416,12.7937
2005-04-04,13.6745,13.6502,13.6792
2005-04-05,12.7173,12.4033,12.7666
2005-04-06,12.2878,11.6625,12.3668
2005-04-07,11.8626,11.6485,11.8848
2005-04-08,11.7944,11.9813,11.7789
2005-04-11,12.0184,14.1358,11.9432
2005-04-12,12.4748,15.9017,12.3929
2005-04-13,12.2069,17.0955,12.139
2005-04-14,12.242,12.6214,13.4471
2005-04-15,15.3909,15.4527,15.6247
2005-04-18,18.3103,18.3327,18.5094
2005-04-19,17.1785,17.1878,17.3584
2005-04-20,17.3837,17.3867,17.197
2005-04-21,16.7983,16.7815,16.9825
2005-04-22,15.2649,15.1635,15.8356
2005-04-25,15.1246,14.9959,15.3842
2005-04-26,15.0498,14.8635,15.3441
2005-04-27,16.5913,16.476,16.7388
2005-04-28,16.5344,16.3534,16.7225
2005-04-29,16.792,16.5135,17.0295
2005-05-02,15.9563,15.4728,16.193
2005-05-03,15.148,14.6927,15.3344
2005-05-04,14.3329,13.6623,14.5596
2005-05-05,13.5342,12.9306,13.7041
2005-05-06,13.3008,12.8434,13.4079
2005-05-09,14.2322,14.106,14.2481
2005-05-10,15.2831,16.0401,15.2058
2005-05-11,15.6572,16.3703,15.6016
2005-05-12,14.8536,14.965,14.8473
2005-05-13,15.0693,14.5059,15.0914
2005-05-16,15.5249,16.9941,15.5126
2005-05-17,15.6896,17.8614,15.6837
2005-05-18,14.0947,17.2788,14.1026
2005-05-19,13.7944,13.8376,13.3091
2005-05-20,13.5132,13.5954,13.0297
2005-05-23,13.2149,13.4105,12.8057
2005-05-24,13.386,13.5941,13.0451
2005-05-25,13.4681,13.7268,13.1273
2005-05-26,12.7135,12.8748,12.5417
2005-05-27,12.9451,13.0094,12.889
2005-05-30,12.8239,12.9133,12.779
2005-05-31,13.5138,13.7971,13.3936
2005-06-01,12.9959,12.9484,13.0124
2005-06-02,12.8725,12.6542,12.935
2005-06-03,12.9397,12.6149,13.0161
2005-06-06,13.3629,13.2228,13.3805
2005-06-07,12.6671,12.2088,12.7118
2005-06-08,12.9902,12.5692,13.0216
2005-06-09,13.22,12.5181,13.2585
2005-06-10,12.7015,12.6448,12.7038
2005-06-13,12.7563,14.3728,12.7425
2005-06-14,12.3775,15.3754,12.3689
2005-06-15,13.4793,16.3084,13.4806
2005-06-16,13.0157,13.0032,13.1691
2005-06-17,12.5633,12.5244,12.8137
2005-06-20,12.9133,12.7603,13.2671
2005-06-21,12.4507,12.2152,12.8789
2005-06-22,12.3862,12.2182,12.6365
2005-06-23,11.9247,11.6296,12.2828
2005-06-24,12.5237,12.235,12.8171
2005-06-27,13.3037,13.1216,13.4167
2005-06-28,12.6795,12.3515,12.851
2005-06-29,12.2629,12.0899,12.3406
2005-06-30,12.3777,12.5078,12.3272
2005-07-01,11.9381,11.6634,12.0265
2005-07-04,12.0091,12.297,11.9527
2005-07-05,12.5991,12.8119,12.5648
2005-07-06,12.2459,12.5414,12.2068
2005-07-07,15.7155,16.5726,15.6233
2005-07-08,12.9572,13.3562,12.9239
2005-07-11,13.1677,15.6633,13.0785
2005-07-12,13.8737,16.6878,13.8086
2005-07-13,13.1659,17.2332,13.1115
2005-07-14,12.9773,13.1709,13.6026
2005-07-15,12.7737,13.061,13.8353
2005-07-18,12.6721,12.7858,13.6547
2005-07-19,12.498,12.5335,13.1738
2005-07-20,13.0295,13.0175,13.7587
2005-07-21,13.7472,13.6956,14.3036
2005-07-22,13.65,13.5729,14.0857
2005-07-25,14.1148,14.0239,14.2987
2005-07-26,13.3918,13.1921,13.7063
2005-07-27,12.8417,12.5245,13.2394
2005-07-28,12.9713,12.7009,13.2495
2005-07-29,13.2763,12.9064,13.5884
2005-08-01,13.5152,13.3094,13.617
2005-08-02,12.809,12.3267,13.0054
2005-08-03,13.3723,12.9556,13.5146
2005-08-04,14.1573,13.7754,14.2659
2005-08-05,14.9563,14.7187,15.0125
2005-08-08,15.2119,15.4728,15.1785
2005-08-09,14.4624,14.2715,14.4813
2005-08-10,13.9786,14.0504,13.9731
2005-08-11,14.7486,14.7756,14.7471
2005-08-12,14.9645,15.0754,14.96
2005-08-15,15.3025,16.931,15.2887
2005-08-16,15.6063,18.5166,15.5982
2005-08-17,15.9175,20.571,15.9291
2005-08-18,15.7719,15.8258,15.0878
2005-08-19,14.7124,14.7233,14.6416
2005-08-22,14.7976,14.9124,14.5233
2005-08-23,15.3299,15.4557,15.0922
2005-08-24,15.3001,15.4511,15.0687
2005-08-25,15.8729,16.0425,15.6587
2005-08-26,16.7371,17.2453,16.1918
2005-08-29,16.6678,17.1168,16.38
2005-08-30,15.9397,16.1245,15.8404
2005-08-31,15.1539,15.125,15.167
2005-09-01,14.7469,14.4779,14.8492
2005-09-02,15.023,14.6728,15.1356
2005-09-05,14.6156,14.8908,14.5619
2005-09-06,14.289,13.8675,14.355
2005-09-07,14.2198,13.5929,14.2992
2005-09-08,14.1908,12.9232,14.3166
2005-09-09,14.0772,12.8043,14.1767
2005-09-12,14.7351,16.373,14.6788
2005-09-13,15.7792,18.7274,15.7116
2005-09-14,15.3469,19.8491,15.2872
2005-09-15,15.3107,15.2444,15.0919
2005-09-16,15.4826,15.2999,14.7753
2005-09-19,14.7522,14.7441,14.6803
2005-09-20,14.6666,14.6601,14.54
2005-09-21,15.6703,15.6706,15.6484
2005-09-22,15.6048,15.5853,15.8188
2005-09-23,14.8485,14.8051,15.0959
2005-09-26,14.4536,14.4544,14.452
2005-09-27,14.7934,14.8497,14.7026
2005-09-28,14.6788,14.7581,14.576
2005-09-29,15.2485,15.2905,15.2044
2005-09-30,14.5562,14.3232,14.755
2005-10-03,14.5633,14.2197,14.7323
2005-10-04,14.9727,15.0521,14.9394
2005-10-05,15.8574,15.9761,15.8158
2005-10-06,16.4451,16.8143,16.3367
2005-10-07,16.464,16.8595,16.3682
2005-10-10,16.6092,17.6305,16.4753
2005-10-11,16.4709,17.1118,16.4058
2005-10-12,17.0988,18.0101,17.0275
2005-10-13,17.7423,18.3755,17.7059
2005-10-14,16.6343,16.8807,16.6244
2005-10-17,16.5186,18.8804,16.4983
2005-10-18,16.5209,19.7396,16.5119
2005-10-19,18.7418,23.7093,18.7546
2005-10-20,18.545,18.5948,17.9862
2005-10-21,18.3237,18.4265,17.7203
2005-10-24,17.1387,17.2853,16.8349
2005-10-25,17.2463,17.4251,16.9553
2005-10-26,16.471,16.5189,16.4089
2005-10-27,17.6939,17.9213,17.4516
2005-10-28,17.8759,18.1216,17.6603
2005-10-31,17.4308,18.0378,17.1188
2005-11-01,17.5433,17.7831,17.4422
2005-11-02,16.9304,17.0268,16.8967
2005-11-03,15.84,15.6757,15.8873
2005-11-04,15.5152,15.3885,15.5453
2005-11-07,16.0806,16.4985,16.0269
2005-11-08,15.865,15.9786,15.8536
2005-11-09,15.0848,15.1621,15.079
2005-11-10,14.849,14.9774,14.8417
2005-11-11,14.3744,14.5386,14.3678
2005-11-14,14.6517,18.1555,14.6202
2005-11-15,15.3937,17.7586,15.3872
2005-11-16,15.0447,19.8006,15.046
2005-11-17,14.8319,,14.8406
2005-11-18,14.7475,,14.7474
2005-11-21,13.8128,,13.764
2005-11-22,13.5828,13.524,13.692
2005-11-23,13.1907,13.1746,13.215
2005-11-24,13.2397,13.0734,13.4441
2005-11-25,13.3416,13.0274,13.6607
2005-11-28,13.8849,13.6933,14.0038
2005-11-29,14.036,13.9673,14.0725
2005-11-30,13.9602,13.8262,14.0205
2005-12-01,12.9933,12.6422,13.1261
2005-12-02,12.9378,12.7485,12.999
2005-12-05,13.7529,14.1689,13.6711
2005-12-06,13.4236,13.656,13.3862
2005-12-07,13.8452,14.2361,13.7936
2005-12-08,13.5905,13.6671,13.5825
2005-12-09,13.1098,12.6765,13.1448
2005-12-12,13.2823,15.5085,13.2036
2005-12-13,13.102,17.111,13.0048
2005-12-14,13.5334,19.8817,13.4425
2005-12-15,13.4201,,13.6971
2005-12-16,12.3556,,12.6889
2005-12-19,12.5818,,12.6979
2005-12-20,12.4045,12.4533,13.3257
2005-12-21,12.4621,12.4528,13.0334
2005-12-22,12.4678,12.4189,12.9961
2005-12-23,12.0709,11.9479,12.7558
2005-12-27,12.6053,12.3817,12.9561
2005-12-28,13.1741,13.0218,13.3678
2005-12-29,13.334,13.1149,13.5604
2005-12-30,14.477,14.5256,14.4348
2006-01-02,14.3599,14.2843,14.3976
2006-01-03,14.3069,14.3087,14.3062
2006-01-04,13.9452,13.9914,13.929
2006-01-05,14.1421,14.1326,14.1449
2006-01-06,13.7315,13.7119,13.7362
2006-01-09,14.3612,15.0233,14.2751
2006-01-10,14.5109,15.0843,14.4526
2006-01-11,13.9825,14.4788,13.944
2006-01-12,13.6515,13.3157,13.6702
2006-01-13,14.3896,14.6677,14.3784
2006-01-16,14.2488,16.1233,14.2328
2006-01-17,15.2464,19.8569,15.2328
2006-01-18,15.8139,26.6886,15.8162
2006-01-19,15.4303,,15.4299
2006-01-20,16.0032,,15.995
2006-01-23,16.307,,16.2322
2006-01-24,15.6608,15.5438,15.8466
2006-01-25,14.975,14.9215,15.0436
2006-01-26,14.7677,14.6819,14.8574
2006-01-27,15.1492,15.0976,15.1938
2006-01-30,15.5187,15.6844,15.4351
2006-01-31,15.8548,16.1475,15.7308
2006-02-01,15.4234,15.3248,15.4577
2006-02-02,16.1795,16.4007,16.1148
2006-02-03,16.0433,15.8721,16.0841
2006-02-06,16.3375,16.8612,16.27
2006-02-07,16.3969,16.9257,16.3435
2006-02-08,16.1962,16.7722,16.1515
2006-02-09,15.5128,15.8491,15.4936
2006-02-10,15.7219,15.9758,15.7117
2006-02-13,15.903,18.1397,15.8838
2006-02-14,16.0942,19.2654,16.0853
2006-02-15,16.2622,21.3551,16.2628
2006-02-16,14.8742,,14.8506
2006-02-17,14.589,,14.5411
2006-02-20,14.7889,,14.7439
2006-02-21,15.1253,15.1416,15.0948
2006-02-22,14.289,14.2132,14.4029
2006-02-23,14.6621,14.5594,14.7892
2006-02-24,14.252,14.0576,14.4514
2006-02-27,14.0339,13.8643,14.1392
2006-02-28,15.0449,15.2183,14.9516
2006-03-01,14.3989,14.2846,14.4505
2006-03-02,14.9328,15.1976,14.8296
2006-03-03,15.3114,15.814,15.1437
2006-03-06,15.1907,16.3634,14.9537
2006-03-07,15.6891,17.0047,15.4692
2006-03-08,15.7863,17.1701,15.5974
2006-03-09,15.292,16.0392,15.2119
2006-03-10,14.1788,14.5156,14.1507
2006-03-13,14.0297,16.0102,13.9606
2006-03-14,13.8621,16.2023,13.8089
2006-03-15,13.6402,17.4207,13.5903
2006-03-16,13.4109,,13.7697
2006-03-17,13.3971,,13.7143
2006-03-20,14.0272,,14.1043
2006-03-21,13.6421,13.6819,14.4006
2006-03-22,13.5353,13.524,14.2205
2006-03-23,13.6083,13.5479,14.2577
2006-03-24,13.0311,12.9021,13.7502
2006-03-27,14.6162,14.587,14.6758
2006-03-28,14.7849,14.7683,14.8114
2006-03-29,14.3144,14.2147,14.4418
2006-03-30,13.6051,13.4379,13.7786
2006-03-31,14.0139,13.9545,14.0652
2006-04-03,13.8832,13.9312,13.8591
2006-04-04,14.3142,14.5914,14.1966
2006-04-05,13.7946,13.5857,13.8667
2006-04-06,13.5542,13.1361,13.6729
2006-04-07,14.3497,14.3385,14.3524
2006-04-10,14.4419,14.3326,14.4557
2006-04-11,15.3593,16.1006,15.2837
2006-04-12,15.3774,14.7597,15.4234
2006-04-13,15.0837,14.5307,15.1143
2006-04-18,15.3849,18.9585,15.3747
2006-04-19,14.9101,19.6396,14.9037
2006-04-20,14.7966,,14.7806
2006-04-21,14.4811,,14.4269
2006-04-24,15.2911,,15.2309
2006-04-25,14.8972,14.7587,15.1166
2006-04-26,14.4282,14.2152,14.6982
2006-04-27,14.7209,14.4579,14.9924
2006-04-28,14.7089,14.2056,15.1312
2006-05-02,15.0612,14.87,15.1404
2006-05-03,15.8879,16.0987,15.8137
2006-05-04,14.8677,14.9726,14.8372
2006-05-05,14.0024,13.884,14.0306
2006-05-08,14.53,15.2163,14.4407
2006-05-09,14.2821,14.4383,14.2665
2006-05-10,14.7,15.387,14.6464
2006-05-11,15.1787,16.1055,15.1247
2006-05-12,16.4524,18.5594,16.3625
2006-05-15,18.0433,24.213,17.9853
2006-05-16,17.2414,24.2063,17.2201
2006-05-17,18.6215,47.5535,18.6292
2006-05-18,21.4678,,21.6621
2006-05-19,20.6506,,20.9139
2006-05-22,24.6675,,25.9494
2006-05-23,22.3335,23.3274,20.3471
2006-05-24,24.3648,25.7655,22.0756
2006-05-25,21.9235,22.9165,20.6178
2006-05-26,20.3767,20.8068,19.9195
2006-05-29,20.9911,21.8581,20.4286
2006-05-30,24.0765,26.4341,22.7199
2006-05-31,23.0529,24.445,22.3932
2006-06-01,21.5323,21.7311,21.4553
2006-06-02,20.7394,21.3873,20.5234
2006-06-05,21.7745,23.6963,21.3838
2006-06-06,23.7789,26.4044,23.3332
2006-06-07,22.6092,23.7179,22.4609
2006-06-08,24.8105,27.702,24.489
2006-06-09,22.8714,23.3375,22.8327
2006-06-12,24.3492,28.763,24.1921
2006-06-13,26.6163,34.9332,26.4142
2006-06-14,26.6852,29.4794,26.6512
2006-06-15,24.1402,,23.8598
2006-06-16,23.9522,,23.6642
2006-06-19,22.7968,,22.7252
2006-06-20,21.7896,,21.1538
2006-06-21,20.936,,20.37
2006-06-22,20.3521,20.4038,19.7727
2006-06-23,20.0873,20.1374,19.7965
2006-06-26,20.7021,20.8838,20.3257
2006-06-27,21.4847,21.8488,20.8871
2006-06-28,21.4942,21.7986,21.0954
2006-06-29,20.5377,20.8471,20.2075
2006-06-30,18.3282,18.2297,18.413
2006-07-03,17.68,17.5057,17.7667
2006-07-04,17.4514,17.3228,17.5049
2006-07-05,19.8314,20.3142,19.6605
2006-07-06,18.3061,18.1109,18.3622
2006-07-07,18.5834,18.4876,18.6063
2006-07-10,18.2504,18.7684,18.1837
2006-07-11,19.4222,20.7299,19.2874
2006-07-12,19.0527,20.1415,18.9673
2006-07-13,20.836,23.5792,20.6705
2006-07-14,22.2434,26.4964,22.0563
2006-07-17,22.8298,28.8911,22.7747
2006-07-18,22.7733,29.8698,22.7524
2006-07-19,20.5026,25.6453,20.4981
2006-07-20,19.7917,,19.7783
2006-07-21,20.2251,,20.1912
2006-07-24,19.2059,,19.156
2006-07-25,19.6107,19.6903,19.4823
2006-07-26,18.8477,18.8308,18.8695
2006-07-27,18.0301,17.8659,18.2011
2006-07-28,17.3297,16.9825,17.6249
2006-07-31,18.5171,18.3999,18.5755
2006-08-01,19.7592,19.7082,19.7805
2006-08-02,18.4996,18.1302,18.6266
2006-08-03,19.2039,19.0868,19.2377
2006-08-04,18.4072,18.257,18.4429
2006-08-07,20.6789,21.735,20.5414
2006-08-08,20.6779,22.6549,20.471
2006-08-09,18.9895,19.3161,18.9644
2006-08-10,19.9403,20.6479,19.8997
2006-08-11,19.1018,18.5666,19.1229
2006-08-14,18.5039,19.819,18.493
2006-08-15,17.4584,20.0936,17.4512
2006-08-16,17.3557,21.7022,17.3522
2006-08-17,17.5862,,17.5753
2006-08-18,17.1458,,17.0951
2006-08-21,17.4914,,17.41
2006-08-22,16.5631,16.2899,17.0616
2006-08-23,16.9853,16.7412,17.3484
2006-08-24,16.2685,15.8044,16.8297
2006-08-25,15.9337,15.3965,16.4737
2006-08-28,16.1099,15.4699,16.4985
2006-08-29,16.6878,16.0363,17.0249
2006-08-30,16.2129,15.369,16.5814
2006-08-31,16.1689,15.1549,16.543
2006-09-01,15.6894,14.4606,16.0704
2006-09-04,15.7982,15.085,15.9321
2006-09-05,16.432,15.9248,16.5115
2006-09-06,17.5849,17.2551,17.6273
2006-09-07,18.0193,18.509,17.9674
2006-09-08,17.1908,16.6758,17.2325
2006-09-11,17.9936,20.3478,17.9118
2006-09-12,16.6865,19.0428,16.6336
2006-09-13,16.646,20.4426,16.597
2006-09-14,16.5402,,16.6058
2006-09-15,15.8518,,15.9931
2006-09-18,16.1522,,16.1729
2006-09-19,16.5143,16.5292,16.8002
2006-09-20,15.6285,15.62,16.1491
2006-09-21,15.2623,15.2107,15.8206
2006-09-22,16.542,16.51,16.7251
2006-09-25,16.6682,16.6565,16.6921
2006-09-26,15.7843,15.6862,15.9404
2006-09-27,15.7681,15.5802,16.0069
2006-09-28,15.8951,15.6642,16.1342
2006-09-29,16.2455,16.1083,16.3634
2006-10-02,17.0755,17.246,16.9895
2006-10-03,17.1133,17.0436,17.1423
2006-10-04,16.0214,15.5865,16.1704
2006-10-05,15.9714,15.3734,16.1405
2006-10-06,15.6778,14.6215,15.92
2006-10-09,16.3807,16.3148,16.389
2006-10-10,15.6974,14.984,15.7666
2006-10-11,15.4926,14.8228,15.5424
2006-10-12,14.9913,14.1264,15.0386
2006-10-13,14.7672,13.3165,14.8223
2006-10-16,15.0645,16.146,15.0555
2006-10-17,16.4103,19.3403,16.4022
2006-10-18,15.6317,17.1245,15.6231
2006-10-19,15.4457,,15.3949
2006-10-20,14.7278,,14.5747
2006-10-23,14.6179,,14.316
2006-10-24,14.2983,13.9115,14.898
2006-10-25,14.3105,14.0485,14.6413
2006-10-26,14.2664,13.9406,14.601
2006-10-27,14.2753,13.8149,14.6624
2006-10-30,14.9257,14.7277,15.0239
2006-10-31,14.5146,14.1198,14.6766
2006-11-01,13.9959,13.5814,14.1375
2006-11-02,14.8847,14.4534,15.0072
2006-11-03,14.4651,13.7983,14.62
2006-11-06,13.9834,13.353,14.0613
2006-11-07,13.8875,13.4905,13.9264
2006-11-08,14.0015,13.4772,14.0405
2006-11-09,14.0318,13.3633,14.0685
2006-11-10,13.7988,12.7151,13.8404
2006-11-13,14.0769,15.446,14.0654
2006-11-14,14.3518,16.2622,14.3466
2006-11-15,13.7616,16.4068,13.7628
2006-11-16,13.4836,,13.476
2006-11-17,13.4419,,13.4242
2006-11-20,13.3018,,13.2804
2006-11-21,12.7078,12.5497,12.998
2006-11-22,12.8486,12.6762,13.1052
2006-11-23,13.2078,13.049,13.4033
2006-11-24,14.3144,14.3193,14.3093
2006-11-27,16.5885,17.5059,15.9865
2006-11-28,15.9572,16.8739,15.4463
2006-11-29,14.8246,15.2662,14.62
2006-11-30,15.5561,16.2565,15.2777
2006-12-01,17.0511,18.1435,16.6788
2006-12-04,17.0827,18.2129,16.8558
2006-12-05,15.6308,16.1178,15.5517
2006-12-06,15.8557,16.2793,15.7998
2006-12-07,15.5133,15.8601,15.4766
2006-12-08,15.0764,15.3454,15.054
2006-12-11,14.7925,16.8622,14.7203
2006-12-12,14.5589,16.6479,14.5119
2006-12-13,14.0522,17.0513,14.0138
2006-12-14,13.3398,,13.8344
2006-12-15,12.8486,,13.2846
2006-12-18,13.2655,,13.403
2006-12-19,14.1774,14.2412,15.3772
2006-12-20,12.9212,12.8925,14.6035
2006-12-21,13.0608,12.8969,14.7491
2006-12-22,14.4039,14.1348,15.8648
2006-12-27,14.2715,13.5329,15.1704
2006-12-28,14.1402,13.5885,14.6977
2006-12-29,14.83,14.3068,15.2688
2007-01-02,14.6795,14.0409,14.9384
2007-01-03,14.7294,14.1748,14.918
2007-01-04,15.063,14.5961,15.1955
2007-01-05,16.3518,16.3762,16.346
2007-01-08,16.8783,17.0615,16.8549
2007-01-09,16.6286,16.7039,16.6212
2007-01-10,17.2546,17.3034,17.2509
2007-01-11,15.0516,14.467,15.0839
2007-01-12,14.5839,13.5792,14.6226
2007-01-15,14.7277,15.6382,14.7202
2007-01-16,15.7299,18.5336,15.7221
2007-01-17,16.0961,19.3865,16.0893
2007-01-18,16.2548,,16.2326
2007-01-19,14.9526,,14.8441
2007-01-22,16.02,,15.9387
2007-01-23,16.0071,15.8077,16.322
2007-01-24,14.8436,14.4593,15.3246
2007-01-25,15.378,15.052,15.7132
2007-01-26,15.8256,15.6075,16.0122
2007-01-29,16.1201,16.1644,16.0978
2007-01-30,15.1698,15.007,15.2373
2007-01-31,15.9174,16.0543,15.8694
2007-02-01,15.1284,14.8154,15.2178
2007-02-02,14.142,13.1362,14.372
2007-02-05,14.3621,13.9796,14.4099
2007-02-06,14.411,13.7767,14.4725
2007-02-07,13.9667,13.0756,14.0322
2007-02-08,14.2559,13.49,14.2979
2007-02-09,13.9194,12.5985,13.9696
2007-02-12,15.1052,16.9431,15.0896
2007-02-13,14.7057,15.9284,14.7025
2007-02-14,13.9087,17.335,13.9001
2007-02-15,13.8324,,13.7806
2007-02-16,13.451,,13.3263
2007-02-19,13.4146,,13.1988
2007-02-20,13.7441,13.5311,14.1334
2007-02-21,14.1864,14.0573,14.3798
2007-02-22,13.873,13.6735,14.1179
2007-02-23,13.7426,13.4596,14.0309
2007-02-26,13.7887,13.7253,13.8282
2007-02-27,17.7266,18.9974,17.0104
2007-02-28,19.4973,21.9788,18.2612
2007-03-01,20.0117,22.5158,18.9588
2007-03-02,20.2958,22.6554,19.4634
2007-03-05,21.8043,26.0951,20.8749
2007-03-06,20.3619,23.4364,19.828
2007-03-07,19.4295,21.4821,19.1466
2007-03-08,18.153,19.9021,17.9606
2007-03-09,18.0655,19.2719,17.9628
2007-03-12,19.247,24.5555,19.0496
2007-03-13,20.4797,27.4287,20.3089
2007-03-14,23.5255,34.0179,23.3768
2007-03-15,21.685,,21.1723
2007-03-16,21.0814,,20.8826
2007-03-19,19.8187,,19.7848
2007-03-20,18.8199,18.8201,18.8247
2007-03-21,18.7894,18.7926,18.5858
2007-03-22,17.3756,17.3814,17.3112
2007-03-23,17.065,17.0638,17.0717
2007-03-26,19.0859,19.2575,18.7304
2007-03-27,18.7301,18.7558,18.6888
2007-03-28,19.7865,19.8241,19.738
2007-03-29,18.3156,18.0573,18.5832
2007-03-30,17.5427,16.9833,18.0132
2007-04-02,17.7075,16.691,18.1951
2007-04-03,16.2711,15.0877,16.7412
2007-04-04,15.7495,14.1124,16.2818
2007-04-05,15.4383,14.1165,15.8005
2007-04-10,15.7042,14.7494,15.7959
2007-04-11,17.0061,16.5811,17.038
2007-04-12,17.0933,16.2693,17.1386
2007-04-13,16.4958,15.0233,16.552
2007-04-16,16.7432,17.9036,16.7336
2007-04-17,17.1855,18.3503,17.1825
2007-04-18,18.123,20.3545,18.1274
2007-04-19,18.6846,,18.7189
2007-04-20,18.1661,,18.23
2007-04-23,18.2799,,18.4613
2007-04-24,18.5654,18.7312,18.2962
2007-04-25,17.7795,17.7814,17.7772
2007-04-26,17.8182,17.91,17.7211
2007-04-27,18.0183,17.8607,18.1538
2007-04-30,18.3379,18.498,18.2572
2007-05-02,18.1807,18.3881,18.1078
2007-05-03,17.7993,17.7369,17.8173
2007-05-04,17.0574,16.8033,17.1176
2007-05-07,17.1331,17.0286,17.1463
2007-05-08,17.6021,18.2258,17.5389
2007-05-09,17.2449,17.3891,17.2338
2007-05-10,17.8736,18.3835,17.8444
2007-05-11,17.4643,17.6286,17.4577
2007-05-14,18.0399,20.4608,18.0192
2007-05-15,17.6713,19.1343,17.6675
2007-05-16,17.6907,19.6178,17.6887
2007-05-17,17.4461,,17.4237
2007-05-18,16.0852,,16.0087
2007-05-21,16.1341,,15.9776
2007-05-22,15.9025,15.6793,16.3111
2007-05-23,15.6061,15.4326,15.8652
2007-05-24,16.718,16.7524,16.6749
2007-05-25,15.9927,15.57,16.4207
2007-05-29,16.3646,16.1682,16.4683
2007-05-30,16.4949,16.3848,16.5446
2007-05-31,15.7865,15.2906,15.9735
2007-06-01,15.2943,14.6518,15.4983
2007-06-04,16.505,16.6263,16.4815
2007-06-05,16.5452,16.5862,16.5387
2007-06-06,18.537,20.2707,18.2996
2007-06-07,19.5603,22.2607,19.2566
2007-06-08,18.8901,20.7544,18.7288
2007-06-11,18.2508,21.9316,18.1186
2007-06-12,18.8332,23.0118,18.7358
2007-06-13,18.5551,23.5032,18.4902
2007-06-14,16.872,,16.8068
2007-06-15,15.9641,,15.9951
2007-06-18,16.7665,,16.7753
2007-06-19,16.1299,16.1495,16.5085
2007-06-20,15.9242,15.9167,16.3851
2007-06-21,16.9599,16.9259,17.3295
2007-06-22,17.3112,17.2628,17.587
2007-06-25,17.8097,17.7866,17.8568
2007-06-26,18.9274,19.097,18.6523
2007-06-27,18.9061,19.0783,18.6818
2007-06-28,17.7652,17.7411,17.7905
2007-06-29,16.8984,16.4991,17.2369
2007-07-02,17.6313,17.4429,17.7249
2007-07-03,16.8133,16.2866,17.0288
2007-07-04,16.8956,16.2805,17.1049
2007-07-05,17.9114,17.7856,17.9477
2007-07-06,16.7459,15.8744,16.9476
2007-07-09,17.0812,17.181,17.0685
2007-07-10,18.3362,19.4422,18.2227
2007-07-11,18.6717,19.962,18.5698
2007-07-12,17.5189,17.3878,17.5264
2007-07-13,17.3416,17.8929,17.3192
2007-07-16,17.6558,19.9806,17.636
2007-07-17,18.0287,22.1505,18.017
2007-07-18,19.2673,25.3364,19.2684
2007-07-19,17.827,,17.783
2007-07-20,19.3499,,19.3282
2007-07-23,19.1697,,19.1409
2007-07-24,20.6952,20.8877,20.3306
2007-07-25,22.19,22.7192,21.3639
2007-07-26,25.1589,26.3191,23.6317
2007-07-27,25.2216,26.2215,24.1378
2007-07-30,25.8375,27.3283,24.8573
2007-07-31,23.8246,24.674,23.3592
2007-08-01,27.474,29.7102,26.3976
2007-08-02,24.7526,25.6078,24.4152
2007-08-03,25.5517,26.6735,25.1744
2007-08-06,26.2291,28.5638,25.7541
2007-08-07,24.6108,26.1361,24.359
2007-08-08,21.9195,22.199,21.8829
2007-08-09,25.4669,28.3066,25.1521
2007-08-10,30.7365,34.4454,30.4118
2007-08-13,27.704,32.3581,27.5394
2007-08-14,29.0197,31.8174,28.9582
2007-08-15,29.1764,33.6403,29.1208
2007-08-16,34.7419,,33.1233
2007-08-17,32.4534,,31.3688
2007-08-20,31.1272,,30.7957
2007-08-21,29.0309,28.9443,27.2884
2007-08-22,26.4955,26.5104,25.5524
2007-08-23,26.0374,26.0412,25.9947
2007-08-24,24.4903,24.3399,25.339
2007-08-27,24.4915,24.2734,24.9315
2007-08-28,27.3264,27.3881,27.2273
2007-08-29,26.5383,26.3898,26.7284
2007-08-30,25.2691,24.9358,25.6146
2007-08-31,24.4721,24.3631,24.5661
2007-09-03,24.1984,24.1529,24.2212
2007-09-04,23.4818,23.4716,23.486
2007-09-05,25.7805,26.538,25.511
2007-09-06,25.6304,25.7439,25.5974
2007-09-07,27.8225,27.7445,27.8411
2007-09-10,29.4452,30.7777,29.272
2007-09-11,27.9485,28.4033,27.9029
2007-09-12,27.0705,26.8859,27.0845
2007-09-13,25.9084,25.8633,25.911
2007-09-14,26.5545,26.1049,26.5723
2007-09-17,29.0329,34.4621,28.9853
2007-09-18,27.6565,37.3843,27.6273
2007-09-19,23.5658,28.7948,23.576
2007-09-20,22.1601,,22.1784
2007-09-21,20.4261,,20.3807
2007-09-24,20.3965,,20.3773
2007-09-25,20.8683,20.7666,21.0306
2007-09-26,19.73,19.4071,20.1385
2007-09-27,19.1961,18.6777,19.7262
2007-09-28,19.7088,19.071,20.245
2007-10-01,19.9113,19.2988,20.2109
2007-10-02,19.9703,19.3658,20.2178
2007-10-03,20.249,19.6636,20.4492
2007-10-04,19.784,19.1222,19.9716
2007-10-05,17.8749,16.2475,18.2425
2007-10-08,18.1816,16.5443,18.3786
2007-10-09,17.5228,15.5909,17.7033
2007-10-10,17.8985,16.7879,17.9803
2007-10-11,18.2208,16.9167,18.2915
2007-10-12,18.3524,16.8255,18.4107
2007-10-15,20.0448,22.4211,20.0246
2007-10-16,20.4738,24.8298,20.4615
2007-10-17,20.0223,24.8909,20.0095
2007-10-18,19.9299,,19.8417
2007-10-19,19.7216,,19.522
2007-10-22,23.1405,,23.1454
2007-10-23,22.2771,22.1627,22.4892
2007-10-24,22.5706,22.4267,22.7867
2007-10-25,20.3871,19.8221,21.0707
2007-10-26,19.6521,18.9508,20.3558
2007-10-29,19.5547,18.8745,19.9693
2007-10-30,20.5258,20.3111,20.6393
2007-10-31,19.9914,20.2506,19.8729
2007-11-01,20.8039,21.0729,20.6994
2007-11-02,22.5777,22.903,22.4704
2007-11-05,23.5653,24.7321,23.3334
2007-11-06,22.2305,23.1496,22.0805
2007-11-07,23.1142,24.6614,22.9055
2007-11-08,24.2059,25.3607,24.0821
2007-11-09,26.2585,28.5873,26.058
2007-11-12,25.7978,27.8793,25.7274
2007-11-13,24.3942,26.4005,24.3504
2007-11-14,23.9079,29.3867,23.8372
2007-11-15,24.1229,,23.8137
2007-11-16,23.9477,,23.7155
2007-11-19,25.8939,,25.7429
2007-11-20,24.2296,24.1849,23.3387
2007-11-21,26.3075,26.325,25.1937
2007-11-22,25.2801,25.3287,24.7369
2007-11-23,24.214,24.2406,24.0612
2007-11-26,25.3639,25.6002,24.8739
2007-11-27,24.8939,25.0365,24.6635
2007-11-28,22.9455,23.1043,22.7391
2007-11-29,22.1864,22.1543,22.2201
2007-11-30,20.4255,20.1698,20.6444
2007-12-03,20.2177,20.2403,20.2063
2007-12-04,21.1889,21.9457,20.8642
2007-12-05,19.1296,19.4721,19.0087
2007-12-06,18.9496,19.3409,18.8348
2007-12-07,17.777,17.8493,17.7597
2007-12-10,18.3706,19.1582,18.2684
2007-12-11,18.73,20.4221,18.5534
2007-12-12,17.3886,18.5706,17.2953
2007-12-13,20.4149,24.2604,20.1762
2007-12-14,19.8926,21.819,19.8116
2007-12-17,21.746,28.1177,21.6874
2007-12-18,21.0845,28.1785,21.0635
2007-12-19,20.4808,28.5671,20.4636
2007-12-20,19.1525,,19.0228
2007-12-21,17.2417,,16.9554
2007-12-27,18.366,,17.7284
2007-12-28,18.0605,17.2392,18.7429
2008-01-02,20.7962,20.4863,20.9031
2008-01-03,20.4076,19.6214,20.6298
2008-01-04,21.8046,21.1393,21.9606
2008-01-07,22.3151,22.3902,22.3055
2008-01-08,21.3083,20.2889,21.407
2008-01-09,22.2657,21.81,22.2999
2008-01-10,22.1956,21.3563,22.242
2008-01-11,21.6025,20.3291,21.6518
2008-01-14,21.8862,23.0079,21.877
2008-01-15,23.6132,28.1521,23.6005
2008-01-16,24.3042,36.493,24.3094
2008-01-17,24.2938,,24.3152
2008-01-18,25.4405,,25.524
2008-01-21,34.96,,36.0745
2008-01-22,33.7934,34.8547,31.7543
2008-01-23,40.2483,42.4572,36.7231
2008-01-24,34.8708,36.14,33.2536
2008-01-25,33.6983,34.8756,32.4561
2008-01-28,33.4194,35.4096,32.1426
2008-01-29,31.8875,34.3365,30.5401
2008-01-30,32.2981,35.3467,30.8606
2008-01-31,30.0471,32.1297,29.2316
2008-02-01,27.4687,28.4412,27.1545
2008-02-04,27.218,28.7086,26.9335
2008-02-05,31.9584,35.7532,31.3416
2008-02-06,30.5677,33.3496,30.2068
2008-02-07,31.8031,35.0441,31.4657
2008-02-08,31.692,34.4855,31.4666
2008-02-11,31.9443,38.9136,31.7149
2008-02-12,28.6393,34.7917,28.5114
2008-02-13,27.9293,35.8661,27.8374
2008-02-14,28.0832,,27.9625
2008-02-15,29.3659,,29.1963
2008-02-18,28.0062,,27.9988
2008-02-19,27.8149,27.819,27.5541
2008-02-20,29.0684,29.1193,28.4895
2008-02-21,28.3885,28.4252,28.1717
2008-02-22,28.7621,28.7701,28.7318
2008-02-25,27.8544,27.9344,27.7221
2008-02-26,25.8832,25.892,25.8715
2008-02-27,25.249,25.1283,25.3789
2008-02-28,26.0736,25.8538,26.2685
2008-02-29,28.6914,28.9129,28.5256
2008-03-03,30.8962,32.1467,30.3339
2008-03-04,31.4554,32.5926,31.0292
2008-03-05,29.753,30.5418,29.5081
2008-03-06,30.6213,31.3165,30.4426
2008-03-07,31.556,32.4431,31.3676
2008-03-10,32.0537,33.3823,31.9052
2008-03-11,29.7674,31.1094,29.6505
2008-03-12,28.7552,30.2423,28.6569
2008-03-13,29.6542,32.8923,29.4932
2008-03-14,31.5852,36.2248,31.422
2008-03-17,37.0497,54.556,36.9268
2008-03-18,33.1468,49.8891,33.1138
2008-03-19,31.3786,,31.3937
2008-03-20,30.3668,,30.3837
2008-03-25,28.7098,,28.6012
2008-03-26,28.655,28.6865,28.6143
2008-03-27,27.129,27.1455,27.1117
2008-03-28,26.2793,26.0253,26.4973
2008-03-31,27.3083,27.5059,27.2087
2008-04-01,24.6244,24.666,24.607
2008-04-02,24.5911,25.3227,24.3307
2008-04-03,25.1853,25.3024,25.1513
2008-04-04,23.8251,23.3259,23.9429
2008-04-07,23.3615,23.4989,23.3441
2008-04-08,24.0381,24.4695,23.9948
2008-04-09,24.136,24.4122,24.1149
2008-04-10,23.7622,23.2942,23.7883
2008-04-11,24.7552,26.0336,24.7028
2008-04-14,25.933,31.0061,25.8883
2008-04-15,25.0443,29.7043,25.0313
2008-04-16,22.9991,28.5048,22.9827
2008-04-17,23.3232,,23.2615
2008-04-18,21.6331,,21.4484
2008-04-21,22.3629,,22.0616
2008-04-22,22.9447,22.7228,23.3536
2008-04-23,22.2164,21.9292,22.6444
2008-04-24,21.3973,20.9287,21.9679
2008-04-25,20.9661,20.4795,21.4605
2008-04-28,21.0962,20.7585,21.3052
2008-04-29,21.5211,21.4688,21.549
2008-04-30,20.8781,20.3311,21.1214
2008-05-02,19.7693,19.0096,20.0112
2008-05-05,19.9163,19.3794,20.0182
2008-05-06,20.0878,19.9424,20.1109
2008-05-07,19.5765,19.1223,19.6347
2008-05-08,19.947,19.5943,19.9834
2008-05-09,20.6725,20.6751,20.6723
2008-05-12,21.1972,24.242,21.0906
2008-05-13,21.8017,23.9693,20.7201
2008-05-14,19.6439,24.5915,19.5794
2008-05-15,18.8714,,19.3928
2008-05-16,18.5667,,19.0009
2008-05-19,18.245,,18.3928
2008-05-20,20.0612,20.1029,20.8623
2008-05-21,19.9703,19.9483,21.2946
2008-05-22,19.5563,19.4128,21.0748
2008-05-23,21.4552,21.2758,22.4604
2008-05-26,21.807,21.404,22.6083
2008-05-27,21.6835,21.2229,22.403
2008-05-28,20.7966,20.181,21.5641
2008-05-29,19.9027,18.9925,20.8165
2008-05-30,19.6841,18.7598,20.4509
2008-06-02,21.599,20.8114,21.9827
2008-06-03,21.3421,20.5332,21.6716
2008-06-04,21.7176,21.1975,21.8961
2008-06-05,21.3381,20.7865,21.4951
2008-06-06,23.4071,23.3248,23.4267
2008-06-09,24.8098,25.5201,24.7183
2008-06-10,24.4122,24.0555,24.4475
2008-06-11,25.0875,25.6942,25.0407
2008-06-12,23.304,23.0792,23.3167
2008-06-13,22.4832,23.012,22.4618
2008-06-16,22.9637,27.3881,22.9248
2008-06-17,22.2066,27.0395,22.1929
2008-06-18,23.3329,30.0497,23.3352
2008-06-19,23.0545,,23.0612
2008-06-20,24.0341,,24.086
2008-06-23,23.0103,,23.013
2008-06-24,23.3701,23.4847,23.185
2008-06-25,21.9045,21.9548,21.8393
2008-06-26,24.5021,24.723,24.268
2008-06-27,24.9617,25.3003,24.6646
2008-06-30,24.6667,25.4985,24.2396
2008-07-01,26.2514,27.4525,25.7325
2008-07-02,26.3804,27.3236,26.0435
2008-07-03,25.7967,26.4161,25.6145
2008-07-04,26.7919,27.2251,26.6873
2008-07-07,25.8164,26.8528,25.682
2008-07-08,26.8474,28.0845,26.7213
2008-07-09,25.4267,26.7967,25.3195
2008-07-10,27.378,30.5178,27.1901
2008-07-11,29.2661,31.4199,29.1766
2008-07-14,28.9311,35.2188,28.8752
2008-07-15,30.0551,39.0513,30.0287
2008-07-16,28.8021,41.754,28.8146
2008-07-17,26.7422,,26.7826
2008-07-18,24.8921,,24.8907
2008-07-21,24.8824,,24.9515
2008-07-22,24.4802,24.5082,24.4277
2008-07-23,23.7313,23.9193,23.4438
2008-07-24,23.9227,23.9625,23.8731
2008-07-25,23.8577,23.876,23.8387
2008-07-28,24.819,25.2989,24.5132
2008-07-29,24.533,24.8906,24.3402
2008-07-30,23.2156,23.1307,23.2541
2008-07-31,23.3294,23.2337,23.3661
2008-08-01,24.1877,24.1439,24.202
2008-08-04,25.0392,25.843,24.8811
2008-08-05,23.1793,24.1403,23.0225
2008-08-06,22.184,22.8863,22.0911
2008-08-07,22.6124,23.2697,22.5426
2008-08-08,22.1286,21.8486,22.1515
2008-08-11,22.3518,26.0628,22.2207
2008-08-12,22.5546,25.7944,22.4818
2008-08-13,24.3456,32.5227,24.235
2008-08-14,23.177,,23.3637
2008-08-15,22.1116,,22.3675
2008-08-18,21.8862,,21.974
2008-08-19,24.0235,24.0272,24.0936
2008-08-20,22.9651,22.9625,23.1285
2008-08-21,23.2701,23.229,23.7196
2008-08-22,21.6043,21.4432,22.5102
2008-08-25,22.9,22.739,23.2258
2008-08-26,22.0995,21.7649,22.6261
2008-08-27,21.892,21.5517,22.3228
2008-08-28,21.109,20.7379,21.4922
2008-08-29,21.0605,20.6475,21.4118
2008-09-01,21.6154,21.3892,21.7277
2008-09-02,21.2336,20.8116,21.4076
2008-09-03,22.1759,21.8482,22.2891
2008-09-04,24.9709,25.3455,24.8613
2008-09-05,26.8459,27.8303,26.6052
2008-09-08,26.1796,29.5319,25.7236
2008-09-09,26.7135,29.9867,26.3661
2008-09-10,27.5169,31.9512,27.15
2008-09-11,28.0361,32.4711,27.7649
2008-09-12,27.0376,30.764,26.8779
2008-09-15,32.5904,48.0073,32.4373
2008-09-16,36.1855,57.8601,36.1136
2008-09-17,37.5264,64.2944,37.6125
2008-09-18,37.5541,,38.0028
2008-09-19,35.189,,35.9227
2008-09-22,32.7151,,33.845
2008-09-23,32.5721,33.63,30.4975
2008-09-24,32.62,33.7625,30.8096
2008-09-25,32.6567,33.9624,30.9508
2008-09-26,38.3677,41.5206,34.7871
2008-09-29,39.4009,42.9894,36.9735
2008-09-30,40.3874,43.6137,38.5572
2008-10-01,41.9211,46.5527,39.643
2008-10-02,42.9811,48.5096,40.6507
2008-10-03,41.1629,45.293,39.7214
2008-10-06,51.0569,64.578,48.011
2008-10-07,50.7059,61.7475,48.7158
2008-10-08,60.6701,81.0619,57.4908
2008-10-09,58.3927,78.0583,55.943
2008-10-10,81.0342,115.7138,77.499
2008-10-13,67.0468,92.0501,66.075
2008-10-14,60.3095,82.782,59.7487
2008-10-15,65.453,106.4787,64.8276
2008-10-16,87.5127,,83.3797
2008-10-17,77.1459,,75.6761
2008-10-20,63.2838,,63.1603
2008-10-21,56.1841,56.0782,54.0781
2008-10-22,61.8945,61.9554,57.9663
2008-10-23,64.709,64.9012,62.5478
2008-10-24,74.7359,75.6598,69.177
2008-10-27,76.5431,78.194,73.0524
2008-10-28,74.6871,76.6791,71.3743
2008-10-29,71.0051,72.7628,68.6737
2008-10-30,66.1426,67.1474,65.0699
2008-10-31,60.6773,60.6059,60.7392
2008-11-03,54.6093,53.0763,55.3609
2008-11-04,47.9394,48.7579,47.5929
2008-11-05,49.1021,50.865,48.4722
2008-11-06,60.7084,66.6722,58.8686
2008-11-07,56.5929,59.0525,55.9888
2008-11-10,55.6689,58.8895,55.2474
2008-11-11,63.4876,71.8431,62.5965
2008-11-12,66.423,76.4586,65.5967
2008-11-13,64.4387,70.1799,64.0996
2008-11-14,62.4765,69.6831,62.171
2008-11-17,66.8717,84.6992,66.7097
2008-11-18,63.9043,76.3098,63.8696
2008-11-19,68.5177,88.2693,68.6372
2008-11-20,72.8475,,73.5953
2008-11-21,74.135,,75.5254
2008-11-24,63.6637,,65.9196
2008-11-25,61.2037,63.5255,57.2815
2008-11-26,56.4852,58.3966,53.9223
2008-11-27,51.4683,53.0237,49.7814
2008-11-28,51.4443,52.9084,50.1415
2008-12-01,57.5519,62.1771,55.0903
2008-12-02,55.725,59.4451,54.0932
2008-12-03,54.1926,57.8085,52.8736
2008-12-04,54.5307,57.2439,53.7194
2008-12-05,58.7765,62.7304,57.791
2008-12-08,54.4561,60.182,53.6869
2008-12-09,52.6486,59.7282,51.8924
2008-12-10,50.4021,55.5178,49.9915
2008-12-11,48.9477,52.2782,48.753
2008-12-12,52.8018,61.6081,52.4188
2008-12-15,53.2142,68.245,53.0765
2008-12-16,50.8983,64.2544,50.8598
2008-12-17,49.6669,64.6251,49.6273
2008-12-18,46.9906,,46.7095
2008-12-19,41.3543,,40.5512
2008-12-22,40.2847,,38.8983
2008-12-23,40.2933,38.8828,42.804
2008-12-29,43.1535,41.7588,44.0054
2008-12-30,43.867,42.894,44.377
2009-01-02,42.0759,41.1165,42.3845
2009-01-05,41.2661,41.9106,41.1406
2009-01-06,40.2438,40.6328,40.1813
2009-01-07,40.8587,41.3757,40.7909
2009-01-08,41.7652,42.9837,41.6359
2009-01-09,41.2944,41.9686,41.2386
2009-01-12,44.3165,49.2799,44.1457
2009-01-13,46.211,57.4174,45.9472
2009-01-14,52.9712,80.8546,52.5628
2009-01-15,56.3255,,55.7136
2009-01-16,48.8924,,49.4546
2009-01-19,50.4385,,50.706
2009-01-20,53.5249,53.5826,54.641
2009-01-21,52.8565,52.835,54.1824
2009-01-22,50.2596,50.1322,51.6441
2009-01-23,50.2258,50.0454,51.2519
2009-01-26,47.0805,46.8588,47.5306
2009-01-27,44.5956,44.3528,44.9823
2009-01-28,42.9118,42.9104,42.9137
2009-01-29,44.0922,44.109,44.0745
2009-01-30,44.7879,44.7107,44.8546
2009-02-02,47.7669,48.6433,47.322
2009-02-03,45.1034,45.528,44.9246
2009-02-04,41.6801,41.9191,41.5965
2009-02-05,42.5783,42.1135,42.7119
2009-02-06,41.8337,42.9311,41.5671
2009-02-09,42.2965,45.3384,41.8953
2009-02-10,44.8143,48.4798,44.4336
2009-02-11,43.4229,44.3267,43.3534
2009-02-12,44.3833,45.7995,44.3021
2009-02-13,41.8442,41.7761,41.8471
2009-02-16,44.3442,53.4581,44.2635
2009-02-17,48.4869,60.5952,48.4522
2009-02-18,47.957,61.9635,48.0015
2009-02-19,45.144,,45.1683
2009-02-20,48.5138,,48.5269
2009-02-23,50.2729,,50.6779
2009-02-24,49.5507,49.8493,49.0677
2009-02-25,47.2166,47.373,47.0143
2009-02-26,42.3922,42.3319,42.4555
2009-02-27,42.89,43.0837,42.7216
2009-03-02,49.5401,51.3914,48.5866
2009-03-03,48.6385,50.1233,48.004
2009-03-04,44.6056,45.2342,44.3843
2009-03-05,47.161,49.4738,46.4698
2009-03-06,49.5518,52.9986,48.6916
2009-03-09,47.2138,49.6022,46.9025
2009-03-10,45.3903,49.2715,44.9863
2009-03-11,45.0484,51.3845,44.5295
2009-03-12,45.351,51.6918,44.9668
2009-03-13,43.8933,48.8893,43.6816
2009-03-16,43.5812,53.2775,43.4948
2009-03-17,43.4147,51.6462,43.3917
2009-03-18,42.9651,57.315,42.9499
2009-03-19,42.6267,,42.5382
2009-03-20,43.4136,,43.3021
2009-03-23,41.943,,41.8913
2009-03-24,40.8814,40.5923,41.3412
2009-03-25,40.2273,39.8726,40.6798
2009-03-26,39.0276,38.1195,39.9596
2009-03-27,40.3235,39.5084,41.0164
2009-03-30,44.9099,44.4436,45.1417
2009-03-31,42.4096,40.6699,43.1164
2009-04-01,41.734,40.3911,42.1922
2009-04-02,42.0951,41.4949,42.2673
2009-04-03,40.5362,39.0775,40.8773
2009-04-06,41.0818,39.8557,41.2344
2009-04-07,40.1621,36.9369,40.4685
2009-04-08,38.9694,34.3915,39.2958
2009-04-09,37.6085,32.6831,37.8671
2009-04-14,40.2194,48.1445,40.1973
2009-04-15,39.7173,45.999,39.7137
2009-04-16,37.2958,,37.1939
2009-04-17,36.7027,,36.5546
2009-04-20,41.0013,,40.9809
2009-04-21,40.8736,40.6969,41.2017
2009-04-22,39.5964,39.3447,39.9746
2009-04-23,39.1905,38.8459,39.616
2009-04-24,37.381,36.716,38.0603
2009-04-27,37.8879,37.3919,38.1957
2009-04-28,39.7768,39.9592,39.6792
2009-04-29,37.4512,36.7037,37.7852
2009-04-30,36.8821,37.5718,36.6129
2009-05-04,36.7635,39.3915,36.2344
2009-05-05,37.3667,38.6613,37.1562
2009-05-06,36.2625,37.4469,36.1057
2009-05-07,38.0156,42.4099,37.5272
2009-05-08,36.0588,36.2094,36.0464
2009-05-11,36.8538,38.1632,36.8104
2009-05-12,34.9507,38.1618,34.8803
2009-05-13,36.4547,45.8622,36.3318
2009-05-14,36.111,,35.9982
2009-05-15,33.1914,,33.4543
2009-05-18,32.3116,,32.4054
2009-05-19,31.9277,31.9277,31.9281
2009-05-20,31.3056,31.3074,31.1963
2009-05-21,34.4813,34.5587,33.6147
2009-05-22,32.5317,32.4388,33.0625
2009-05-25,33.6486,33.6148,33.7176
2009-05-26,32.6654,32.389,33.1042
2009-05-27,32.0679,31.9692,32.1946
2009-05-28,33.8191,34.6205,32.9558
2009-05-29,33.0374,32.707,33.3208
2009-06-01,31.804,31.5481,31.9314
2009-06-02,31.413,30.8218,31.657
2009-06-03,32.502,31.7209,32.77
2009-06-04,31.5158,30.0404,31.9304
2009-06-05,29.7774,27.6681,30.2599
2009-06-08,31.2235,30.4388,31.3215
2009-06-09,30.3638,29.7612,30.423
2009-06-10,29.2578,28.601,29.3072
2009-06-11,27.5128,26.1235,27.5891
2009-06-12,28.1235,25.7384,28.2147
2009-06-15,31.9685,38.3278,31.9124
2009-06-16,31.8921,38.2668,31.8742
2009-06-17,34.6359,46.1094,34.6433
2009-06-18,32.4386,,32.4349
2009-06-19,30.9232,,30.8723
2009-06-22,36.0495,,37.0357
2009-06-23,33.5941,33.7226,33.3527
2009-06-24,30.845,30.819,30.8843
2009-06-25,31.0569,31.0533,31.0615
2009-06-26,30.8491,30.8236,30.8756
2009-06-29,29.3802,29.5122,29.2971
2009-06-30,30.2413,30.7079,29.9896
2009-07-01,28.844,29.11,28.7226
2009-07-02,31.7683,32.9139,31.3158
2009-07-03,31.3897,31.663,31.2999
2009-07-06,33.5458,35.5394,33.1473
2009-07-07,34.3639,36.1828,34.0651
2009-07-08,34.8517,36.8746,34.58
2009-07-09,32.573,33.3842,32.4872
2009-07-10,32.3493,32.4615,32.3401
2009-07-13,30.922,37.5937,30.6807
2009-07-14,29.6485,35.6751,29.5092
2009-07-15,27.7768,36.7978,27.6554
2009-07-16,26.8815,,27.7272
2009-07-17,26.0077,,26.781
2009-07-20,27.2222,,27.3607
2009-07-21,27.5213,27.5748,28.548
2009-07-22,27.6468,27.6328,28.5081
2009-07-23,26.8172,26.7514,27.532
2009-07-24,26.7054,26.5168,27.7664
2009-07-27,27.5235,27.1445,28.2825
2009-07-28,28.1188,27.6783,28.8117
2009-07-29,27.7072,27.0555,28.525
2009-07-30,27.0683,26.3512,27.8019
2009-07-31,28.1252,27.1899,28.9108
2009-08-03,29.5341,29.6767,29.4624
2009-08-04,28.5486,27.6655,28.91
2009-08-05,27.5867,26.2937,28.0236
2009-08-06,26.9297,25.8374,27.2378
2009-08-07,26.0442,24.5396,26.3912
2009-08-10,26.8358,26.214,26.9135
2009-08-11,27.852,27.1196,27.9238
2009-08-12,27.0173,26.0765,27.0875
2009-08-13,26.3011,25.1835,26.3627
2009-08-14,27.52,26.3808,27.5645
2009-08-17,32.1671,38.1693,32.1145
2009-08-18,30.4847,33.2927,30.4773
2009-08-19,30.4972,34.0325,30.4897
2009-08-20,28.472,,28.3885
2009-08-21,26.952,,26.8439
2009-08-24,28.2983,,28.2946
2009-08-25,27.8497,27.7773,27.9654
2009-08-26,28.367,27.9466,28.8997
2009-08-27,28.0978,27.3826,28.8302
2009-08-28,27.5908,26.7065,28.3345
2009-08-31,29.5215,29.1626,29.6995
2009-09-01,31.539,31.7955,31.4311
2009-09-02,31.124,31.1893,31.1012
2009-09-03,30.3085,29.8215,30.4481
2009-09-04,28.1169,27.3407,28.2994
2009-09-07,27.843,27.4403,27.8936
2009-09-08,27.4227,26.3421,27.5277
2009-09-09,26.3146,23.8771,26.4909
2009-09-10,25.934,23.275,26.0759
2009-09-11,25.7152,23.045,25.8162
2009-09-14,26.868,28.1237,26.8577
2009-09-15,26.4976,26.9638,26.4964
2009-09-16,25.9829,30.0622,25.9677
2009-09-17,25.9097,,25.8465
2009-09-18,25.6896,,25.5262
2009-09-21,26.0353,,25.6102
2009-09-22,25.5304,24.8949,26.6771
2009-09-23,25.5973,25.0189,26.449
2009-09-24,27.1057,26.6036,27.7193
2009-09-25,27.1017,26.102,28.1037
2009-09-28,26.4844,25.3518,27.1706
2009-09-29,26.2436,25.2627,26.7519
2009-09-30,26.8181,26.338,27.033
2009-10-01,29.224,29.4502,29.1364
2009-10-02,30.1776,30.0944,30.2047
2009-10-05,29.3201,29.6761,29.2509
2009-10-06,27.5164,28.0904,27.4238
2009-10-07,27.2934,27.9419,27.208
2009-10-08,26.0493,26.1091,26.043
2009-10-09,26.2717,27.3627,26.18
2009-10-12,25.8123,29.6587,25.6774
2009-10-13,27.0429,38.1539,26.761
2009-10-14,25.38,33.3957,25.2726
2009-10-15,24.7769,,25.3917
2009-10-16,25.199,,25.8588
2009-10-19,25.2672,,25.4913
2009-10-20,24.5576,24.6566,26.4245
2009-10-21,23.842,23.8097,25.7785
2009-10-22,24.3875,24.2262,26.1019
2009-10-23,24.4296,24.1321,26.0765
2009-10-26,27.2798,27.0119,27.8195
2009-10-27,27.4338,27.0979,27.9645
2009-10-28,28.8978,28.6958,29.156
2009-10-29,27.4348,26.7906,28.0959
2009-10-30,31.3257,31.5918,31.0933
2009-11-02,30.9759,31.0556,30.936
2009-11-03,31.7691,31.5716,31.8513
2009-11-04,29.5213,28.7109,29.7987
2009-11-05,28.267,27.7896,28.4037
2009-11-06,27.4821,25.8292,27.8627
2009-11-09,26.3446,25.6637,26.4297
2009-11-10,26.3612,25.9908,26.3977
2009-11-11,26.5252,25.8798,26.5736
2009-11-12,26.5419,26.2787,26.5567
2009-11-13,25.7948,24.604,25.8414
2009-11-16,26.0885,28.0709,26.072
2009-11-17,26.6583,29.6294,26.6503
2009-11-18,25.3958,29.6039,25.4018
2009-11-19,26.5245,,26.5809
2009-11-20,26.5338,,26.516
2009-11-23,24.971,,24.8975
2009-11-24,24.9072,24.8655,24.9739
2009-11-25,23.6802,23.5816,23.8066
2009-11-26,30.3482,31.4361,29.1612
2009-11-27,28.3598,28.4077,28.3182
2009-11-30,30.2813,31.3549,29.7291
2009-12-01,26.9483,27.214,26.8363
2009-12-02,26.3854,26.4971,26.3464
2009-12-03,26.1293,25.8167,26.2191
2009-12-04,24.8832,24.06,25.076
2009-12-07,24.8858,25.0446,24.8656
2009-12-08,26.6741,27.9237,26.5467
2009-12-09,28.3235,30.895,28.1183
2009-12-10,26.963,27.5802,26.9278
2009-12-11,25.2094,24.6498,25.2315
2009-12-14,24.4541,26.0879,24.4405
2009-12-15,23.9015,26.9547,23.8932
2009-12-16,23.2551,29.6516,23.2112
2009-12-17,24.101,,23.8902
2009-12-18,25.1043,,24.7623
2009-12-21,23.3807,,22.3299
2009-12-22,23.2634,22.3765,24.8356
2009-12-23,22.8497,21.9223,24.1866
2009-12-28,23.5164,22.6987,24.0149
2009-12-29,23.3564,22.324,23.8886
2009-12-30,24.0577,22.8729,24.5762
2010-01-04,23.5136,22.8122,23.6465
2010-01-05,23.1342,21.9496,23.3174
2010-01-06,22.9753,21.6282,23.1446
2010-01-07,22.6947,21.8827,22.7778
2010-01-08,21.9757,20.6673,22.0798
2010-01-11,22.7292,24.674,22.6632
2010-01-12,22.9228,26.666,22.8379
2010-01-13,22.607,27.3874,22.5459
2010-01-14,20.5491,,21.4304
2010-01-15,22.2754,,22.8701
2010-01-18,20.9832,,21.2537
2010-01-19,20.3124,20.431,22.5166
2010-01-20,23.4058,23.3903,24.3542
2010-01-21,26.415,26.4442,26.09
2010-01-22,27.0923,27.1963,26.4854
2010-01-25,27.0738,27.0469,27.1286
2010-01-26,25.68,25.5127,25.9463
2010-01-27,27.4525,27.5521,27.3236
2010-01-28,28.1495,28.3899,27.8947
2010-01-29,26.7238,26.4731,26.939
2010-02-01,26.3665,26.1774,26.4606
2010-02-02,24.871,24.1956,25.1481
2010-02-03,25.4074,24.8843,25.5873
2010-02-04,29.2653,30.6383,28.8554
2010-02-05,30.5511,31.8067,30.2431
2010-02-08,29.9954,31.032,29.8615
2010-02-09,29.5998,30.2008,29.5394
2010-02-10,29.2527,30.5088,29.1549
2010-02-11,29.1073,30.0068,29.0557
2010-02-12,28.4507,27.4259,28.4909
2010-02-15,28.3269,30.7848,28.3064
2010-02-16,26.7825,29.1082,26.7763
2010-02-17,25.6233,29.3887,25.618
2010-02-18,24.5976,,24.5569
2010-02-19,23.8134,,23.7015
2010-02-22,23.8859,,23.7043
2010-02-23,25.2581,25.228,25.3063
2010-02-24,25.0557,25.109,24.9868
2010-02-25,25.7752,25.8984,25.6449
2010-02-26,24.3654,24.1819,24.5232
2010-03-01,24.2057,24.6019,24.0049
2010-03-02,23.0869,23.0226,23.1137
2010-03-03,22.5646,22.2513,22.6729
2010-03-04,22.509,22.114,22.6221
2010-03-05,20.8733,20.1848,21.0346
2010-03-08,22.1037,22.2059,22.0906
2010-03-09,21.9089,21.2649,21.9719
2010-03-10,21.8234,20.5253,21.919
2010-03-11,21.6064,20.4729,21.6685
2010-03-12,21.9337,19.9181,22.0104
2010-03-15,22.5512,23.0767,22.547
2010-03-16,21.5082,23.1542,21.5037
2010-03-17,20.4595,24.6607,20.4344
2010-03-18,20.7944,,20.6761
2010-03-19,20.4963,,20.2104
2010-03-22,21.0976,,20.4343
2010-03-23,19.935,18.9666,21.6282
2010-03-24,20.6058,19.7045,21.9004
2010-03-25,19.8877,18.9271,21.0246
2010-03-26,19.7951,18.4868,21.0698
2010-03-29,20.3509,18.8665,21.2288
2010-03-30,20.4679,19.3183,21.0551
2010-03-31,20.5988,18.853,21.3433
2010-04-01,19.9987,18.2421,20.6356
2010-04-06,20.6297,19.3967,20.8194
2010-04-07,21.151,20.8279,21.1926
2010-04-08,22.4955,22.4288,22.5025
2010-04-09,20.5366,18.7744,20.6747
2010-04-12,20.7268,21.7366,20.6931
2010-04-13,21.0781,23.4691,21.025
2010-04-14,20.7926,25.0646,20.7381
2010-04-15,20.2712,,20.8109
2010-04-16,22.4362,,22.7623
2010-04-19,23.2228,,23.334
2010-04-20,21.0511,21.1281,22.5072
2010-04-21,22.4995,22.4865,23.3013
2010-04-22,24.7953,24.7849,24.9096
2010-04-23,24.004,23.8795,24.7087
2010-04-26,24.3701,24.3344,24.4431
2010-04-27,28.556,28.7799,28.1931
2010-04-28,31.4532,32.0443,30.6746
2010-04-29,29.5246,29.7932,29.2397
2010-04-30,28.89,28.8603,28.9157
2010-05-03,28.7236,29.0721,28.5475
2010-05-04,33.146,34.4009,32.6068
2010-05-05,33.2533,33.3609,33.2157
2010-05-06,36.8128,37.8455,36.5082
2010-05-07,49.5956,56.4195,47.8198
2010-05-10,38.6586,41.5399,38.278
2010-05-11,39.153,40.3412,39.0329
2010-05-12,34.2832,33.5134,34.3411
2010-05-13,31.6534,30.0303,31.7425
2010-05-14,42.5944,50.4608,42.2493
2010-05-17,41.8703,47.382,41.8233
2010-05-18,37.2068,40.5147,37.1978
2010-05-19,44.7352,55.6737,44.7169
2010-05-20,49.8735,,49.8337
2010-05-21,46.1742,,45.8031
2010-05-24,42.6168,,41.5071
2010-05-25,45.1801,44.2004,46.7092
2010-05-26,40.0068,39.6915,40.4094
2010-05-27,34.9147,35.3424,34.4595
2010-05-28,33.8757,33.6032,34.1099
2010-05-31,34.3975,34.1436,34.524
2010-06-01,35.27,35.2727,35.2688
2010-06-02,35.4258,34.982,35.5792
2010-06-03,33.3359,32.8423,33.4775
2010-06-04,37.6914,37.8113,37.6627
2010-06-07,40.8221,41.2947,40.7618
2010-06-08,41.6163,41.7132,41.6066
2010-06-09,36.3198,36.0775,36.3382
2010-06-10,33.0698,32.1721,33.1198
2010-06-11,31.3614,30.1743,31.4079
2010-06-14,29.638,32.2494,29.6161
2010-06-15,28.2771,30.1992,28.2721
2010-06-16,28.9965,32.998,28.9775
2010-06-17,29.1763,,29.0641
2010-06-18,26.9603,,26.6427
2010-06-21,26.6207,,25.9526
2010-06-22,26.419,25.3964,28.2302
2010-06-23,28.6733,27.7182,30.0618
2010-06-24,31.3907,30.5097,32.4563
2010-06-25,32.1028,31.1778,33.0372
2010-06-28,30.097,28.1915,31.2326
2010-06-29,35.0433,34.7727,35.1867
2010-06-30,34.3161,33.7192,34.5833
2010-07-01,36.2527,36.2861,36.2398
2010-07-02,33.5925,32.5867,33.9144
2010-07-05,32.5953,32.8269,32.5505
2010-07-06,31.0215,31.8084,30.8942
2010-07-07,30.2616,30.6114,30.2158
2010-07-08,29.0105,29.518,28.957
2010-07-09,27.9513,26.2574,28.0859
2010-07-12,28.2624,29.613,28.2173
2010-07-13,26.8765,28.2573,26.8468
2010-07-14,27.7218,28.46,27.7132
2010-07-15,27.2994,,28.8786
2010-07-16,27.0579,,28.7516
2010-07-19,28.5292,,29.0276
2010-07-20,28.2169,28.4071,31.7284
2010-07-21,28.4295,28.3831,31.1946
2010-07-22,27.2761,27.0887,29.2647
2010-07-23,28.0725,27.8068,29.5551
2010-07-26,26.7958,26.0531,28.2533
2010-07-27,26.4061,25.7936,27.3603
2010-07-28,26.6136,25.8508,27.5656
2010-07-29,27.1207,26.0067,28.2442
2010-07-30,27.1611,25.6622,28.3954
2010-08-02,26.3127,25.1286,26.886
2010-08-03,26.1666,24.799,26.7178
2010-08-04,25.4719,23.5496,26.109
2010-08-05,25.1036,23.014,25.677
2010-08-06,27.1054,24.7696,27.6347
2010-08-09,25.8314,23.7596,26.0823
2010-08-10,27.0942,26.0737,27.1935
2010-08-11,30.0144,29.8442,30.0273
2010-08-12,29.3678,27.2725,29.4815
2010-08-13,29.1965,26.4884,29.2996
2010-08-16,29.9967,31.5487,29.9839
2010-08-17,27.7678,27.8268,27.7677
2010-08-18,26.7371,29.1147,26.7049
2010-08-19,29.33,,29.2337
2010-08-20,29.0491,,28.791
2010-08-23,28.2907,,27.7176
2010-08-24,30.0343,29.6446,30.6494
2010-08-25,30.8373,30.5466,31.2078
2010-08-26,29.9828,29.3599,30.6238
2010-08-27,28.3184,27.4242,29.0708
2010-08-30,29.0896,28.3506,29.4526
2010-08-31,29.3735,28.8913,29.5728
2010-09-01,26.2515,25.624,26.4668
2010-09-02,25.9121,25.126,26.1354
2010-09-03,24.5597,23.4103,24.8267
2010-09-06,24.4704,23.3454,24.6093
2010-09-07,25.2572,24.2902,25.3512
2010-09-08,24.858,23.6679,24.9462
2010-09-09,24.2136,23.0113,24.2796
2010-09-10,24.6199,23.1294,24.6777
2010-09-13,23.7725,25.1932,23.7607
2010-09-14,23.2662,25.0197,23.2616
2010-09-15,23.5735,27.4329,23.5329
2010-09-16,24.0703,,23.8708
2010-09-17,24.5387,,24.2585
2010-09-20,24.1468,23.2891,26.0587
2010-09-21,25.0768,24.5319,26.0644
2010-09-22,25.4218,24.7565,26.3973
2010-09-23,25.563,24.9634,26.2919
2010-09-24,23.6604,22.7864,24.5362
2010-09-27,24.559,23.6857,25.0911
2010-09-28,24.7616,23.9296,25.1939
2010-09-29,25.0618,24.3767,25.3663
2010-09-30,26.1124,26.2108,26.0744
2010-10-01,26.3651,26.6401,26.2747
2010-10-04,27.0484,28.1878,26.8229
2010-10-05,25.113,25.9674,24.9742
2010-10-06,24.647,25.4616,24.5392
2010-10-07,23.9852,25.2032,23.8545
2010-10-08,22.8174,21.8486,22.8951
2010-10-11,22.5377,23.9911,22.4888
2010-10-12,22.751,25.2398,22.696
2010-10-13,21.7702,28.9962,21.6727
2010-10-14,21.4777,,22.3958
2010-10-15,21.5816,,22.4018
2010-10-18,21.3908,21.752,24.4292
2010-10-19,22.0645,22.1947,24.4852
2010-10-20,21.7151,21.6794,23.8417
2010-10-21,22.0435,21.9013,23.5559
2010-10-22,21.7654,21.5058,23.2031
2010-10-25,22.0429,21.4491,23.2092
2010-10-26,22.1475,21.4639,23.2024
2010-10-27,23.9142,23.3718,24.5957
2010-10-28,22.81,22.0352,23.5968
2010-10-29,23.3884,22.8122,23.8763
2010-11-01,24.6186,24.7569,24.5491
2010-11-02,23.8859,24.5856,23.587
2010-11-03,25.4353,26.825,24.9325
2010-11-04,21.5165,20.9747,21.6709
2010-11-05,21.8485,21.3743,21.9603
2010-11-08,21.7672,21.8082,21.762
2010-11-09,20.6317,20.4871,20.646
2010-11-10,22.6167,24.097,22.5001
2010-11-11,23.4862,24.975,23.3994
2010-11-12,24.6155,26.7928,24.5244
2010-11-15,23.6229,25.9803,23.6031
2010-11-16,26.3614,38.2812,26.3242
2010-11-17,24.7764,29.6578,24.7829
2010-11-18,22.9185,,22.9274
2010-11-19,22.0588,,22.0119
2010-11-22,23.3719,23.488,23.0957
2010-11-23,27.629,28.276,26.3779
2010-11-24,26.378,26.8133,25.7048
2010-11-25,25.4157,25.64,25.133
2010-11-26,28.4384,29.4921,27.2994
2010-11-29,30.6685,32.5016,29.4609
2010-11-30,31.0728,32.2656,30.4178
2010-12-01,28.1338,28.4949,27.9685
2010-12-02,25.3572,24.5911,25.6463
2010-12-03,23.8826,23.2532,24.0845
2010-12-06,24.7228,25.503,24.5692
2010-12-07,23.3351,23.8824,23.2467
2010-12-08,22.4882,22.0853,22.54
2010-12-09,21.6528,21.2809,21.6911
2010-12-10,21.1483,20.5481,21.1968
2010-12-13,20.4241,21.9357,20.3731
2010-12-14,19.7225,20.9237,19.6965
2010-12-15,19.8565,25.3604,19.784
2010-12-16,18.3588,,19.8521
2010-12-17,19.2521,,20.2938
2010-12-20,18.68,19.1073,22.2095
2010-12-21,18.4719,18.6354,21.4426
2010-12-22,18.5947,18.5461,21.4117
2010-12-23,19.5692,19.3151,22.1827
2010-12-27,22.5773,22.0811,23.5591
2010-12-28,22.5709,21.932,23.5599
2010-12-29,22.009,21.096,23.1325
2010-12-30,23.9165,23.3154,24.5323
2011-01-03,23.6239,23.0049,23.9278
2011-01-04,23.156,22.2746,23.5148
2011-01-05,23.0796,22.0142,23.4398
2011-01-06,23.3018,22.2804,23.5893
2011-01-07,23.9501,22.8847,24.1978
2011-01-10,25.7194,25.6869,25.7235
2011-01-11,23.8595,22.6651,23.975
2011-01-12,22.2715,20.7064,22.386
2011-01-13,21.4741,19.7585,21.5668
2011-01-14,20.4446,18.9853,20.5008
2011-01-17,21.1731,22.4492,21.1626
2011-01-18,20.1918,22.2458,20.1863
2011-01-19,21.2715,26.5585,21.2498
2011-01-20,21.1073,,20.9563
2011-01-21,19.8027,,19.4612
2011-01-24,20.3845,19.7811,21.565
2011-01-25,21.5594,20.9269,22.5372
2011-01-26,21.5269,20.9805,22.2112
2011-01-27,21.1087,20.4107,21.818
2011-01-28,22.1322,21.4538,22.7033
2011-01-31,22.7338,22.2642,22.9655
2011-02-01,22.1521,21.6264,22.3684
2011-02-02,21.6554,20.8212,21.9388
2011-02-03,22.0919,21.3556,22.3005
2011-02-04,20.8982,19.5234,21.2136
2011-02-07,20.3702,19.957,20.4219
2011-02-08,20.206,19.7526,20.2505
2011-02-09,19.7493,19.3181,19.7818
2011-02-10,19.7521,19.3747,19.7732
2011-02-11,19.946,19.3278,19.9703
2011-02-14,20.7408,23.0113,20.7216
2011-02-15,20.4386,22.4952,20.4331
2011-02-16,19.1885,23.6802,19.1656
2011-02-17,19.9957,,19.8976
2011-02-18,19.6952,,19.4903
2011-02-21,22.1446,21.8281,22.778
2011-02-22,23.932,23.9186,23.9539
2011-02-23,24.9891,24.9104,25.0901
2011-02-24,24.9884,24.6006,25.3898
2011-02-25,23.1032,22.5401,23.5799
2011-02-28,22.714,22.0669,23.0313
2011-03-01,23.82,23.4905,23.9564
2011-03-02,24.5965,24.0855,24.7722
2011-03-03,23.9314,23.1162,24.1624
2011-03-04,23.6358,22.7408,23.8449
2011-03-07,24.4135,24.3238,24.4248
2011-03-08,23.4534,23.402,23.4586
2011-03-09,23.4775,23.1768,23.5003
2011-03-10,24.1369,23.9813,24.1456
2011-03-11,24.7086,23.3899,24.7597
2011-03-14,26.7431,31.6898,26.6997
2011-03-15,31.0104,44.3995,30.9689
2011-03-16,35.2293,59.8085,35.2797
2011-03-17,30.6133,,30.6967
2011-03-18,28.5337,,28.6527
2011-03-21,25.2354,25.1828,25.3594
2011-03-22,24.3914,24.2219,24.7048
2011-03-23,23.9226,23.6327,24.3549
2011-03-24,22.1,21.5417,22.7773
2011-03-25,22.0837,21.3726,22.7994
2011-03-28,22.4799,21.6652,22.9759
2011-03-29,22.4978,21.6482,22.9378
2011-03-30,21.4727,20.3801,21.9502
2011-03-31,22.0799,21.5722,22.2725
2011-04-01,20.4234,19.2109,20.8039
2011-04-04,20.6621,19.8759,20.8105
2011-04-05,20.5154,19.6652,20.6476
2011-04-06,20.155,19.7471,20.2074
2011-04-07,21.0214,21.6347,20.9564
2011-04-08,19.961,18.9236,20.044
2011-04-11,19.98,20.7079,19.9559
2011-04-12,22.4991,26.8104,22.3999
2011-04-13,21.1972,23.5471,21.1686
2011-04-14,20.7375,,21.3726
2011-04-15,18.8037,,19.4883
2011-04-18,22.7879,22.8612,23.4343
2011-04-19,20.8171,20.8824,22.0588
2011-04-20,19.0849,19.0549,20.8761
2011-04-21,18.9266,18.6785,21.4751
2011-04-26,19.4866,18.9896,20.2588
2011-04-27,19.8336,19.3215,20.4747
2011-04-28,18.8268,18.053,19.6073
2011-04-29,18.4785,17.3228,19.424
2011-05-02,19.6212,18.5942,20.1157
2011-05-03,20.7988,18.7611,21.594
2011-05-04,21.8564,20.9255,22.1719
2011-05-05,22.5461,21.7479,22.7719
2011-05-06,19.9772,17.9945,20.4228
2011-05-09,22.5141,22.2936,22.5418
2011-05-10,21.5021,21.2784,21.5243
2011-05-11,21.0675,20.2646,21.1274
2011-05-12,21.8671,21.4584,21.89
2011-05-13,22.0822,21.5256,22.1042
2011-05-16,22.3774,24.723,22.3576
2011-05-17,23.103,26.6832,23.0932
2011-05-18,22.356,24.3839,22.3497
2011-05-19,21.0276,,20.944
2011-05-20,22.3836,,22.2962
2011-05-23,24.7811,24.9546,24.4226
2011-05-24,23.767,23.7665,23.7678
2011-05-25,22.6511,22.5183,22.821
2011-05-26,22.7414,22.6855,22.8002
2011-05-27,21.4688,21.1383,21.7511
2011-05-30,21.7424,21.5422,21.842
2011-05-31,20.353,19.8308,20.5675
2011-06-01,20.9271,20.7946,20.9731
2011-06-02,22.8441,23.2387,22.7285
2011-06-03,22.6548,22.9173,22.5916
2011-06-06,23.1505,23.7177,23.0776
2011-06-07,22.3739,22.2668,22.3846
2011-06-08,22.6861,22.6811,22.6864
2011-06-09,20.9442,20.2372,20.9835
2011-06-10,22.618,23.3873,22.5868
2011-06-13,22.8375,25.5759,22.8143
2011-06-14,21.3223,24.6098,21.3134
2011-06-15,23.0616,31.3108,23.0584
2011-06-16,24.4295,,24.4426
2011-06-17,24.25,,24.2328
2011-06-20,25.5433,25.6472,25.297
2011-06-21,24.7476,24.9461,24.3725
2011-06-22,23.3426,23.2669,23.4566
2011-06-23,27.3023,27.9293,26.4994
2011-06-24,27.1728,27.804,26.5005
2011-06-27,28.2016,29.813,27.1424
2011-06-28,27.6888,29.6038,26.6116
2011-06-29,24.061,24.5103,23.8545
2011-06-30,21.5622,21.3611,21.6392
2011-07-01,19.7293,18.869,20.0024
2011-07-04,19.7265,19.2857,19.8105
2011-07-05,20.2611,19.7,20.3491
2011-07-06,20.9197,20.6142,20.9591
2011-07-07,20.5946,19.9991,20.6557
2011-07-08,22.4146,23.305,22.3399
2011-07-11,26.2613,34.7914,25.9368
2011-07-12,28.2541,39.2262,27.9784
2011-07-13,26.4656,35.2982,26.3462
2011-07-14,27.271,,27.3274
2011-07-15,28.1168,,28.1448
2011-07-18,31.0008,30.9357,30.4138
2011-07-19,28.9959,28.9877,28.8365
2011-07-20,27.6237,27.6249,27.5526
2011-07-21,23.8296,23.7487,24.7055
2011-07-22,22.4011,22.2175,23.4301
2011-07-25,24.5023,24.3319,24.8469
2011-07-26,24.0382,23.7361,24.5154
2011-07-27,26.0272,26.1683,25.8442
2011-07-28,26.5424,26.9375,26.1208
2011-07-29,27.6238,28.6396,26.7128
2011-08-01,29.0047,30.7983,28.0636
2011-08-02,29.346,29.866,29.1258
2011-08-03,29.7215,29.7898,29.6977
2011-08-04,34.629,36.6284,34.0281
2011-08-05,39.2459,43.4891,38.1614
2011-08-08,45.3038,52.2102,44.3519
2011-08-09,46.3979,53.0022,45.6895
2011-08-10,49.4966,62.609,48.3538
2011-08-11,48.7042,64.0064,47.6952
2011-08-12,44.8485,54.8658,44.4009
2011-08-15,40.353,49.6205,40.2702
2011-08-16,38.0486,49.9022,38.0137
2011-08-17,35.0436,41.0903,35.0543
2011-08-18,47.1694,,47.5568
2011-08-19,47.306,,47.7263
2011-08-22,46.5895,47.7515,43.7254
2011-08-23,44.353,45.254,42.6188
2011-08-24,42.1282,42.7612,41.1512
2011-08-25,44.3803,45.6194,42.784
2011-08-26,43.5524,44.515,42.5284
2011-08-29,39.2543,40.2241,38.6338
2011-08-30,38.1572,39.5712,37.3815
2011-08-31,35.6495,36.9219,35.0573
2011-09-01,36.5683,37.9772,36.0108
2011-09-02,40.0959,41.6402,39.5785
2011-09-05,46.8414,51.8143,45.8195
2011-09-06,47.8677,52.1158,47.1554
2011-09-07,43.4696,45.268,43.2304
2011-09-08,41.6299,43.366,41.4445
2011-09-09,49.7943,59.393,48.9223
2011-09-12,53.5472,68.7195,52.9808
2011-09-13,49.1151,65.5036,48.7131
2011-09-14,46.7296,68.7347,46.4144
2011-09-15,42.2886,,42.5308
2011-09-16,42.963,,42.9608
2011-09-19,45.6132,45.5671,45.1995
2011-09-20,42.7855,42.8121,43.3031
2011-09-21,44.1387,44.1415,43.9641
2011-09-22,47.781,47.816,47.3925
2011-09-23,48.5408,48.7136,47.5336
2011-09-26,49.2866,50.0664,47.653
2011-09-27,45.5195,46.4545,43.9778
2011-09-28,46.3864,47.5158,44.8891
2011-09-29,44.442,45.089,43.7518
2011-09-30,46.6796,47.1697,46.2508
2011-10-03,48.6534,49.5759,48.1848
2011-10-04,50.4407,51.12,50.1539
2011-10-05,45.597,45.241,45.7204
2011-10-06,42.6277,42.4052,42.692
2011-10-07,40.5638,39.3504,40.8486
2011-10-10,37.9148,38.0222,37.9011
2011-10-11,38.1751,38.1492,38.1776
2011-10-12,35.7679,34.8183,35.8392
2011-10-13,38.7483,40.3472,38.6561
2011-10-14,34.9396,33.6018,34.992
2011-10-17,38.8089,48.0687,38.7258
2011-10-18,39.665,47.9089,39.6418
2011-10-19,39.8925,47.808,39.901
2011-10-20,44.6144,,44.7661
2011-10-21,40.7402,,40.8497
2011-10-24,37.3083,37.4667,36.9825
2011-10-25,37.8419,38.1687,37.3116
2011-10-26,37.7721,38.1795,37.2405
2011-10-27,30.3371,30.0326,30.6539
2011-10-28,31.2429,30.8914,31.5441
2011-10-31,35.1198,35.7179,34.8164
2011-11-01,42.9562,45.4585,41.8653
2011-11-02,42.1425,43.8076,41.5462
2011-11-03,40.054,41.5673,39.6049
2011-11-04,41.4944,43.9736,40.8793
2011-11-07,42.2205,45.0732,41.8451
2011-11-08,39.6689,42.9109,39.332
2011-11-09,41.7228,48.0888,41.1983
2011-11-10,43.7184,51.0631,43.2671
2011-11-11,39.5323,43.6545,39.3585
2011-11-14,40.1517,46.4882,40.0969
2011-11-15,39.6113,47.1482,39.5903
2011-11-16,38.0763,45.371,38.0617
2011-11-17,39.0576,,39.0439
2011-11-18,38.2997,,38.1479
2011-11-21,41.2081,41.2373,41.1391
2011-11-22,39.5623,39.3268,39.9987
2011-11-23,40.9728,40.7924,41.2446
2011-11-24,40.3245,39.8947,40.8545
2011-11-25,40.8202,39.9101,41.7456
2011-11-28,38.9704,38.8872,39.0224
2011-11-29,38.6637,39.3889,38.2714
2011-11-30,37.0829,38.6527,36.3487
2011-12-01,36.5396,37.7688,36.0549
2011-12-02,35.6881,37.2177,35.1741
2011-12-05,35.9744,40.0528,35.1328
2011-12-06,36.9213,41.326,36.1699
2011-12-07,37.2166,41.8756,36.5675
2011-12-08,39.3825,46.9137,38.5116
2011-12-09,34.9028,39.6044,34.4881
2011-12-12,36.2503,43.4818,35.9906
2011-12-13,33.6736,40.8698,33.5064
2011-12-14,34.4891,43.5322,34.3707
2011-12-15,31.424,,32.5501
2011-12-16,31.1426,,31.9627
2011-12-19,30.9926,31.2522,33.2405
2011-12-20,30.3271,30.3789,31.3242
2011-12-21,30.2552,30.2398,31.2036
2011-12-22,28.8742,28.7832,29.8602
2011-12-23,28.5177,28.3185,29.6383
2011-12-27,29.749,29.4148,30.2775
2011-12-28,31.8173,31.7312,31.9278
2011-12-29,32.1867,31.9316,32.4525
2011-12-30,32.1544,31.9746,32.3093
2012-01-02,31.3029,31.6877,31.1084
2012-01-03,30.017,29.7846,30.1136
2012-01-04,30.4656,30.0797,30.599
2012-01-05,31.0151,30.3418,31.2074
2012-01-06,30.5586,29.6869,30.7634
2012-01-09,30.1779,30.4942,30.1376
2012-01-10,28.3412,29.0207,28.2728
2012-01-11,28.4621,29.0496,28.4169
2012-01-12,28.5518,28.2222,28.5703
2012-01-13,28.916,29.399,28.8965
2012-01-16,27.998,29.8585,27.9826
2012-01-17,28.1469,33.1631,28.133
2012-01-18,27.76,32.4117,27.7339
2012-01-19,26.5407,,26.3698
2012-01-20,25.0315,,24.5707
2012-01-23,25.6521,24.7536,27.3971
2012-01-24,25.295,24.1427,27.0417
2012-01-25,25.2399,23.9849,26.7704
2012-01-26,24.2408,23.1419,25.3444
2012-01-27,24.3981,22.976,25.5661
2012-01-30,26.8831,25.7815,27.418
2012-01-31,26.3081,24.7731,26.9242
2012-02-01,24.6111,22.8366,25.2005
2012-02-02,24.5624,22.8007,25.0494
2012-02-03,23.5349,21.5655,23.9818
2012-02-06,25.0326,24.1287,25.1448
2012-02-07,25.325,24.8413,25.3725
2012-02-08,25.7292,24.9368,25.7884
2012-02-09,25.9181,24.7457,25.9827
2012-02-10,27.3816,27.7311,27.3676
2012-02-13,26.6034,27.5321,26.5958
2012-02-14,26.0202,25.9603,26.0204
2012-02-15,26.5438,28.3392,26.5251
2012-02-16,26.8397,,26.6931
2012-02-17,24.8255,,24.4625
2012-02-20,24.5763,23.8265,26.2608
2012-02-21,23.8977,22.8576,25.7283
2012-02-22,24.0059,22.9667,25.499
2012-02-23,23.8446,22.7033,25.1961
2012-02-24,22.5277,21.1305,23.8941
2012-02-27,24.2211,22.9686,24.9744
2012-02-28,23.7173,22.1909,24.4922
2012-02-29,23.9289,22.4705,24.5616
2012-03-01,22.8624,21.3404,23.4224
2012-03-02,22.5637,21.3784,22.9375
2012-03-05,23.7978,22.8186,23.9823
2012-03-06,28.5625,31.1939,28.1204
2012-03-07,28.2266,30.4341,27.9268
2012-03-08,25.0964,25.7588,25.0262
2012-03-09,22.895,20.7048,23.0657
2012-03-12,23.0102,23.5166,22.9935
2012-03-13,20.9307,22.3625,20.8997
2012-03-14,21.1237,24.8272,21.0771
2012-03-15,19.3479,,20.3281
2012-03-16,18.5202,,19.7159
2012-03-19,18.3551,18.7906,21.9426
2012-03-20,19.9117,20.0569,22.5808
2012-03-21,20.0254,19.9884,22.2153
2012-03-22,21.9103,21.7818,23.2811
2012-03-23,21.6583,21.4089,23.0417
2012-03-26,21.3398,20.7327,22.5298
2012-03-27,22.3987,21.9371,23.1202
2012-03-28,23.0813,22.4938,23.817
2012-03-29,25.3609,25.145,25.5859
2012-03-30,22.5463,21.7053,23.2501
2012-04-02,21.2165,20.1896,21.7124
2012-04-03,22.2735,21.4658,22.6027
2012-04-04,25.8591,25.9895,25.8134
2012-04-05,25.5879,25.1563,25.7115
2012-04-10,30.6779,33.894,30.3396
2012-04-11,29.4908,30.6437,29.4012
2012-04-12,27.6118,27.6263,27.611
2012-04-13,29.4063,30.0946,29.3784
2012-04-16,28.8612,32.4593,28.8305
2012-04-17,26.5949,30.9597,26.5828
2012-04-18,27.6847,32.9711,27.6702
2012-04-19,28.2848,,28.2064
2012-04-20,26.2312,,26.0613
2012-04-23,29.9723,29.8904,30.1391
2012-04-24,28.6556,28.5245,28.8648
2012-04-25,27.4003,27.1263,27.7493
2012-04-26,26.6216,26.1933,27.0643
2012-04-27,25.4795,24.8801,25.9875
2012-04-30,26.9511,26.7552,27.0486
2012-05-02,28.0126,28.6002,27.8048
2012-05-03,27.6802,27.8597,27.628
2012-05-04,29.3836,30.49,29.1129
2012-05-07,28.9223,30.4636,28.7211
2012-05-08,31.3226,33.9321,31.0513
2012-05-09,31.2083,32.9745,31.0698
2012-05-10,29.1479,29.9748,29.1006
2012-05-11,28.3851,28.6502,28.3744
2012-05-14,31.6946,38.0689,31.6383
2012-05-15,33.3144,43.7273,33.2837
2012-05-16,33.1165,39.3942,33.1158
2012-05-17,34.4776,,34.4617
2012-05-18,33.1087,,32.8791
2012-05-21,31.0253,30.2785,32.7199
2012-05-22,30.0057,29.3263,31.2354
2012-05-23,32.8618,32.1735,33.8773
2012-05-24,31.4557,30.3902,32.7363
2012-05-25,30.225,28.5969,31.83
2012-05-28,31.7697,30.2994,32.6579
2012-05-29,31.4097,29.4245,32.4184
2012-05-30,34.5137,33.1123,35.1308
2012-05-31,34.9478,32.7012,35.7757
2012-06-01,36.3842,34.3254,37.0317
2012-06-04,36.4531,34.4829,36.8212
2012-06-05,34.5733,31.632,35.0192
2012-06-06,31.5809,29.8976,31.7931
2012-06-07,31.4338,29.9828,31.5814
2012-06-08,30.3723,27.2382,30.6154
2012-06-11,31.9884,34.33,31.9093
2012-06-12,32.3906,32.6144,32.3859
2012-06-13,33.8572,33.0719,33.8662
2012-06-14,33.0103,,33.1037
2012-06-15,33.7295,,33.8126
2012-06-18,29.4574,29.6038,30.7406
2012-06-19,27.6446,27.6924,28.5645
2012-06-20,26.9415,26.926,27.8927
2012-06-21,25.4639,25.3088,27.1165
2012-06-22,25.1664,24.8321,27.01
2012-06-25,27.6497,27.1609,28.6229
2012-06-26,28.0456,27.6393,28.6857
2012-06-27,27.5359,27.478,27.6104
2012-06-28,28.0598,28.083,28.0354
2012-06-29,24.9463,24.3662,25.4381
2012-07-02,24.992,25.0301,24.9729
2012-07-03,23.685,23.3493,23.8241
2012-07-04,24.4457,24.1209,24.558
2012-07-05,24.4531,23.5232,24.7158
2012-07-06,25.5759,24.3395,25.8628
2012-07-09,25.5973,24.7425,25.7036
2012-07-10,24.6397,22.814,24.8138
2012-07-11,24.1292,22.217,24.2685
2012-07-12,24.0824,22.0382,24.1926
2012-07-13,22.6093,20.5622,22.6873
2012-07-16,22.1692,21.5714,22.174
2012-07-17,21.7236,22.9508,21.7204
2012-07-18,20.3562,23.3554,20.318
2012-07-19,20.8276,,20.663
2012-07-20,24.2212,,23.967
2012-07-23,28.0807,27.6753,29.0146
2012-07-24,28.4455,27.9951,29.2684
2012-07-25,27.1793,26.4532,28.2432
2012-07-26,25.635,24.9511,26.4635
2012-07-27,25.3165,24.8768,25.7658
2012-07-30,26.4643,26.7068,26.3111
2012-07-31,28.0088,28.5309,27.7264
2012-08-01,28.1002,29.4242,27.4788
2012-08-02,26.4001,26.1755,26.4862
2012-08-03,23.803,23.3306,23.9553
2012-08-06,24.2352,24.371,24.2088
2012-08-07,23.869,23.6332,23.9063
2012-08-08,23.678,22.9393,23.7723
2012-08-09,23.3366,21.1683,23.5515
2012-08-10,22.7486,19.993,22.9602
2012-08-13,23.4531,23.2552,23.4594
2012-08-14,23.2459,21.1464,23.2878
2012-08-15,23.5481,20.6832,23.5792
2012-08-16,23.1306,,23.7689
2012-08-17,21.4456,,22.157
2012-08-20,22.1476,22.4027,24.3321
2012-08-21,22.1925,22.3068,24.3288
2012-08-22,25.1159,25.0926,26.5309
2012-08-23,24.3861,24.2204,26.1448
2012-08-24,24.6392,24.3564,26.2078
2012-08-27,24.3156,23.7249,25.4806
2012-08-28,24.868,24.2232,25.8692
2012-08-29,25.7209,25.2449,26.3217
2012-08-30,27.1621,26.7906,27.5471
2012-08-31,25.7033,25.121,26.1975
2012-09-03,26.652,26.3978,26.7784
2012-09-04,27.755,28.1821,27.5744
2012-09-05,27.6615,28.6978,27.2909
2012-09-06,23.1125,22.8896,23.1767
2012-09-07,21.8266,20.4418,22.1449
2012-09-10,23.4869,23.214,23.5212
2012-09-11,23.9198,25.0089,23.8089
2012-09-12,23.6536,23.1774,23.6894
2012-09-13,23.5096,24.2867,23.465
2012-09-14,21.1062,19.0263,21.1851
2012-09-17,20.9384,21.8933,20.9305
2012-09-18,21.0614,22.7575,21.0569
2012-09-19,20.2909,22.6173,20.268
2012-09-20,20.1276,,20.0041
2012-09-21,19.2445,,19.0067
2012-09-24,19.8013,19.4066,20.5845
2012-09-25,19.7747,19.3377,20.4564
2012-09-26,22.2323,22.0141,22.5104
2012-09-27,22.4909,22.2567,22.7343
2012-09-28,23.3836,23.405,23.3649
2012-10-01,22.8698,22.7133,22.9477
2012-10-02,23.1473,23.0355,23.1939
2012-10-03,22.1253,21.1831,22.4445
2012-10-04,21.9957,20.9461,22.2904
2012-10-05,20.3484,18.7058,20.7218
2012-10-08,21.5799,20.5721,21.7043
2012-10-09,22.9493,23.1685,22.9274
2012-10-10,22.67,22.4239,22.6887
2012-10-11,21.5761,20.7584,21.6213
2012-10-12,21.8817,20.7589,21.9254
2012-10-15,21.4496,22.4656,21.4412
2012-10-16,20.4,21.7186,20.3966
2012-10-17,19.8775,21.4797,19.8538
2012-10-18,19.5805,,19.4454
2012-10-19,20.5996,,20.4217
2012-10-22,21.2612,20.9349,22.0122
2012-10-23,23.3923,23.2714,23.6169
2012-10-24,22.7611,22.3679,23.3439
2012-10-25,22.4852,22.0517,23.0146
2012-10-26,22.137,21.5421,22.7391
2012-10-29,23.2166,22.9315,23.3937
2012-10-30,21.8978,21.3031,22.2083
2012-10-31,22.2123,22.253,22.1937
2012-11-01,21.2117,20.8936,21.3329
2012-11-02,20.5608,19.9629,20.7524
2012-11-05,22.216,23.1544,22.0302
2012-11-06,21.7924,22.9723,21.5984
2012-11-07,23.2841,25.4181,22.9922
2012-11-08,23.0951,24.3439,22.9609
2012-11-09,22.57,22.3161,22.5906
2012-11-12,22.7101,24.4142,22.6526
2012-11-13,21.8471,24.2569,21.7938
2012-11-14,21.5292,25.0549,21.4851
2012-11-15,21.9773,,21.9034
2012-11-16,22.1719,,22.1614
2012-11-19,19.6356,19.6664,19.9085
2012-11-20,18.7696,18.7846,19.0603
2012-11-21,17.8461,17.841,18.1605
2012-11-22,17.4423,17.4098,17.7969
2012-11-23,17.7473,17.71,17.9603
2012-11-26,18.4984,18.4715,18.5534
2012-11-27,17.699,17.4735,18.055
2012-11-28,17.2555,17.069,17.4928
2012-11-29,16.4853,16.3072,16.6706
2012-11-30,16.5548,16.2828,16.7867
2012-12-03,17.3112,17.4633,17.2344
2012-12-04,17.2837,17.4541,17.212
2012-12-05,17.3906,17.2212,17.4492
2012-12-06,16.9937,16.513,17.1304
2012-12-07,17.2026,16.3829,17.3929
2012-12-10,17.4025,17.0706,17.4441
2012-12-11,17.0262,16.762,17.0523
2012-12-12,17.0471,16.1861,17.1108
2012-12-13,16.9542,15.4337,17.0359
2012-12-14,16.4818,14.7411,16.5476
2012-12-17,16.4617,16.3384,16.4625
2012-12-18,15.8638,17.5137,15.8594
2012-12-19,15.6463,19.0415,15.6085
2012-12-20,15.7568,,15.5829
2012-12-21,17.8926,,17.7405
2012-12-27,18.2289,17.7643,18.7047
2012-12-28,21.3534,21.3173,21.3846
2013-01-02,18.3628,18.2658,18.3965
2013-01-03,17.54,17.0067,17.6915
2013-01-04,16.0707,14.4981,16.4246
2013-01-07,16.818,15.9782,16.9213
2013-01-08,16.8999,16.0811,16.9791
2013-01-09,16.1474,15.0634,16.2269
2013-01-10,16.1155,15.1055,16.1705
2013-01-11,15.5715,14.2532,15.6219
2013-01-14,15.7019,16.996,15.6911
2013-01-15,15.9725,17.9144,15.9672
2013-01-16,16.146,17.8226,16.1246
2013-01-17,15.9134,,15.8275
2013-01-18,15.8831,,15.7092
2013-01-21,15.4605,15.061,16.2465
2013-01-22,16.063,15.7957,16.4828
2013-01-23,16.2203,15.8873,16.6395
2013-01-24,15.3145,14.8206,15.8169
2013-01-25,14.9093,14.1971,15.4998
2013-01-28,15.1979,14.3891,15.5871
2013-01-29,14.8562,13.8122,15.2717
2013-01-30,15.9384,15.3711,16.1316
2013-01-31,16.6395,16.1705,16.7728
2013-02-01,15.9874,14.7331,16.273
2013-02-04,20.1454,21.2775,19.9973
2013-02-05,19.2593,20.0892,19.1748
2013-02-06,20.2113,21.1238,20.1401
2013-02-07,20.7955,21.9381,20.7292
2013-02-08,18.5593,17.7658,18.5903
2013-02-11,18.9342,20.4139,18.9219
2013-02-12,18.3682,19.4938,18.3652
2013-02-13,18.2817,18.485,18.2789
2013-02-14,18.6531,,18.6416
2013-02-15,18.8463,,18.8137
2013-02-18,19.3248,19.3732,19.2101
2013-02-19,18.4631,18.4523,18.4832
2013-02-20,19.6147,19.7994,19.3314
2013-02-21,21.5133,21.9818,20.9142
2013-02-22,20.8556,21.5899,20.0634
2013-02-25,21.3085,23.012,20.1673
2013-02-26,25.8975,28.4638,24.4194
2013-02-27,22.0043,22.8424,21.6136
2013-02-28,21.0046,21.4996,20.8108
2013-03-01,21.7728,22.0457,21.683
2013-03-04,21.4361,21.6355,21.3973
2013-03-05,19.5539,19.3983,19.5786
2013-03-06,20.1143,20.1919,20.1042
2013-03-07,18.7353,17.8837,18.8219
2013-03-08,17.3844,15.6052,17.5225
2013-03-11,17.6154,17.3477,17.624
2013-03-12,17.3243,17.8165,17.3139
2013-03-13,16.9279,18.5753,16.9079
2013-03-14,15.0835,,15.8015
2013-03-15,15.7276,,16.2378
2013-03-18,18.0979,18.197,18.9647
2013-03-19,21.5306,21.5167,21.2564
2013-03-20,18.8741,18.8622,19.5993
2013-03-21,19.7897,19.7567,20.15
2013-03-22,21.2876,21.3438,20.961
2013-03-25,21.2387,21.2859,21.1419
2013-03-26,20.8755,20.6926,21.1658
2013-03-27,21.8599,21.8109,21.9228
2013-03-28,20.8944,20.6588,21.1391
2013-04-02,19.6164,19.2942,19.7498
2013-04-03,20.7645,20.9584,20.6965
2013-04-04,21.0977,21.1741,21.0755
2013-04-05,22.2855,22.4749,22.2399
2013-04-08,21.4857,22.0125,21.418
2013-04-09,20.4228,20.4343,20.4218
2013-04-10,19.1768,19.5748,19.1462
2013-04-11,18.848,19.3199,18.821
2013-04-12,20.2145,20.5143,20.2024
2013-04-15,20.1988,22.7719,20.177
2013-04-16,20.5067,23.4846,20.4985
2013-04-17,22.7545,31.103,22.7552
2013-04-18,21.949,,21.9427
2013-04-19,20.4999,,20.3895
2013-04-22,20.638,20.4183,21.1475
2013-04-23,19.2103,18.9249,19.7323
2013-04-24,18.9814,18.7303,19.3553
2013-04-25,19.4097,19.2176,19.6466
2013-04-26,19.711,19.4556,19.9734
2013-04-29,19.9773,19.9975,19.9646
2013-04-30,20.261,20.3616,20.2072
2013-05-02,18.7486,18.4075,18.8784
2013-05-03,17.6329,16.671,17.9358
2013-05-06,18.0551,17.6313,18.1357
2013-05-07,17.4472,17.2084,17.485
2013-05-08,17.3575,17.375,17.3552
2013-05-09,17.2186,16.2999,17.3116
2013-05-10,17.4277,16.7412,17.4829
2013-05-13,17.6724,18.2116,17.6545
2013-05-14,17.1365,17.8778,17.1206
2013-05-15,16.639,18.0042,16.6225
2013-05-16,16.2609,,16.6917
2013-05-17,16.313,,16.6351
2013-05-20,16.672,16.7761,17.5806
2013-05-21,16.9073,16.954,17.7971
2013-05-22,16.2933,16.2804,17.0749
2013-05-23,18.3633,18.3223,18.8087
2013-05-24,18.4925,18.4221,18.8927
2013-05-27,18.152,18.0084,18.4422
2013-05-28,17.7473,17.5565,18.0491
2013-05-29,19.6808,19.7162,19.635
2013-05-30,18.8641,18.7203,19.0139
2013-05-31,19.6048,19.488,19.7054
2013-06-03,21.3771,22.047,21.0338
2013-06-04,21.0043,21.4532,20.8136
2013-06-05,22.2683,22.8997,22.0439
2013-06-06,22.1956,22.6095,22.0742
2013-06-07,19.9529,19.7107,20.0104
2013-06-10,19.5903,19.6398,19.584
2013-06-11,21.0051,21.9785,20.9059
2013-06-12,21.7413,23.3658,21.6127
2013-06-13,22.1068,23.5568,22.0222
2013-06-14,21.2645,21.3776,21.26
2013-06-17,21.1025,25.1,21.0674
2013-06-18,20.8403,25.3759,20.8274
2013-06-19,20.4065,31.9095,20.397
2013-06-20,23.6094,,23.6152
2013-06-21,24.0473,,24.0069
2013-06-24,25.3001,25.4645,24.9607
2013-06-25,24.1377,24.228,23.9921
2013-06-26,22.5505,22.6003,22.4861
2013-06-27,21.6929,21.4962,21.8977
2013-06-28,21.8175,21.5747,22.0256
2013-07-01,21.8282,21.5633,21.9597
2013-07-02,21.5897,21.09,21.7953
2013-07-03,22.6511,22.4807,22.7102
2013-07-04,21.3419,21.3621,21.3359
2013-07-05,22.5944,22.7063,22.5676
2013-07-08,21.5829,22.0999,21.5165
2013-07-09,20.6393,20.2596,20.6767
2013-07-10,20.3708,19.2094,20.4564
2013-07-11,18.9757,17.8807,19.0356
2013-07-12,19.072,17.5568,19.1301
2013-07-15,18.9011,18.7625,18.9022
2013-07-16,19.2437,19.4005,19.2433
2013-07-17,18.4869,20.2943,18.4711
2013-07-18,17.6938,,17.605
2013-07-19,17.2343,,17.0224
2013-07-22,17.4706,17.1118,18.2894
2013-07-23,17.3366,16.8205,18.2616
2013-07-24,17.085,16.577,17.8267
2013-07-25,17.4835,16.8786,18.2099
2013-07-26,18.1141,17.5428,18.6896
2013-07-29,18.7032,18.2539,18.9796
2013-07-30,18.8439,18.2847,19.1353
2013-07-31,19.0644,18.6845,19.2341
2013-08-01,23.3121,17.4564,16.6336
2013-08-02,16.8183,15.1198,17.337
2013-08-05,17.3314,15.3452,17.6891
2013-08-06,17.9242,16.0501,18.2049
2013-08-07,18.2711,16.1083,18.5337
2013-08-08,17.3468,14.4383,17.6228
2013-08-09,17.1706,14.1019,17.3985
2013-08-12,17.3567,15.6322,17.41
2013-08-13,17.0781,15.9116,17.1017
2013-08-14,16.6396,15.0892,16.6566
2013-08-15,17.2894,,17.8053
2013-08-16,16.4082,,16.9936
2013-08-19,17.4926,17.6593,18.9299
2013-08-20,19.1957,19.244,20.1171
2013-08-21,20.5374,20.5311,20.9187
2013-08-22,18.7137,18.6515,19.3877
2013-08-23,17.8237,17.6483,18.8024
2013-08-26,17.9046,17.5089,18.6878
2013-08-27,22.1683,22.3502,21.8733
2013-08-28,22.3124,22.5386,22.0174
2013-08-29,21.1498,20.9847,21.322
2013-08-30,23.4785,23.9425,23.0691
2013-09-02,21.9028,22.1111,21.7978
2013-09-03,23.0533,23.5437,22.8451
2013-09-04,22.0945,21.9812,22.1339
2013-09-05,21.5095,20.9284,21.6748
2013-09-06,20.2292,19.5427,20.3899
2013-09-09,20.4701,20.1399,20.5117
2013-09-10,19.3143,18.3,19.4122
2013-09-11,18.4298,16.4202,18.5737
2013-09-12,18.4084,15.8596,18.5417
2013-09-13,18.3842,14.8151,18.5126
2013-09-16,18.7198,17.8575,18.7265
2013-09-17,18.9869,19.9189,18.9846
2013-09-18,18.1656,24.5825,18.1574
2013-09-19,16.8695,,16.7762
2013-09-20,16.7626,,16.6367
2013-09-23,17.4539,17.2351,17.8928
2013-09-24,16.6237,16.2779,17.164
2013-09-25,16.4038,15.898,17.0335
2013-09-26,16.4689,15.943,17.0041
2013-09-27,16.9196,16.3399,17.4061
2013-09-30,19.4503,19.6798,19.3344
2013-10-01,18.3242,18.2305,18.3633
2013-10-02,19.2611,19.6185,19.1348
2013-10-03,20.0589,20.2189,20.0124
2013-10-04,19.5446,19.17,19.6331
2013-10-07,20.1564,19.927,20.1853
2013-10-08,20.8905,20.7604,20.9034
2013-10-09,23.3614,25.9039,23.1566
2013-10-10,19.8426,19.3142,19.872
2013-10-11,18.2601,15.9351,18.347
2013-10-14,20.1581,21.3387,20.1484
2013-10-15,18.6214,20.7064,18.6158
2013-10-16,18.5951,22.8251,18.5895
2013-10-17,16.8333,,16.7774
2013-10-18,15.4232,,15.2422
2013-10-21,15.998,15.691,16.7
2013-10-22,15.6057,15.2235,16.2956
2013-10-23,16.6163,16.2788,17.1147
2013-10-24,15.5581,14.9043,16.3372
2013-10-25,15.0179,14.0634,15.95
2013-10-28,15.8884,15.0072,16.4168
2013-10-29,15.1884,14.0909,15.7422
2013-10-30,16.1548,15.5259,16.432
2013-10-31,15.888,14.8495,16.2704
2013-11-01,16.2049,15.0391,16.5679
2013-11-04,16.2488,15.3603,16.4148
2013-11-05,16.7541,16.3569,16.8165
2013-11-06,16.828,16.9875,16.8072
2013-11-07,16.69,16.6986,16.689
2013-11-08,17.2896,17.1877,17.2979
2013-11-11,17.2356,17.3377,17.2323
2013-11-12,17.2688,18.6686,17.2383
2013-11-13,17.1273,20.4989,17.0844
2013-11-14,15.9077,,16.0295
2013-11-15,15.1624,,15.3713
2013-11-18,15.3971,15.4447,15.8175
2013-11-19,15.6565,15.6765,16.043
2013-11-20,15.5212,15.5141,15.9585
2013-11-21,15.082,15.031,15.6339
2013-11-22,14.2629,14.1347,14.9794
2013-11-25,14.5254,14.3238,14.929
2013-11-26,14.5147,14.3009,14.8513
2013-11-27,14.117,13.8423,14.4634
2013-11-28,13.8195,13.4091,14.2381
2013-11-29,14.6502,14.2876,14.9572
2013-12-02,15.4364,15.3334,15.4878
2013-12-03,17.098,18.1127,16.6552
2013-12-04,17.8791,19.4465,17.2992
2013-12-05,18.378,20.2404,17.8023
2013-12-06,16.4994,17.1642,16.3365
2013-12-09,16.2138,17.686,16.0176
2013-12-10,16.7351,19.2014,16.4699
2013-12-11,17.3558,20.4574,17.0969
2013-12-12,18.0599,21.3712,17.8548
2013-12-13,18.2036,22.8938,17.9906
2013-12-16,18.4886,27.3021,18.4009
2013-12-17,18.1789,27.4536,18.1493
2013-12-18,17.2028,32.4868,17.192
2013-12-19,15.4029,,15.302
2013-12-20,16.0088,,15.8966
2013-12-23,15.8067,15.5115,16.4823
2013-12-27,16.4643,16.2803,16.6535
2013-12-30,17.2549,17.4358,17.1406
2014-01-02,18.9286,19.9466,18.5214
2014-01-03,18.0018,18.5943,17.804
2014-01-06,18.1672,19.1401,17.9734
2014-01-07,17.1932,17.2872,17.1782
2014-01-08,17.3671,17.2185,17.3862
2014-01-09,17.3584,17.1739,17.3775
2014-01-10,16.5627,15.9428,16.6126
2014-01-13,17.0978,19.4469,17.0159
2014-01-14,16.8066,17.3526,16.7948
2014-01-15,16.5089,20.4549,16.4578
2014-01-16,17.0561,,17.2579
2014-01-17,15.7352,,16.0782
2014-01-20,16.0913,16.1777,16.8481
2014-01-21,16.1749,16.2137,16.9178
2014-01-22,16.4469,16.4357,17.1316
2014-01-23,17.5122,17.4788,17.876
2014-01-24,20.9333,21.0255,20.395
2014-01-27,20.6842,20.835,20.3724
2014-01-28,19.9723,20.0671,19.8192
2014-01-29,21.8127,22.3588,21.0882
2014-01-30,21.118,21.4487,20.7649
2014-01-31,21.8188,22.1693,21.5107
2014-02-03,24.0207,25.0521,23.4873
2014-02-04,23.0113,23.3206,22.8808
2014-02-05,22.6485,22.8325,22.5841
2014-02-06,20.8009,20.9756,20.7501
2014-02-07,19.2347,18.8492,19.3258
2014-02-10,19.3075,18.8662,19.3627
2014-02-11,17.6719,16.7473,17.7612
2014-02-12,17.9259,17.1875,17.9808
2014-02-13,17.4978,16.3333,17.5612
2014-02-14,16.3821,13.9771,16.4709
2014-02-17,17.2038,16.7933,17.2071
2014-02-18,17.0973,16.937,17.0977
2014-02-19,17.448,19.4351,17.4423
2014-02-20,17.772,,17.7521
2014-02-21,17.3771,,17.3456
2014-02-24,16.7175,16.5059,17.1312
2014-02-25,16.2399,15.938,16.7002
2014-02-26,16.1415,15.7998,16.5591
2014-02-27,17.1187,16.8954,17.3431
2014-02-28,16.7667,16.4309,17.0427
2014-03-03,21.8609,23.1378,21.2215
2014-03-04,18.6454,18.8508,18.563
2014-03-05,18.7003,18.9006,18.6337
2014-03-06,17.8166,17.6429,17.8638
2014-03-07,20.473,21.8981,20.1397
2014-03-10,20.1237,20.9998,20.0203
2014-03-11,19.7688,20.4838,19.7039
2014-03-12,20.212,21.4947,20.1235
2014-03-13,22.0896,25.383,21.9192
2014-03-14,23.2094,27.8819,23.0416
2014-03-17,21.4617,26.8508,21.4398
2014-03-18,20.1088,23.2,20.1161
2014-03-19,19.293,23.2491,19.3118
2014-03-20,18.1292,,18.084
2014-03-21,17.1916,,17.0637
2014-03-24,19.4248,19.5143,19.2765
2014-03-25,18.2637,18.2303,18.3078
2014-03-26,17.5869,17.481,17.7009
2014-03-27,17.6397,17.5032,17.7608
2014-03-28,17.0324,16.6849,17.2864
2014-03-31,17.6639,17.6087,17.6879
2014-04-01,16.9064,16.6625,16.9947
2014-04-02,17.1108,17.0214,17.1378
2014-04-03,16.3741,15.5142,16.585
2014-04-04,15.875,14.4598,16.155
2014-04-07,17.5437,17.6681,17.5301
2014-04-08,17.6031,17.7349,17.5918
2014-04-09,16.9287,16.118,16.9796
2014-04-10,17.2542,17.108,17.2611
2014-04-11,18.2955,19.4706,18.2558
2014-04-14,18.4986,22.0612,18.4764
2014-04-15,19.6432,27.7858,19.6278
2014-04-16,17.3181,,17.3039
2014-04-17,16.9939,,16.9133
2014-04-22,16.8121,16.5241,17.3372
2014-04-23,17.1008,16.6857,17.7109
2014-04-24,16.9981,16.6066,17.4742
2014-04-25,18.7678,18.6626,18.8767
2014-04-28,18.4517,18.1967,18.6099
2014-04-29,17.343,16.4974,17.7774
2014-04-30,17.0713,16.0248,17.5252
2014-05-02,17.9023,17.3712,18.0723
2014-05-05,18.0644,17.7413,18.1261
2014-05-06,18.5097,18.3283,18.5384
2014-05-07,17.5579,16.8749,17.6448
2014-05-08,16.7342,15.3362,16.8734
2014-05-09,16.6667,14.6782,16.8197
2014-05-12,16.2491,15.3241,16.2783
2014-05-13,15.9994,14.1436,16.0359
2014-05-14,15.8782,14.0035,15.8986
2014-05-15,17.4465,,17.541
2014-05-16,15.7941,,16.09
2014-05-19,15.9315,16.0186,16.6938
2014-05-20,15.7231,15.7617,16.4606
2014-05-21,15.2901,15.2747,16.2232
2014-05-22,15.2602,15.1693,16.2301
2014-05-23,15.5997,15.4764,16.2909
2014-05-26,15.249,14.9992,15.7471
2014-05-27,15.1522,14.8363,15.6457
2014-05-28,15.0184,14.6248,15.5108
2014-05-29,15.5171,15.2503,15.7927
2014-05-30,15.7845,15.543,15.9907
2014-06-02,16.2586,16.3124,16.2316
2014-06-03,16.5208,16.7678,16.4164
2014-06-04,16.5082,17.1685,16.2718
2014-06-05,14.6235,13.8874,14.8299
2014-06-06,13.4607,12.4627,13.6886
2014-06-09,13.1403,11.913,13.2877
2014-06-10,13.0399,11.1967,13.209
2014-06-11,13.7325,12.735,13.8054
2014-06-12,13.8464,12.7257,13.907
2014-06-13,14.1513,13.0686,14.1929
2014-06-16,15.3716,17.4401,15.3539
2014-06-17,14.3399,16.2318,14.3348
2014-06-18,13.8823,18.1136,13.8669
2014-06-19,12.7129,,12.6103
2014-06-20,12.7797,,12.5841
2014-06-23,13.5834,13.2673,14.2078
2014-06-24,13.1291,12.6379,13.8812
2014-06-25,14.3007,13.7458,14.9854
2014-06-26,14.7994,14.4587,15.1492
2014-06-27,15.2961,15.1601,15.413
2014-06-30,15.269,15.1163,15.3449
2014-07-01,14.3916,14.003,14.5511
2014-07-02,13.9595,13.5367,14.104
2014-07-03,12.8852,11.9063,13.1552
2014-07-04,13.0962,11.8867,13.3692
2014-07-07,14.3276,14.1179,14.354
2014-07-08,15.8867,16.5533,15.8189
2014-07-09,15.092,15.3004,15.0761
2014-07-10,16.6584,17.5459,16.6069
2014-07-11,16.3382,16.0369,16.3502
2014-07-14,14.9871,15.4014,14.9837
2014-07-15,15.8707,18.8811,15.8623
2014-07-16,14.8111,17.4739,14.7997
2014-07-17,17.6468,,17.6683
2014-07-18,16.5305,,16.5011
2014-07-21,17.7222,17.7879,17.5661
2014-07-22,15.6723,15.4156,16.1408
2014-07-23,15.5898,15.3054,16.0107
2014-07-24,14.8523,14.1577,15.6759
2014-07-25,16.7308,16.4774,16.9906
2014-07-28,17.0697,17.0405,17.088
2014-07-29,16.7601,16.7552,16.7627
2014-07-30,17.4831,17.7761,17.3486
2014-07-31,19.1221,19.6637,18.9091
2014-08-01,19.8142,20.6948,19.518
2014-08-04,19.094,19.4864,19.0173
2014-08-05,18.4436,18.8413,18.3794
2014-08-06,19.1494,20.136,19.0173
2014-08-07,20.7973,23.0348,20.5497
2014-08-08,21.2386,22.4419,21.1367
2014-08-11,19.4288,21.4766,19.3586
2014-08-12,19.562,22.3344,19.4998
2014-08-13,18.2314,18.6702,18.2262
2014-08-14,17.2978,,17.4421
2014-08-15,20.3569,,20.0246
2014-08-18,17.0294,17.0629,17.3263
2014-08-19,16.3083,16.3309,16.7445
2014-08-20,16.7277,16.724,16.9645
2014-08-21,16.0345,15.9974,16.4386
2014-08-22,17.2349,17.2617,17.0797
2014-08-25,16.4518,16.4533,16.4491
2014-08-26,15.8972,15.7941,16.0611
2014-08-27,16.1061,16.0291,16.2048
2014-08-28,17.2795,17.2798,17.2791
2014-08-29,17.1888,17.0527,17.3059
2014-09-01,17.7323,17.9335,17.6307
2014-09-02,17.835,18.2719,17.649
2014-09-03,16.8103,17.2295,16.6616
2014-09-04,16.161,16.1357,16.1683
2014-09-05,15.4702,15.1719,15.5407
2014-09-08,15.8479,15.5945,15.8797
2014-09-09,15.878,15.5219,15.913
2014-09-10,16.4187,16.2496,16.4315
2014-09-11,16.6097,15.802,16.654
2014-09-12,15.9108,15.109,15.942
2014-09-15,16.7209,18.704,16.704
2014-09-16,17.096,22.6481,17.0795
2014-09-17,16.432,24.8908,16.4228
2014-09-18,16.6266,,16.6141
2014-09-19,15.0596,,14.9539
2014-09-22,15.8303,15.6693,16.2036
2014-09-23,17.7684,17.8444,17.6256
2014-09-24,15.9504,15.6409,16.4081
2014-09-25,17.5658,17.5215,17.621
2014-09-26,17.6012,17.4707,17.7359
2014-09-29,18.7975,19.1231,18.5904
2014-09-30,17.8514,17.8176,17.8693
2014-10-01,19.014,19.1902,18.9335
2014-10-02,21.0788,21.6725,20.8455
2014-10-03,19.695,20.002,19.5936
2014-10-06,19.7613,20.6554,19.5842
2014-10-07,21.0076,22.2868,20.7963
2014-10-08,20.9036,22.0267,20.7532
2014-10-09,20.5162,22.3927,20.3104
2014-10-10,23.1168,26.9784,22.7704
2014-10-13,23.4966,28.7648,23.3053
2014-10-14,23.3811,27.8688,23.2779
2014-10-15,28.7576,44.5796,28.5236
2014-10-16,31.5233,,30.5853
2014-10-17,25.3527,,25.1134
2014-10-20,25.1853,25.1184,24.5811
2014-10-21,22.2422,22.2308,22.0193
2014-10-22,21.6951,21.7006,21.3525
2014-10-23,20.8792,20.869,20.9914
2014-10-24,21.3229,21.3453,21.1934
2014-10-27,23.0204,23.2952,22.4484
2014-10-28,20.4122,20.4063,20.422
2014-10-29,20.7403,20.7254,20.7594
2014-10-30,20.8846,21.1718,20.5784
2014-10-31,20.3172,20.5081,20.1504
2014-11-03,21.364,22.1361,20.9667
2014-11-04,22.8946,24.1909,22.3301
2014-11-05,21.9455,23.5089,21.3735
2014-11-06,20.7181,21.3324,20.5368
2014-11-07,21.1162,21.8883,20.9273
2014-11-10,19.1799,18.9932,19.2033
2014-11-11,18.2589,17.9761,18.2867
2014-11-12,20.6145,23.1378,20.4098
2014-11-13,20.0406,21.7571,19.9394
2014-11-14,19.5585,19.3368,19.5674
2014-11-17,19.416,21.4522,19.3988
2014-11-18,18.9696,20.3306,18.966
2014-11-19,19.5753,18.9805,19.5856
2014-11-20,19.9065,,19.9729
2014-11-21,18.9133,,19.0078
2014-11-24,19.3169,19.5771,18.7739
2014-11-25,19.1484,19.4417,18.6682
2014-11-26,18.2837,18.5045,17.9953
2014-11-27,18.156,18.4816,17.8075
2014-11-28,18.0253,18.5594,17.5494
2014-12-01,19.3405,20.529,18.7171
2014-12-02,19.1189,20.4107,18.552
2014-12-03,18.7911,20.3018,18.235
2014-12-04,18.1098,18.9753,17.8512
2014-12-05,16.3307,16.3053,16.3367
2014-12-08,16.6347,17.3837,16.5372
2014-12-09,21.4418,25.9131,20.9454
2014-12-10,21.7342,26.0305,21.372
2014-12-11,20.8103,24.4265,20.5875
2014-12-12,26.4981,34.8259,26.1098
2014-12-15,29.5265,44.6439,29.3739
2014-12-16,25.6614,37.9292,25.6225
2014-12-17,27.228,42.7287,27.2382
2014-12-18,22.5806,,22.5125
2014-12-19,23.6176,,23.5097
2014-12-22,22.9655,22.6863,23.6114
2014-12-23,22.0804,21.5463,23.0448
2014-12-29,24.9354,24.8456,24.9915
2014-12-30,26.1876,25.8733,26.3536
2015-01-02,26.2531,24.3675,26.8402
2015-01-05,29.6236,30.4692,29.4576
2015-01-06,28.8317,28.9594,28.8113
2015-01-07,28.1715,28.3588,28.1471
2015-01-08,25.9087,25.1281,25.9888
2015-01-09,28.7787,31.3507,28.5572
2015-01-12,29.7249,34.9664,29.5388
2015-01-13,28.5404,31.7057,28.4704
2015-01-14,29.4845,33.7094,29.4321
2015-01-15,29.026,,28.6076
2015-01-16,29.3287,,28.989
2015-01-19,28.32,28.2002,27.2313
2015-01-20,27.0724,27.0217,26.0641
2015-01-21,26.0176,26.0287,25.3158
2015-01-22,22.9441,22.9224,23.1825
2015-01-23,23.1125,23.0896,23.2435
2015-01-26,21.3426,20.9625,22.0993
2015-01-27,22.4298,22.1143,22.927
2015-01-28,21.8259,21.1186,22.7048
2015-01-29,23.3237,22.819,23.8426
2015-01-30,24.731,24.4465,24.9747
2015-02-02,24.3214,23.7265,24.6138
2015-02-03,22.7637,21.7876,23.1597
2015-02-04,22.2735,21.2102,22.6327
2015-02-05,22.2611,21.0097,22.6104
2015-02-06,21.8332,20.7852,22.0764
2015-02-09,25.3712,26.437,25.2329
2015-02-10,25.1067,25.5091,25.0664
2015-02-11,25.721,27.1123,25.6121
2015-02-12,24.3634,24.9044,24.3326
2015-02-13,24.1849,24.6878,24.1645
2015-02-16,25.2506,27.8597,25.2287
2015-02-17,24.9046,27.7607,24.8969
2015-02-18,23.3392,27.1283,23.3404
2015-02-19,23.2086,,23.1987
2015-02-20,24.2039,,24.273
2015-02-23,20.625,20.3188,21.2373
2015-02-24,18.398,17.8607,19.229
2015-02-25,17.8235,17.1396,18.6679
2015-02-26,17.3519,16.5082,18.1964
2015-02-27,17.7528,17.2029,18.2156
2015-03-02,17.7992,17.118,18.1306
2015-03-03,19.5843,19.7912,19.4972
2015-03-04,18.9188,18.554,19.0443
2015-03-05,18.1841,17.6559,18.3342
2015-03-06,18.4149,17.751,18.5701
2015-03-09,18.8112,18.0925,18.9004
2015-03-10,20.4652,20.822,20.4294
2015-03-11,19.4698,18.2204,19.5615
2015-03-12,18.967,17.2338,19.06
2015-03-13,18.8262,16.6558,18.9079
2015-03-16,19.3889,20.2897,19.3815
2015-03-17,20.2475,22.6762,20.241
2015-03-18,19.6938,24.4363,19.6737
2015-03-19,18.9137,,18.7689
2015-03-20,17.4772,,17.166
2015-03-23,19.8323,19.4816,20.5304
2015-03-24,17.6675,16.7846,18.9988
2015-03-25,19.158,18.4975,19.9769
2015-03-26,19.6535,18.7214,20.5875
2015-03-27,20.4715,19.8537,20.992
2015-03-30,19.7608,18.8634,20.1952
2015-03-31,21.1004,20.8617,21.1994
2015-04-01,20.9691,20.2509,21.2138
2015-04-02,20.7203,19.8857,20.9558
2015-04-07,20.0561,19.3354,20.1263
2015-04-08,19.4281,17.7391,19.5506
2015-04-09,18.3136,15.8233,18.444
2015-04-10,17.5116,15.0239,17.6037
2015-04-13,17.8638,16.1348,17.877
2015-04-14,18.8576,19.9889,18.8547
2015-04-15,18.2074,19.1403,18.1899
2015-04-16,20.1086,,20.0519
2015-04-17,25.0553,,25.2224
2015-04-20,22.3,22.311,22.2741
2015-04-21,22.3991,22.4316,22.3382
2015-04-22,22.3273,22.2214,22.4867
2015-04-23,22.5722,22.4577,22.7144
2015-04-24,21.92,21.7445,22.101
2015-04-27,20.8862,20.4904,21.1308
2015-04-28,22.1195,22.1814,22.0864
2015-04-29,24.0466,24.8292,23.6831
2015-04-30,24.2128,25.3405,23.764
2015-05-04,23.4264,25.6972,22.9622
2015-05-05,25.2236,28.1574,24.724
2015-05-06,24.7231,27.2964,24.3687
2015-05-07,23.7527,25.6782,23.5426
2015-05-08,21.1296,20.8216,21.1546
2015-05-11,21.8358,25.6132,21.7018
2015-05-12,23.2326,28.6669,23.1051
2015-05-13,23.0546,26.1411,23.0165
2015-05-14,21.7425,,21.7295
2015-05-15,21.5088,,21.5332
2015-05-18,21.0066,21.0102,21.0394
2015-05-19,20.054,20.059,20.1483
2015-05-20,19.5695,19.5655,19.819
2015-05-21,19.5295,19.4906,19.9544
2015-05-22,19.6309,19.5539,20.0685
2015-05-26,22.5012,22.8175,21.9842
2015-05-27,20.8183,21.0071,20.5723
2015-05-28,22.0181,22.3815,21.6296
2015-05-29,23.5386,24.2256,22.9268
2015-06-01,24.5648,25.871,23.884
2015-06-02,24.5107,25.9232,23.8952
2015-06-03,24.0513,25.7958,23.4124
2015-06-04,24.4495,26.2418,23.9054
2015-06-05,25.2745,27.4496,24.7261
2015-06-08,25.604,27.2996,25.3811
2015-06-09,24.9865,26.802,24.7988
2015-06-10,23.8291,25.861,23.6674
2015-06-11,23.6341,26.3897,23.4691
2015-06-12,25.2594,29.7725,25.062
2015-06-15,27.8467,34.5593,27.7863
2015-06-16,28.7447,36.2222,28.7232
2015-06-17,28.2724,34.7235,28.3008
2015-06-18,28.4283,,28.6015
2015-06-19,28.6184,,28.9679
2015-06-22,23.5436,24.0372,22.3354
2015-06-23,23.5179,24.2201,22.1466
2015-06-24,24.9348,25.9846,23.2551
2015-06-25,25.6433,26.9684,23.8874
2015-06-26,26.7172,28.6091,24.5958
2015-06-29,30.6468,33.4584,28.7439
2015-06-30,32.3071,35.8646,30.2401
2015-07-01,30.285,34.191,28.337
2015-07-02,31.6721,36.8161,29.4515
2015-07-03,32.2849,38.3027,30.06
2015-07-06,29.9819,34.2584,29.0842
2015-07-07,30.9878,36.1155,30.0901
2015-07-08,31.6348,39.1913,30.5155
2015-07-09,30.7656,39.5555,29.6985
2015-07-10,27.8763,36.6793,27.0261
2015-07-13,23.2482,29.6708,23.0092
2015-07-14,21.5485,28.3757,21.3822
2015-07-15,21.0969,30.5478,20.9628
2015-07-16,19.018,,19.2521
2015-07-17,18.9655,,19.2362
2015-07-20,18.1164,18.2299,19.1063
2015-07-21,17.9144,17.9892,19.3236
2015-07-22,18.16,18.1408,19.313
2015-07-23,17.4317,17.3136,18.6857
2015-07-24,19.0408,18.9316,19.6572
2015-07-27,21.9151,21.9091,21.9274
2015-07-28,20.8092,20.764,20.8817
2015-07-29,20.0336,19.8192,20.3065
2015-07-30,20.2348,20.0326,20.4451
2015-07-31,19.2878,18.8478,19.661
2015-08-03,18.5935,17.7957,18.9803
2015-08-04,18.2536,17.2529,18.6561
2015-08-05,17.5482,16.3183,17.9572
2015-08-06,18.2603,17.2033,18.5552
2015-08-07,18.7066,17.6488,18.9508
2015-08-10,18.3067,17.2959,18.4308
2015-08-11,20.4012,21.2058,20.3195
2015-08-12,24.4678,28.2702,24.1541
2015-08-13,23.2434,25.26,23.1245
2015-08-14,22.8364,24.8049,22.7542
2015-08-17,22.3811,25.5437,22.354
2015-08-18,22.5001,25.1551,22.493
2015-08-19,23.7117,29.891,23.7231
2015-08-20,25.4949,,25.5911
2015-08-21,30.2101,,30.6101
2015-08-24,40.803,43.1213,35.5974
2015-08-25,33.6485,35.3832,30.6605
2015-08-26,35.2896,37.2787,32.5476
2015-08-27,30.5602,32.0642,28.8953
2015-08-28,31.0337,32.3686,29.8291
2015-08-31,31.0718,32.5652,30.2964
2015-09-01,34.264,36.2639,33.392
2015-09-02,33.7021,35.3164,33.1207
2015-09-03,29.8773,30.5748,29.6723
2015-09-04,34.8152,37.8493,34.0497
2015-09-07,35.1536,38.1251,34.7588
2015-09-08,32.2298,34.0607,32.0422
2015-09-09,30.4496,33.0536,30.2423
2015-09-10,32.0034,35.473,31.7965
2015-09-11,31.6478,34.6427,31.5221
2015-09-14,31.355,37.1454,31.3042
2015-09-15,29.9496,35.8402,29.9331
2015-09-16,27.9163,41.3499,27.9293
2015-09-17,27.0649,,27.1406
2015-09-18,28.4011,,28.5495
2015-09-21,27.0169,27.2163,26.5403
2015-09-22,32.1618,33.1296,30.271
2015-09-23,31.0561,31.9349,29.6758
2015-09-24,33.4567,34.6975,31.841
2015-09-25,30.5182,31.4606,29.5063
2015-09-28,33.0825,34.7137,32.0172
2015-09-29,33.7366,35.8418,32.5588
2015-09-30,32.0459,33.7366,31.2492
2015-10-01,31.7174,33.0162,31.2026
2015-10-02,30.9395,32.2032,30.5154
2015-10-05,28.6187,29.7878,28.3875
2015-10-06,26.257,26.4185,26.2312
2015-10-07,26.3912,26.8055,26.3369
2015-10-08,24.5243,22.9467,24.6832
2015-10-09,23.4173,20.7925,23.6199
2015-10-12,23.1872,22.03,23.2239
2015-10-13,24.0398,24.0494,24.0396
2015-10-14,25.158,28.94,25.111
2015-10-15,24.1188,,24.3472
2015-10-16,22.7408,,23.0206
2015-10-19,22.4522,22.5293,23.1317
2015-10-20,21.7155,21.7584,22.5374
2015-10-21,21.8297,21.821,22.3643
2015-10-22,19.9722,19.8499,21.2746
2015-10-23,19.8009,19.5435,21.2216
2015-10-26,20.6403,20.1369,21.633
2015-10-27,20.6863,20.0326,21.6941
2015-10-28,20.7149,20.1115,21.4675
2015-10-29,21.0417,20.3283,21.7664
2015-10-30,20.3569,19.1112,21.3773
2015-11-02,20.7672,19.3284,21.4514
2015-11-03,20.0631,17.8451,20.9212
2015-11-04,20.7464,18.6445,21.4309
2015-11-05,20.9361,18.535,21.5817
2015-11-06,20.4363,17.635,21.0509
2015-11-09,21.984,20.1038,22.2109
2015-11-10,22.3923,20.5946,22.5631
2015-11-11,21.839,19.7428,21.9903
2015-11-12,23.4483,22.8627,23.4808
2015-11-13,24.9526,24.0585,24.9877
2015-11-16,25.8488,27.2622,25.8371
2015-11-17,23.6199,22.6866,23.6223
2015-11-18,24.748,23.2421,24.7654
2015-11-19,23.4423,,23.4952
2015-11-20,22.6528,,22.7134
2015-11-23,22.9841,23.3283,22.2637
2015-11-24,24.8133,25.4631,23.7333
2015-11-25,23.9372,24.7236,22.8839
2015-11-26,22.8903,23.6673,22.0443
2015-11-27,23.0669,23.8377,22.3778
2015-11-30,23.6503,25.3535,22.7497
2015-12-01,23.6051,25.5892,22.7239
2015-12-02,22.8176,24.8968,22.0465
2015-12-03,22.6526,24.5508,22.0723
2015-12-04,22.6816,24.0367,22.3454
2015-12-07,22.0447,23.7134,21.8242
2015-12-08,23.5733,26.5413,23.2577
2015-12-09,24.2947,28.1219,23.9786
2015-12-10,24.5343,28.2762,24.3061
2015-12-11,26.5766,31.9721,26.3378
2015-12-14,30.411,43.6547,30.2815
2015-12-15,27.4591,41.7137,27.4133
2015-12-16,25.4362,49.123,25.4394
2015-12-17,22.5761,,22.5024
2015-12-18,23.8989,,23.7604
2015-12-21,23.8836,23.5629,24.6237
2015-12-22,22.5361,21.9201,23.6439
2015-12-23,20.2504,19.4159,21.4523
2015-12-28,22.4544,21.4264,23.0757
2015-12-29,21.6067,20.5631,22.1429
2015-12-30,22.7102,21.2567,22.7102
2016-01-04,26.998,28.8601,26.6237
2016-01-05,26.2087,27.5958,25.9808
2016-01-06,26.309,27.518,26.1478
2016-01-07,29.7899,33.2689,29.403
2016-01-08,30.4005,33.5135,30.1306
2016-01-11,30.2182,35.2171,30.0416
2016-01-12,28.5388,33.3442,28.4295
2016-01-13,28.1348,34.8194,28.0483
2016-01-14,29.939,,29.8068
2016-01-15,34.5856,,34.1252
2016-01-18,34.325,34.1348,32.5864
2016-01-19,30.7571,30.7357,30.3362
2016-01-20,35.1133,35.1327,33.8817
2016-01-21,31.7894,31.8215,31.4336
2016-01-22,28.3356,28.2201,28.9914
2016-01-25,28.4443,28.2415,28.8545
2016-01-26,28.1187,27.8123,28.6036
2016-01-27,27.7832,27.5131,28.1274
2016-01-28,29.8315,29.9088,29.7501
2016-01-29,27.389,26.7314,27.9461
2016-02-01,27.3303,26.7049,27.6381
2016-02-02,29.1542,28.9151,29.2537
2016-02-03,30.7369,30.4481,30.8369
2016-02-04,29.6423,29.191,29.7717
2016-02-05,30.0529,29.4086,30.2049
2016-02-08,33.3917,34.7251,33.2189
2016-02-09,33.9664,35.7884,33.78
2016-02-10,33.4528,34.6019,33.3637
2016-02-11,38.3051,41.2095,38.1347
2016-02-12,35.6846,35.3849,35.6965
2016-02-15,33.9154,37.7738,33.8828
2016-02-16,33.5212,35.2702,33.5167
2016-02-17,30.4983,32.3068,30.5096
2016-02-18,30.9172,,30.9874
2016-02-19,31.2656,,31.3727
2016-02-22,29.9498,30.3007,29.2193
2016-02-23,30.5366,30.9995,29.7786
2016-02-24,33.1178,33.8258,32.1826
2016-02-25,31.0305,31.667,30.3471
2016-02-26,29.2756,29.6983,28.9044
2016-02-29,29.7298,30.8729,29.1406
2016-03-01,28.5424,29.9189,27.9465
2016-03-02,27.1243,28.2525,26.7197
2016-03-03,26.5186,27.9978,26.0745
2016-03-04,24.5116,25.7376,24.2093
2016-03-07,26.2052,29.5898,25.7445
2016-03-08,27.8475,32.7236,27.3155
2016-03-09,28.0607,34.5593,27.5036
2016-03-10,28.1781,33.401,27.8544
2016-03-11,24.1107,25.1886,24.0666
2016-03-14,22.9607,26.9399,22.9259
2016-03-15,23.2425,29.1891,23.2254
2016-03-16,23.0994,32.0703,23.0656
2016-03-17,22.7536,,22.5717
2016-03-18,20.6567,,20.1917
2016-03-21,21.8265,20.9193,23.8306
2016-03-22,22.0365,21.0354,23.7941
2016-03-23,22.0971,20.8197,23.9015
2016-03-24,24.6286,23.7365,25.6984
2016-03-29,24.9043,24.1082,25.3185
2016-03-30,22.6443,20.9973,23.3529
2016-03-31,23.4487,21.7513,24.0707
2016-04-01,25.1088,24.2156,25.3937
2016-04-04,24.509,23.5159,24.696
2016-04-05,26.623,26.8342,26.5892
2016-04-06,25.1686,24.55,25.2479
2016-04-07,26.1571,26.5473,26.116
2016-04-08,24.8054,23.2043,24.9324
2016-04-11,24.8862,26.603,24.8284
2016-04-12,24.0775,25.8891,24.0382
2016-04-13,22.3118,24.0733,22.2906
2016-04-14,20.6301,,21.4707
2016-04-15,20.5487,,21.2617
2016-04-18,21.2846,21.4881,23.0392
2016-04-19,20.3617,20.4408,21.8569
2016-04-20,19.8831,19.8583,21.3786
2016-04-21,20.3114,20.1678,21.834
2016-04-22,20.6022,20.315,22.1831
2016-04-25,21.8388,21.3444,22.8161
2016-04-26,21.2816,20.6581,22.2459
2016-04-27,21.2843,20.5302,22.2185
2016-04-28,20.8538,19.9435,21.7695
2016-04-29,24.033,23.2652,24.6788
2016-05-02,25.1167,24.591,25.3759
2016-05-03,26.4095,25.8139,26.6547
2016-05-04,27.0373,26.1068,27.3543
2016-05-05,25.9343,24.54,26.3243
2016-05-06,25.1235,23.5584,25.4835
2016-05-09,24.956,24.0936,25.0631
2016-05-10,23.8909,22.6656,24.0094
2016-05-11,23.8595,22.396,23.967
2016-05-12,24.4471,23.1683,24.5173
2016-05-13,23.5957,21.4858,23.6762
2016-05-16,24.2125,23.9305,24.2147
2016-05-17,24.474,23.8912,24.4754
2016-05-18,23.2967,23.1842,23.257
2016-05-19,24.3817,,24.1891
2016-05-20,22.6042,,22.1458
2016-05-23,23.2929,22.3526,25.1057
2016-05-24,21.7856,20.5448,23.6412
2016-05-25,21.0604,19.8222,22.5559
2016-05-26,20.819,19.1649,22.4263
2016-05-27,20.4629,18.4569,22.0535
2016-05-30,20.9441,18.5151,22.06
2016-05-31,22.1149,19.5988,23.086
2016-06-01,23.9317,21.6589,24.675
2016-06-02,23.1068,20.004,23.9303
2016-06-03,23.554,19.983,24.3304
2016-06-06,24.0527,19.8053,24.5385
2016-06-07,23.3496,18.0219,23.814
2016-06-08,24.3166,17.9434,24.7344
2016-06-09,25.8413,18.7909,26.1824
2016-06-10,30.2251,24.8951,30.4188
2016-06-13,34.3644,33.0757,34.3746
2016-06-14,38.3352,40.2722,38.3302
2016-06-15,37.6871,32.2693,37.7335
2016-06-16,39.8975,,40.1888
2016-06-17,38.0272,,38.5606
2016-06-20,34.2207,35.5399,30.8854
2016-06-21,34.4684,36.1635,31.0549
2016-06-22,36.0375,38.5328,31.8897
2016-06-23,32.0555,34.4803,28.7453
2016-06-24,35.4279,36.8995,33.8297
2016-06-27,34.9988,36.1399,34.264
2016-06-28,31.0147,32.3289,30.2909
2016-06-29,28.553,29.7961,27.9711
2016-06-30,26.0765,26.2204,26.0208
2016-07-01,25.0196,24.5892,25.1586
2016-07-04,24.9798,25.1403,24.9487
2016-07-05,26.7055,27.6316,26.555
2016-07-06,28.2579,30.0956,28.0102
2016-07-07,26.545,26.9866,26.4985
2016-07-08,24.6151,23.0691,24.7378
2016-07-11,23.5704,26.9337,23.4529
2016-07-12,22.3198,26.1395,22.2328
2016-07-13,23.0918,28.8395,23.0171
2016-07-14,21.8141,,22.1682
2016-07-15,20.92,,21.4181
2016-07-18,20.8355,21.0426,22.6187
2016-07-19,21.0119,21.1103,22.8568
2016-07-20,20.345,20.3133,22.2346
2016-07-21,19.4501,19.2729,21.3077
2016-07-22,19.1159,18.7719,20.9863
2016-07-25,19.918,19.2023,21.3062
2016-07-26,20.1355,19.246,21.4861
2016-07-27,20.5334,19.5981,21.6793
2016-07-28,20.9929,20.0887,21.903
2016-07-29,20.2451,19.0806,21.2022
2016-08-01,20.3298,18.7619,21.0711
2016-08-02,23.1234,22.2958,23.4609
2016-08-03,22.9514,21.8814,23.313
2016-08-04,21.4128,19.9301,21.8233
2016-08-05,19.3019,17.277,19.7552
2016-08-08,18.9378,16.6225,19.2112
2016-08-09,18.2898,15.8158,18.5176
2016-08-10,19.1902,16.1269,19.4035
2016-08-11,18.3588,15.3681,18.5131
2016-08-12,17.8981,13.7306,18.0448
2016-08-15,18.8343,15.6188,18.8578
2016-08-16,20.0679,18.6925,20.0713
2016-08-17,21.1903,20.4709,21.1759
2016-08-18,20.3198,,20.2272
2016-08-19,21.1313,,21.0067
2016-08-22,21.6649,21.3782,22.3266
2016-08-23,20.2231,19.7023,21.1619
2016-08-24,19.8311,19.2039,20.7448
2016-08-25,20.4096,19.8637,21.0709
2016-08-26,19.4893,18.6898,20.2874
2016-08-29,20.185,19.4634,20.6247
2016-08-30,19.3723,18.3258,19.9076
2016-08-31,19.4166,18.2459,19.9248
2016-09-01,20.0636,19.0387,20.4448
2016-09-02,18.2963,16.5842,18.8217
2016-09-05,18.411,16.8639,18.6949
2016-09-06,19.0847,18.5383,19.1703
2016-09-07,18.5743,18.35,18.6033
2016-09-08,17.8149,16.4361,17.9527
2016-09-09,19.2991,19.022,19.3217
2016-09-12,21.8999,24.9927,21.7918
2016-09-13,22.7814,29.1339,22.6294
2016-09-14,22.2142,26.9065,22.1542
2016-09-15,20.5507,,21.1329
2016-09-16,21.3052,,21.7726
2016-09-19,20.3183,20.4983,21.8745
2016-09-20,20.6992,20.7711,22.0616
2016-09-21,20.0923,20.0716,21.3439
2016-09-22,17.2703,17.0915,19.1337
2016-09-23,16.8292,16.4718,18.7549
2016-09-26,20.2181,19.7829,21.0798
2016-09-27,20.6567,20.1661,21.4204
2016-09-28,19.6948,19.0407,20.507
2016-09-29,19.9598,19.2249,20.704
2016-09-30,19.7693,18.9668,20.439
2016-10-03,20.3951,19.606,20.7789
2016-10-04,19.2097,17.7687,19.7813
2016-10-05,19.4441,17.9744,19.9311
2016-10-06,19.1722,17.3489,19.6687
2016-10-07,20.0387,18.2916,20.4343
2016-10-10,19.2601,17.4375,19.4789
2016-10-11,19.8787,18.805,19.9823
2016-10-12,20.1317,18.8606,20.2253
2016-10-13,20.9273,20.3275,20.9606
2016-10-14,19.4618,18.1356,19.5128
2016-10-17,20.6231,23.375,20.5996
2016-10-18,19.069,21.3944,19.0627
2016-10-19,18.0718,22.2996,18.0277
2016-10-20,17.2171,,16.9664
2016-10-21,16.599,,16.1048
2016-10-24,17.7055,16.8474,19.3415
2016-10-25,18.2257,17.2818,19.646
2016-10-26,18.674,17.6484,19.9178
2016-10-27,18.7315,17.5507,19.897
2016-10-28,19.2694,18.0623,20.2569
2016-10-31,21.4449,20.7557,21.7818
2016-11-01,23.4631,23.3363,23.5158
2016-11-02,23.6545,23.4564,23.7231
2016-11-03,24.6804,25.4768,24.4449
2016-11-04,25.2078,27.347,24.6688
2016-11-07,24.6195,28.9753,24.0113
2016-11-08,24.9341,30.8629,24.2658
2016-11-09,21.1011,21.4649,21.0732
2016-11-10,21.0959,19.9517,21.1586
2016-11-11,21.9585,20.4161,22.0179
2016-11-14,22.1941,20.8845,22.2043
2016-11-15,20.6381,18.0124,20.6443
2016-11-16,21.1147,22.2198,21.1137
2016-11-17,19.9481,,19.9176
2016-11-18,20.3697,,20.3439
2016-11-21,20.5539,20.6205,20.396
2016-11-22,20.2468,20.3348,20.0812
2016-11-23,20.1927,20.3447,19.9607
2016-11-24,20.0292,20.0995,19.9411
2016-11-25,20.4086,20.6383,20.167
2016-11-28,22.533,23.8216,21.686
2016-11-29,21.7987,23.0802,21.0838
2016-11-30,21.4372,22.8752,20.7523
2016-12-01,22.6014,24.4471,21.8488
2016-12-02,22.6159,24.951,21.7992
2016-12-05,18.9556,19.6119,18.8263
2016-12-06,17.6341,18.1171,17.5559
2016-12-07,17.1436,17.8897,17.0442
2016-12-08,16.1593,15.0534,16.2704
2016-12-09,16.6203,15.653,16.6972
2016-12-12,16.9318,17.4159,16.9158
2016-12-13,16.8704,19.1502,16.8194
2016-12-14,17.1147,21.9277,17.0512
2016-12-15,15.8633,,16.8088
2016-12-16,15.098,,16.0063
2016-12-19,15.1177,15.4412,17.8013
2016-12-20,14.8754,15.0118,17.3482
2016-12-21,14.7373,14.6935,17.2528
2016-12-22,14.8767,14.6384,17.2902
2016-12-23,15.0936,14.6691,17.3364
2016-12-27,16.718,15.8339,18.0463
2016-12-28,17.0648,16.0902,18.244
2016-12-29,17.771,16.785,18.7514
2016-12-30,18.123,17.0391,19.012
2017-01-02,17.9578,16.6924,18.559
2017-01-03,17.3519,15.5588,18.0491
2017-01-04,16.464,14.4478,17.1114
2017-01-05,15.9801,13.7929,16.5596
2017-01-06,15.3421,12.9673,15.8574
2017-01-09,15.5143,13.1904,15.7844
2017-01-10,15.3547,13.3279,15.5417
2017-01-11,15.7011,14.2156,15.8084
2017-01-12,16.2935,14.7678,16.3753
2017-01-13,14.8618,12.1466,14.9601
2017-01-16,15.4655,15.1598,15.4679
2017-01-17,15.6671,17.4078,15.6624
2017-01-18,14.8506,16.77,14.8167
2017-01-19,14.8475,,14.6722
2017-01-20,14.5963,,14.2653
2017-01-23,17.1108,16.6402,18.0345
2017-01-24,16.3083,15.6269,17.3459
2017-01-25,15.6958,14.8758,16.6931
2017-01-26,15.6052,14.6273,16.5707
2017-01-27,15.847,14.6489,16.8159
2017-01-30,17.4653,16.3405,18.0021
2017-01-31,17.3682,16.3425,17.7795
2017-02-01,16.6427,15.2805,17.0921
2017-02-02,16.1939,14.6025,16.6263
2017-02-03,15.1332,13.3406,15.5312
2017-02-06,16.4328,15.5213,16.5447
2017-02-07,16.9147,16.0545,16.9978
2017-02-08,16.831,15.6627,16.9165
2017-02-09,15.2973,13.8661,15.3741
2017-02-10,15.1125,13.4032,15.1769
2017-02-13,14.8043,14.7494,14.8047
2017-02-14,14.6469,13.8479,14.6488
2017-02-15,14.6829,14.2189,14.6656
2017-02-16,15.3999,,15.3158
2017-02-17,14.8315,,14.6274
2017-02-20,14.8906,14.4252,15.9348
2017-02-21,14.5706,14.0277,15.534
2017-02-22,14.8577,14.2282,15.7631
2017-02-23,15.4578,14.7198,16.3318
2017-02-24,15.8552,15.1909,16.5177
2017-02-27,16.0402,15.3175,16.4771
2017-02-28,16.2849,15.8857,16.4937
2017-03-01,15.3905,14.6855,15.6997
2017-03-02,15.2754,14.0266,15.73
2017-03-03,15.2708,14.155,15.6179
2017-03-06,15.7683,15.0987,15.8943
2017-03-07,15.3718,14.5142,15.5041
2017-03-08,14.9751,14.0417,15.0922
2017-03-09,15.2123,14.1942,15.3147
2017-03-10,15.3441,13.6888,15.4722
2017-03-13,15.5803,15.6427,15.5783
2017-03-14,15.9737,17.5549,15.9389
2017-03-15,15.5983,20.1063,15.5386
2017-03-16,11.5181,,14.4786
2017-03-17,11.1647,,13.6882
2017-03-20,13.0797,13.9199,19.3338
2017-03-21,13.7745,14.106,19.244
2017-03-22,14.5148,14.4161,19.7223
2017-03-23,15.0982,14.586,19.8935
2017-03-24,15.1975,14.2057,19.9707
2017-03-27,16.3493,14.0176,20.2984
2017-03-28,15.8635,13.11,19.4852
2017-03-29,15.9304,12.6153,19.3835
2017-03-30,16.1041,12.218,19.3651
2017-03-31,16.522,12.4507,19.3689
2017-04-03,17.9597,12.7339,20.0714
2017-04-04,18.005,12.3029,19.9114
2017-04-05,18.5204,12.6519,20.1693
2017-04-06,18.8703,13.1642,20.2244
2017-04-07,19.5372,12.8742,20.8169
2017-04-10,22.0934,13.51,22.953
2017-04-11,22.9518,14.5666,23.623
2017-04-12,22.7155,13.4442,23.2701
2017-04-13,23.3883,14.4133,23.7938
2017-04-18,25.5942,21.1325,25.6046
2017-04-19,24.2021,18.4053,24.2359
2017-04-20,24.8992,,25.0989
2017-04-21,25.0928,,25.5121
2017-04-24,16.2463,16.2523,16.2338
2017-04-25,15.4196,15.2933,15.62
2017-04-26,15.584,15.5161,15.6711
2017-04-27,16.107,16.0441,16.1728
2017-04-28,17.0494,17.302,16.8277
2017-05-02,17.2673,18.1228,16.8967
2017-05-03,17.3982,19.0139,16.7983
2017-05-04,16.4843,17.9094,16.0479
2017-05-05,17.0143,19.0363,16.4941
2017-05-08,14.393,13.5408,14.4974
2017-05-09,14.0868,12.635,14.223
2017-05-10,14.0655,11.6054,14.2352
2017-05-11,14.3491,13.1536,14.4135
2017-05-12,13.8689,11.5314,13.9543
2017-05-15,14.2041,13.0726,14.2128
2017-05-16,13.5401,12.4564,13.5428
2017-05-17,16.1438,20.0692,16.1393
2017-05-18,17.0825,,17.0675
2017-05-19,15.4679,,15.3724
2017-05-22,14.8259,14.5952,15.3565
2017-05-23,13.8428,13.4962,14.468
2017-05-24,13.8757,13.4348,14.5177
2017-05-25,13.9599,13.5484,14.4569
2017-05-26,13.8547,13.4269,14.286
2017-05-29,14.1781,13.7585,14.435
2017-05-30,14.4715,14.0075,14.7128
2017-05-31,14.5538,14.2523,14.6885
2017-06-01,13.6227,13.0452,13.8387
2017-06-02,13.3345,13.0342,13.4311
2017-06-05,13.9431,14.4192,13.8493
2017-06-06,14.3862,15.1302,14.264
2017-06-07,14.6073,15.6605,14.4648
2017-06-08,14.0799,14.9313,13.9881
2017-06-09,13.3926,13.3843,13.3933
2017-06-12,14.5102,16.8211,14.4288
2017-06-13,13.5587,15.0036,13.5268
2017-06-14,13.9464,16.489,13.9144
2017-06-15,14.9445,,15.1529
2017-06-16,13.7442,,13.9938
2017-06-19,13.0325,13.1166,13.766
2017-06-20,14.0291,14.059,14.6023
2017-06-21,14.1788,14.1691,14.7679
2017-06-22,14.0328,13.9777,14.6272
2017-06-23,14.2214,14.1384,14.6899
2017-06-26,13.6567,13.4327,14.1034
2017-06-27,14.7743,14.6572,14.9602
2017-06-28,14.8525,14.6924,15.0562
2017-06-29,17.6032,17.9754,17.2033
2017-06-30,17.2533,17.3781,17.1445
2017-07-03,14.4888,13.863,14.7922
2017-07-04,14.3929,13.5299,14.7389
2017-07-05,14.7011,13.9786,14.9448
2017-07-06,15.4722,14.7792,15.6672
2017-07-07,15.1824,14.3291,15.3794
2017-07-10,14.783,13.9852,14.881
2017-07-11,14.7732,13.9136,14.8559
2017-07-12,13.7485,12.5977,13.8321
2017-07-13,13.1228,12.0066,13.1829
2017-07-14,12.6504,10.9981,12.7121
2017-07-17,12.6334,13.3268,12.6277
2017-07-18,13.6841,17.5059,13.673
2017-07-19,13.2685,18.9168,13.2452
2017-07-20,13.0879,,12.97
2017-07-21,15.3262,,15.2677
2017-07-24,15.0827,14.8776,15.4935
2017-07-25,13.6357,13.1864,14.3272
2017-07-26,12.9971,12.4543,13.6648
2017-07-27,12.7697,11.9793,13.5508
2017-07-28,13.7331,13.0455,14.3021
2017-07-31,13.9033,13.0206,14.3248
2017-08-01,13.4724,12.4356,13.8831
2017-08-02,13.7531,12.7009,14.1015
2017-08-03,13.7302,12.4917,14.0685
2017-08-04,13.0654,11.3043,13.4524
2017-08-07,13.1992,11.273,13.4235
2017-08-08,12.7883,10.8971,12.9612
2017-08-09,15.0152,14.543,15.0505
2017-08-10,18.9131,19.9845,18.8509
2017-08-11,19.31,19.4081,19.3061
2017-08-14,15.6664,14.8626,15.6727
2017-08-15,14.8801,14.1812,14.8818
2017-08-16,14.2468,13.8864,14.2331
2017-08-17,15.3859,,15.322
2017-08-18,17.5746,,17.5667
2017-08-21,18.5553,18.6612,18.3028
2017-08-22,16.412,16.342,16.5417
2017-08-23,16.2275,16.0892,16.4348
2017-08-24,15.6665,15.3322,16.0737
2017-08-25,15.3262,14.8703,15.7864
2017-08-28,15.8508,15.5459,16.039
2017-08-29,17.3169,17.654,17.1344
2017-08-30,16.468,16.5834,16.4154
2017-08-31,15.6317,15.4327,15.7077
2017-09-01,14.7167,14.0505,14.9279
2017-09-04,16.2117,16.8522,16.0852
2017-09-05,16.4848,17.276,16.3552
2017-09-06,16.3786,16.9527,16.3024
2017-09-07,15.1482,15.0117,15.1624
2017-09-08,15.199,15.2465,15.1951
2017-09-11,13.96,13.3277,13.9801
2017-09-12,13.4464,13.2256,13.451
2017-09-13,13.0422,13.4683,13.0372
2017-09-14,12.2739,,12.9873
2017-09-15,12.1972,,12.8173
2017-09-18,11.943,12.1639,13.7919
2017-09-19,11.7216,11.8202,13.5182
2017-09-20,11.7949,11.7652,13.5189
2017-09-21,11.1906,11.0068,13.0477
2017-09-22,11.708,11.3812,13.4357
2017-09-25,12.3663,11.7294,13.5755
2017-09-26,12.5406,11.8356,13.5957
2017-09-27,12.1282,11.2248,13.2014
2017-09-28,12.1259,11.1524,13.0711
2017-09-29,12.1207,11.2142,12.8545
2017-10-02,12.1739,11.2034,12.6319
2017-10-03,11.8364,10.4521,12.3697
2017-10-04,12.7752,11.7552,13.1122
2017-10-05,12.087,10.5718,12.4915
2017-10-06,12.5055,11.2359,12.7904
2017-10-09,12.6102,11.2274,12.7747
2017-10-10,13.3944,12.889,13.4436
2017-10-11,12.6695,11.1686,12.7765
2017-10-12,12.3247,10.7883,12.4056
2017-10-13,11.8458,10.0759,11.9111
2017-10-16,11.9037,10.9876,11.9107
2017-10-17,11.6298,10.5957,11.6324
2017-10-18,11.0513,10.5643,11.0247
2017-10-19,12.4435,,12.36
2017-10-20,12.2167,,12.0402
2017-10-23,12.5904,12.2628,13.2348
2017-10-24,12.9423,12.5871,13.4929
2017-10-25,14.5349,14.2906,14.8438
2017-10-26,12.9159,12.3866,13.4498
2017-10-27,12.4951,11.7455,13.1098
2017-10-30,12.8308,11.9929,13.2305
2017-10-31,11.9864,10.655,12.5013
2017-11-01,11.7924,10.4354,12.2303
2017-11-02,12.0219,10.578,12.4087
2017-11-03,11.5635,9.6763,11.9707
2017-11-06,11.6934,9.9789,11.893
2017-11-07,12.1336,11.5328,12.1918
2017-11-08,12.4069,11.9475,12.4412
2017-11-09,13.9158,15.0379,13.8498
2017-11-10,14.453,15.1903,14.4228
2017-11-13,14.3816,15.9671,14.3682
2017-11-14,15.2348,17.7291,15.2279
2017-11-15,15.5778,17.7424,15.5744
2017-11-16,15.0291,,15.0055
2017-11-17,14.7428,,14.6796
2017-11-20,13.7039,13.5364,14.0914
2017-11-21,12.9355,12.6372,13.4751
2017-11-22,12.8717,12.5801,13.3011
2017-11-23,12.7296,12.409,13.1187
2017-11-24,12.8582,12.6728,13.0482
2017-11-27,13.5459,13.5157,13.5648
2017-11-28,12.8773,12.7215,12.9597
2017-11-29,13.5436,13.54,13.5452
2017-11-30,13.4708,13.4986,13.4601
2017-12-01,16.0124,17.34,15.5543
2017-12-04,13.7242,14.2039,13.6296
2017-12-05,13.1587,13.3007,13.1359
2017-12-06,13.9107,14.5436,13.8263
2017-12-07,13.4513,13.8047,13.4139
2017-12-08,12.8484,12.3568,12.888
2017-12-11,12.9236,14.5563,12.867
2017-12-12,12.4734,15.4631,12.4031
2017-12-13,12.7344,16.8771,12.6786
2017-12-14,12.2635,,12.7226
2017-12-15,11.792,,12.1601
2017-12-18,10.6783,10.8493,12.1219
2017-12-19,11.1969,11.267,12.4962
2017-12-20,12.5108,12.4957,13.4235
2017-12-21,11.7371,11.6262,12.8984
2017-12-22,12.0056,11.8254,12.9949
2017-12-27,12.7143,12.2962,13.2336
2017-12-28,13.6229,13.4044,13.8489
2017-12-29,13.5114,13.1827,13.7898
2018-01-02,13.3676,12.9032,13.5571
2018-01-03,12.1367,11.4614,12.3634
2018-01-04,11.4105,10.6151,11.6306
2018-01-05,11.1245,10.0475,11.3669
2018-01-08,11.4954,10.5193,11.6133
2018-01-09,11.262,10.023,11.3778
2018-01-10,11.759,10.7301,11.8336
2018-01-11,11.3595,10.0635,11.4282
2018-01-12,10.9024,9.5373,10.9535
2018-01-15,11.0727,11.1926,11.0718
2018-01-16,11.3466,11.4288,11.3463
2018-01-17,11.9473,12.9662,11.9131
2018-01-18,11.9883,,11.7767
2018-01-19,11.8533,,11.4758
2018-01-22,11.9678,11.1545,13.4783
2018-01-23,11.9507,10.9888,13.3504
2018-01-24,12.3924,11.3923,13.5729
2018-01-25,12.691,11.6312,13.7169
2018-01-26,12.4779,11.0951,13.5622
2018-01-29,13.2927,11.658,14.0398
2018-01-30,14.811,13.6555,15.2683
2018-01-31,15.1644,14.0527,15.5333
2018-02-01,16.1393,15.5854,16.2963
2018-02-02,17.5594,17.363,17.6061
2018-02-05,18.855,19.7064,18.7444
2018-02-06,30.1771,39.3392,29.1095
2018-02-07,21.3656,23.0111,21.2352
2018-02-08,32.0402,43.7752,31.2473
2018-02-09,34.737,46.2899,34.1939
2018-02-12,28.1626,33.8859,28.112
2018-02-13,25.9501,30.9771,25.9361
2018-02-14,20.7053,22.2803,20.7132
2018-02-15,20.5158,,20.5842
2018-02-16,17.7606,,17.7473
2018-02-19,19.1283,19.229,18.8887
2018-02-20,18.6401,18.6738,18.5772
2018-02-21,18.6489,18.7832,18.4435
2018-02-22,18.6903,18.8844,18.4452
2018-02-23,18.1752,18.3648,17.9759
2018-02-26,16.7709,17.085,16.5709
2018-02-27,17.5944,18.1341,17.2997
2018-02-28,18.0002,18.5844,17.729
2018-03-01,20.5673,22.3603,19.8332
2018-03-02,23.386,26.4119,22.3091
2018-03-05,18.8922,19.942,18.6829
2018-03-06,18.6851,19.5219,18.5484
2018-03-07,18.1545,18.6677,18.0868
2018-03-08,16.6065,16.3404,16.634
2018-03-09,15.4054,14.7003,15.4619
2018-03-12,15.4002,17.0032,15.3453
2018-03-13,16.6195,19.9487,16.5427
2018-03-14,16.9106,21.9936,16.8429
2018-03-15,15.2246,,15.7472
2018-03-16,13.389,,13.9903
2018-03-19,16.4988,16.6315,17.6492
2018-03-20,15.3836,15.4558,16.7375
2018-03-21,14.8531,14.8284,16.3255
2018-03-22,18.5509,18.523,18.858
2018-03-23,21.0758,21.1309,20.7558
2018-03-26,22.0543,22.2132,21.726
2018-03-27,18.9761,18.8603,19.1606
2018-03-28,19.6857,19.655,19.7253
2018-03-29,17.4364,17.0609,17.8225
2018-04-03,18.8146,18.7804,18.8289
2018-04-04,19.5763,19.6489,19.5509
2018-04-05,16.9025,16.088,17.1312
2018-04-06,17.4368,16.9475,17.5517
2018-04-09,17.353,17.1208,17.3822
2018-04-10,16.3164,15.9458,16.3527
2018-04-11,16.9837,17.3108,16.9586
2018-04-12,15.8108,15.2454,15.8421
2018-04-13,15.2974,14.1688,15.3409
2018-04-16,14.5036,14.4224,14.5043
2018-04-17,13.288,13.1933,13.2882
2018-04-18,13.0383,13.5359,13.018
2018-04-19,13.7415,,13.6376
2018-04-20,13.756,,13.5642
2018-04-23,13.328,12.805,14.338
2018-04-24,13.4086,12.8026,14.3277
2018-04-25,14.6576,14.1879,15.2415
2018-04-26,13.6785,13.1007,14.2604
2018-04-27,13.1315,12.22,13.8727
2018-04-30,13.7154,12.6283,14.2285
2018-05-02,13.5282,12.2143,13.9573
2018-05-03,14.4576,13.1678,14.8102
2018-05-04,13.4198,11.5333,13.8329
2018-05-07,13.3159,11.41,13.5383
2018-05-08,13.7161,11.9644,13.8781
2018-05-09,13.3529,11.532,13.4813
2018-05-10,12.8229,10.9247,12.9217
2018-05-11,12.4351,10.2296,12.5152
2018-05-14,12.6448,12.2164,12.6481
2018-05-15,12.6765,11.8802,12.6785
2018-05-16,13.5725,12.5612,13.5679
2018-05-17,13.0848,,13.046
2018-05-18,13.9673,,13.9214
2018-05-21,13.7761,13.6619,14.0419
2018-05-22,12.9845,12.7477,13.4156
2018-05-23,15.0616,15.1156,14.9794
2018-05-24,15.6902,15.9565,15.3515
2018-05-25,16.0228,16.2703,15.7612
2018-05-28,17.7786,18.8192,17.0936
2018-05-29,20.1545,21.5045,19.3964
2018-05-30,18.3411,19.0331,18.0186
2018-05-31,17.6546,18.0442,17.5023
2018-06-01,15.6231,15.2488,15.7434
2018-06-04,14.3641,14.1272,14.4094
2018-06-05,14.7988,15.1512,14.7418
2018-06-06,14.7989,14.9331,14.7813
2018-06-07,14.4204,14.6034,14.4011
2018-06-08,14.9616,15.3984,14.9252
2018-06-11,13.9917,16.488,13.903
2018-06-12,13.6885,16.7395,13.6173
2018-06-13,13.198,18.0629,13.1313
2018-06-14,11.4418,,11.8839
2018-06-15,12.1297,,12.525
2018-06-18,13.763,13.8624,14.6276
2018-06-19,14.8685,14.8983,15.4401
2018-06-20,13.9834,13.9715,14.7083
2018-06-21,16.0901,16.0791,16.2115
2018-06-22,14.2065,14.1008,14.8
2018-06-25,17.8726,17.9703,17.6716
2018-06-26,17.2411,17.2928,17.1579
2018-06-27,17.1802,17.1838,17.1756
2018-06-28,18.4191,18.5271,18.305
2018-06-29,16.6332,16.4147,16.8204
2018-07-02,17.9959,18.0465,17.9706
2018-07-03,16.3908,16.018,16.5443
2018-07-04,16.2213,15.8271,16.3565
2018-07-05,15.731,15.1706,15.8896
2018-07-06,14.7428,13.7208,14.9769
2018-07-09,14.0711,13.0123,14.1997
2018-07-10,12.9934,11.6176,13.1224
2018-07-11,14.5961,14.4608,14.6064
2018-07-12,13.4596,12.4763,13.5129
2018-07-13,12.8035,11.2321,12.8623
2018-07-16,13.0323,12.8703,13.0336
2018-07-17,12.5559,12.5853,12.5559
2018-07-18,11.9617,12.8149,11.9417
2018-07-19,12.8476,,12.7593
2018-07-20,13.7747,,13.6292
2018-07-23,14.1892,13.9316,14.7791
2018-07-24,12.7259,12.2254,13.6116
2018-07-25,13.5029,13.0833,14.1146
2018-07-26,12.1361,11.3443,13.0567
2018-07-27,11.6594,10.6426,12.6302
2018-07-30,12.7106,11.7542,13.2754
2018-07-31,12.5596,11.4852,13.0963
2018-08-01,13.028,11.7175,13.5806
2018-08-02,14.5051,13.8721,14.7418
2018-08-03,13.3973,12.1335,13.785
2018-08-06,13.47,12.4731,13.654
2018-08-07,12.6265,11.0989,12.8532
2018-08-08,12.8654,11.6479,13.0153
2018-08-09,12.4882,10.6935,12.6609
2018-08-10,15.1113,16.5502,14.987
2018-08-13,15.9406,18.4832,15.8511
2018-08-14,15.861,17.3413,15.8285
2018-08-15,18.4755,24.2075,18.3989
2018-08-16,16.2633,,16.45
2018-08-17,16.0981,,16.2961
2018-08-20,14.5019,14.61,15.441
2018-08-21,13.8748,13.9261,14.8453
2018-08-22,13.8512,13.8342,14.8752
2018-08-23,13.6438,13.5461,14.6794
2018-08-24,13.1882,13.0056,14.1939
2018-08-27,13.1149,12.7274,13.8731
2018-08-28,13.1602,12.6775,13.8997
2018-08-29,12.9914,12.2962,13.8358
2018-08-30,14.1532,13.5422,14.7682
2018-08-31,15.6343,15.2644,15.9477
2018-09-03,15.4945,15.1787,15.6503
2018-09-04,16.3854,16.3896,16.3837
2018-09-05,17.2886,17.4606,17.2282
2018-09-06,17.1012,17.1279,17.0934
2018-09-07,16.4546,16.0032,16.5607
2018-09-10,15.8948,15.5871,15.9333
2018-09-11,15.7862,15.5936,15.8052
2018-09-12,15.3235,15.3997,15.3177
2018-09-13,14.5934,14.0554,14.6231
2018-09-14,13.8963,12.7385,13.9406
2018-09-17,14.5708,15.4763,14.5633
2018-09-18,14.356,15.8357,14.352
2018-09-19,13.5296,14.5226,13.5121
2018-09-20,13.1843,,13.0985
2018-09-21,12.815,,12.6336
2018-09-24,13.7328,13.4059,14.3778
2018-09-25,13.1636,12.6904,13.8894
2018-09-26,12.8518,12.2622,13.574
2018-09-27,13.171,12.5686,13.7757
2018-09-28,14.7637,14.4472,15.0324
2018-10-01,14.2333,13.6756,14.5045
2018-10-02,15.4784,15.3441,15.5343
2018-10-03,14.6064,14.2011,14.745
2018-10-04,16.0249,16.2214,15.9675
2018-10-05,16.6807,16.7702,16.6591
2018-10-08,17.6264,18.2856,17.5411
2018-10-09,16.9002,17.0961,16.8806
2018-10-10,18.4029,19.131,18.3463
2018-10-11,21.2373,24.7784,21.0198
2018-10-12,20.2103,22.4595,20.1152
2018-10-15,19.0703,21.3613,19.0508
2018-10-16,16.8341,20.1176,16.8249
2018-10-17,17.0163,21.3634,17.0095
2018-10-18,18.1712,,18.1622
2018-10-19,18.7838,,18.7986
2018-10-22,19.3581,19.5117,18.9909
2018-10-23,21.3624,21.7238,20.6703
2018-10-24,21.9772,22.5369,21.1014
2018-10-25,20.7551,21.099,20.3182
2018-10-26,23.7391,24.6935,22.7041
2018-10-29,22.2872,23.2754,21.6446
2018-10-30,22.2249,23.1609,21.7094
2018-10-31,20.3038,20.7318,20.1067
2018-11-01,18.995,18.7588,19.0852
2018-11-02,18.848,18.2883,19.0272
2018-11-05,18.3296,17.7951,18.431
2018-11-06,18.1091,17.5473,18.1971
2018-11-07,16.4264,14.8423,16.6212
2018-11-08,15.881,14.7921,15.9904
2018-11-09,16.3773,14.9921,16.4859
2018-11-12,17.8587,20.1895,17.7777
2018-11-13,17.029,18.7795,16.9904
2018-11-14,18.4548,23.7699,18.3846
2018-11-15,20.1522,,19.7771
2018-11-16,18.0762,,17.9027
2018-11-19,18.032,17.9645,17.4198
2018-11-20,19.9622,19.9099,18.9146
2018-11-21,18.2397,18.2473,17.7572
2018-11-22,19.2881,19.3552,18.5304
2018-11-23,18.9738,19.0867,18.3101
2018-11-26,18.4228,18.7384,17.76
2018-11-27,18.479,18.9058,17.7728
2018-11-28,18.5951,19.1524,17.8516
2018-11-29,18.61,19.2262,17.9396
2018-11-30,18.4935,19.3072,17.7586
2018-12-03,16.9152,17.7606,16.4757
2018-12-04,17.2085,18.2144,16.7699
2018-12-05,19.0904,20.9063,18.4151
2018-12-06,24.6155,28.7051,23.2974
2018-12-07,21.6688,24.1362,21.036
2018-12-10,23.6591,27.4125,23.1402
2018-12-11,21.0925,22.9783,20.8958
2018-12-12,19.7254,21.2257,19.6065
2018-12-13,19.1773,19.9394,19.1334
2018-12-14,19.1643,19.1959,19.163
2018-12-17,19.8187,23.3039,19.7883
2018-12-18,20.0366,27.5639,20.0138
2018-12-19,19.6024,29.992,19.5924
2018-12-20,20.733,,20.6736
2018-12-21,20.3984,,20.2488
2018-12-27,25.6881,25.9024,25.4612
2018-12-28,23.8643,23.5814,24.1065
2019-01-02,23.3923,23.3989,23.3901
2019-01-03,22.9978,22.818,23.0496
2019-01-04,20.4827,20.0155,20.5928
2019-01-07,20.151,20.0641,20.162
2019-01-08,19.4803,19.1625,19.5116
2019-01-09,18.997,18.6927,19.0199
2019-01-10,18.6879,18.0091,18.7255
2019-01-11,17.4182,15.5204,17.4898
2019-01-14,17.8987,19.8106,17.8826
2019-01-15,16.9334,19.9605,16.925
2019-01-16,15.7177,17.6352,15.7019
2019-01-17,15.4064,,15.3182
2019-01-18,14.28,,14.102
2019-01-21,15.385,15.0825,15.9854
2019-01-22,15.9971,15.6663,16.5141
2019-01-23,16.4792,16.0744,16.9867
2019-01-24,15.5603,14.9882,16.1396
2019-01-25,14.7823,13.9759,15.4467
2019-01-28,16.1551,15.4066,16.5171
2019-01-29,16.0456,15.1944,16.3885
2019-01-30,16.0154,15.1273,16.3137
2019-01-31,15.1126,13.8088,15.4697
2019-02-01,13.9879,11.9499,14.4326
2019-02-04,14.2075,12.5601,14.4028
2019-02-05,13.5808,12.1782,13.7124
2019-02-06,13.616,11.7636,13.7467
2019-02-07,16.1706,16.7565,16.1369
2019-02-08,16.3131,16.1037,16.3215
2019-02-11,15.2186,17.0119,15.2034
2019-02-12,14.2814,15.7487,14.2774
2019-02-13,13.9695,14.5924,13.9519
2019-02-14,15.757,,15.721
2019-02-15,14.2944,,14.151
2019-02-18,14.5378,14.2051,15.2816
2019-02-19,14.6143,14.206,15.3351
2019-02-20,14.2742,13.7118,15.071
2019-02-21,14.3444,13.7526,15.0363
2019-02-22,13.9767,13.2316,14.6964
2019-02-25,13.8464,12.9437,14.3702
2019-02-26,13.8942,12.8911,14.387
2019-02-27,14.3497,13.3342,14.7747
2019-02-28,13.5876,12.0812,14.1088
2019-03-01,13.3709,11.8402,13.8189
2019-03-04,13.6499,12.5913,13.8366
2019-03-05,13.5075,11.8927,13.7362
2019-03-06,13.4409,11.8676,13.6224
2019-03-07,13.8671,12.0691,14.0317
2019-03-08,14.411,12.5889,14.5418
2019-03-11,14.1546,13.9494,14.1607
2019-03-12,13.8356,14.8299,13.8163
2019-03-13,13.9503,16.4396,13.9229
2019-03-14,13.6478,,13.963
2019-03-15,12.9242,,13.209
2019-03-18,13.2122,13.2672,14.2667
2019-03-19,13.0007,12.9839,14.0237
2019-03-20,14.4778,14.4304,15.0006
2019-03-21,15.6876,15.6844,15.7066
2019-03-22,17.6785,17.7139,17.542
2019-03-25,17.3356,17.3649,17.2872
2019-03-26,15.8457,15.7087,16.0254
2019-03-27,16.3337,16.2314,16.4436
2019-03-28,16.6715,16.6858,16.6588
2019-03-29,15.2748,14.9536,15.5094
2019-04-01,14.7903,14.3421,14.9819
2019-04-02,14.7848,14.313,14.9536
2019-04-03,14.1923,13.361,14.4365
2019-04-04,14.2468,13.1287,14.5165
2019-04-05,13.552,11.6641,13.914
2019-04-08,14.603,13.5045,14.7181
2019-04-09,14.5187,13.595,14.5945
2019-04-10,14.281,12.9583,14.362
2019-04-11,12.595,10.1335,12.699
2019-04-12,11.877,9.7823,11.9392
2019-04-15,11.4864,11.6396,11.4855
2019-04-16,11.3012,11.9277,11.3002
2019-04-17,11.2672,,11.2371
2019-04-18,11.0066,,10.8275
2019-04-23,12.204,11.5554,13.3314
2019-04-24,12.5447,11.884,13.4836
2019-04-25,12.9572,12.2343,13.8061
2019-04-26,12.6034,11.7208,13.46
2019-04-29,13.0277,12.0875,13.5843
2019-04-30,13.2624,12.3537,13.7222
2019-05-02,14.3357,13.7582,14.552
2019-05-03,13.3808,12.2726,13.7233
2019-05-06,15.7375,16.4455,15.5972
2019-05-07,18.0429,19.7053,17.7636
2019-05-08,17.6428,19.5946,17.373
2019-05-09,20.0378,24.1182,19.5629
2019-05-10,18.5073,20.6305,18.3219
2019-05-13,19.4264,24.8248,19.2254
2019-05-14,17.5609,19.972,17.5069
2019-05-15,16.7467,21.29,16.687
2019-05-16,15.0605,,15.2071
2019-05-17,14.9769,,15.1039
2019-05-20,17.3812,17.3461,17.0653
2019-05-21,15.8302,15.8378,15.9779
2019-05-22,15.4494,15.4476,15.5607
2019-05-23,17.637,17.6733,17.2316
2019-05-24,16.7146,16.7178,16.6961
2019-05-27,16.2373,16.209,16.2948
2019-05-28,16.1658,16.1012,16.2686
2019-05-29,17.7806,17.9247,17.593
2019-05-30,16.7607,16.7382,16.7843
2019-05-31,17.4218,17.3927,17.447
2019-06-03,17.2417,17.2343,17.2453
2019-06-04,16.42,16.239,16.4951
2019-06-05,16.1034,15.7524,16.2239
2019-06-06,15.6299,15.0663,15.7893
2019-06-07,14.9085,14.2199,15.0685
2019-06-10,14.8913,14.3536,14.9581
2019-06-11,14.796,14.3722,14.8374
2019-06-12,14.945,14.4278,14.9836
2019-06-13,14.3656,13.2891,14.4239
2019-06-14,14.3629,12.8632,14.4196
2019-06-17,14.0293,14.3715,14.0265
2019-06-18,13.2695,16.5661,13.26
2019-06-19,13.6604,21.2453,13.6496
2019-06-20,13.3474,,13.282
2019-06-21,13.3894,,13.2229
2019-06-24,13.9669,13.6705,14.5538
2019-06-25,13.9815,13.6588,14.4843
2019-06-26,14.0634,13.6724,14.5517
2019-06-27,14.1174,13.7431,14.5003
2019-06-28,13.7342,13.3192,14.0837
2019-07-01,12.3829,11.356,12.8665
2019-07-02,11.8371,10.5226,12.3455
2019-07-03,11.7045,10.2807,12.1618
2019-07-04,11.7651,10.2019,12.1804
2019-07-05,12.4185,10.9271,12.7493
2019-07-08,12.616,11.1109,12.7941
2019-07-09,12.7504,11.2434,12.8905
2019-07-10,12.8191,11.8221,12.8918
2019-07-11,12.4747,11.9168,12.5054
2019-07-12,12.3888,11.4698,12.424
2019-07-15,12.6064,13.8643,12.5958
2019-07-16,12.1592,13.6255,12.1552
2019-07-17,12.6034,13.3601,12.586
2019-07-18,13.332,,13.261
2019-07-19,13.6973,,13.621
2019-07-22,13.5495,13.371,13.9617
2019-07-23,12.7137,12.3526,13.3623
2019-07-24,13.1227,12.8033,13.5921
2019-07-25,13.2666,12.8663,13.7496
2019-07-26,12.669,12.0164,13.3138
2019-07-29,12.6386,11.9275,13.0648
2019-07-30,14.4662,14.4264,14.4873
2019-07-31,14.3909,14.3188,14.4235
2019-08-01,13.7348,12.852,14.0602
2019-08-02,18.3481,19.0619,18.1088
2019-08-05,21.0618,23.6601,20.5225
2019-08-06,21.3783,23.9329,20.9425
2019-08-07,21.039,23.3938,20.7133
2019-08-08,18.0036,18.6541,17.9344
2019-08-09,18.9533,19.933,18.8706
2019-08-12,19.2544,22.4495,19.1415
2019-08-13,18.6224,21.483,18.5578
2019-08-14,22.0616,29.2087,21.9655
2019-08-15,22.5418,,22.2341
2019-08-16,20.3841,,20.3257
2019-08-19,18.2556,18.2719,18.4014
2019-08-20,18.4289,18.4305,18.4627
2019-08-21,16.772,16.763,17.3294
2019-08-22,18.2332,18.2226,18.3496
2019-08-23,20.1473,20.197,19.8585
2019-08-26,20.2502,20.3571,20.03
2019-08-27,19.4399,19.463,19.4028
2019-08-28,19.3267,19.3161,19.3402
2019-08-29,17.601,17.407,17.8026
2019-08-30,17.6681,17.4174,17.8824
2019-09-02,17.5382,17.2527,17.6794
2019-09-03,18.2403,17.7348,18.4476
2019-09-04,16.5794,15.6579,16.8889
2019-09-05,15.5052,14.2902,15.8397
2019-09-06,14.6313,13.2378,14.9452
2019-09-09,14.9418,14.2485,15.0274
2019-09-10,15.2574,15.1807,15.265
2019-09-11,15.4354,16.1352,15.3809
2019-09-12,14.4138,13.8812,14.4432
2019-09-13,13.7364,12.6978,13.7763
2019-09-16,15.2467,16.9799,15.232
2019-09-17,15.5502,18.1308,15.5431
2019-09-18,15.2097,18.7722,15.1895
2019-09-19,14.501,,14.3952
2019-09-20,13.9744,,13.7311
2019-09-23,15.5783,15.1649,16.3908
2019-09-24,15.9723,15.5539,16.6218
2019-09-25,17.2313,16.9982,17.5271
2019-09-26,16.587,16.1322,17.0518
2019-09-27,15.8826,15.2141,16.4396
2019-09-30,15.8282,15.0468,16.2053
2019-10-01,17.26,17.1175,17.3192
2019-10-02,21.0071,22.06,20.6271
2019-10-03,20.5011,21.5994,20.1719
2019-10-04,18.5245,18.8307,18.4505
2019-10-07,17.856,18.5903,17.7608
2019-10-08,19.2293,20.6142,19.0862
2019-10-09,18.3918,19.3066,18.3203
2019-10-10,17.418,19.3036,17.3055
2019-10-11,15.8911,17.3581,15.8296
2019-10-14,15.9171,19.3989,15.8862
2019-10-15,14.4716,17.456,14.4632
2019-10-16,14.76,20.6933,14.7498
2019-10-17,14.9276,,14.8736
2019-10-18,15.3746,,15.3075
2019-10-21,14.7438,14.4942,15.3166
2019-10-22,14.1743,13.7469,14.94
2019-10-23,13.4557,12.8045,14.3857
2019-10-24,13.0917,12.2138,14.1109
2019-10-25,12.8208,11.7899,13.8115
2019-10-28,13.2006,12.0002,13.9006
2019-10-29,13.7262,12.5338,14.3213
2019-10-30,13.7963,12.6362,14.2913
2019-10-31,13.7919,12.6136,14.2199
2019-11-01,12.8444,11.1169,13.3603
2019-11-04,12.9047,11.464,13.1646
2019-11-05,12.9225,11.5702,13.1253
2019-11-06,12.9335,11.8695,13.0654
2019-11-07,12.7542,11.1873,12.9067
2019-11-08,12.8514,10.5587,13.0218
2019-11-11,13.0887,12.1492,13.1181
2019-11-12,12.6338,12.3779,12.639
2019-11-13,12.7955,12.6486,12.7972
2019-11-14,12.4735,,12.8049
2019-11-15,11.537,,11.8768
2019-11-18,12.0372,12.1474,12.989
2019-11-19,12.3699,12.4108,13.1469
2019-11-20,12.7274,12.7164,13.396
2019-11-21,13.1317,13.0779,13.7112
2019-11-22,13.0888,12.9964,13.6087
2019-11-25,12.3836,12.1388,12.8698
2019-11-26,12.0954,11.804,12.5488
2019-11-27,12.2032,11.9499,12.5219
2019-11-28,12.7959,12.6213,12.9769
2019-11-29,13.174,13.0925,13.2442
2019-12-02,15.8889,16.8065,15.409
2019-12-03,16.9096,18.1134,16.3799
2019-12-04,15.2237,16.1844,14.8741
2019-12-05,15.3707,16.4801,15.0341
2019-12-06,14.1327,14.7557,13.9797
2019-12-09,14.9246,16.6507,14.6914
2019-12-10,15.022,17.0356,14.8069
2019-12-11,15.2345,18.3516,14.9708
2019-12-12,14.6631,18.497,14.4166
2019-12-13,13.1174,14.091,13.0769
2019-12-16,11.644,13.4679,11.6283
2019-12-17,12.1489,15.3285,12.1397
2019-12-18,11.8244,16.37,11.8028
2019-12-19,12.1761,,12.0767
2019-12-20,11.0774,,10.8054
2019-12-23,11.6481,11.1016,12.8457
2019-12-27,12.0913,11.1213,13.0237
2019-12-30,13.9548,13.3341,14.3303
2020-01-02,12.6736,11.7338,13.0176
2020-01-03,13.9588,13.4898,14.1086
2020-01-06,15.1404,15.9108,14.9871
2020-01-07,14.2117,14.8531,14.1068
2020-01-08,14.0401,15.0563,13.9025
2020-01-09,13.0363,13.194,13.0197
2020-01-10,12.3886,11.3003,12.4738
2020-01-13,12.7138,14.0822,12.6668
2020-01-14,12.4099,13.7216,12.381
2020-01-15,12.0408,12.9651,12.0297
2020-01-16,11.0223,,11.5875
2020-01-17,10.6899,,11.2416
2020-01-20,11.2522,11.4209,12.6806
2020-01-21,11.8141,11.8713,12.8873
2020-01-22,12.2388,12.2223,13.2325
2020-01-23,13.164,13.1,13.8502
2020-01-24,12.6664,12.551,13.3121
2020-01-27,17.1711,17.3858,16.7235
2020-01-28,15.1979,15.2166,15.1677
2020-01-29,14.4199,14.3155,14.5532
2020-01-30,16.4174,16.62,16.2018
2020-01-31,17.1542,17.53,16.822
2020-02-03,16.2837,16.4952,16.1768
2020-02-04,14.4971,14.3435,14.5609
2020-02-05,13.6052,13.2843,13.7153
2020-02-06,12.9888,12.2684,13.1902
2020-02-07,13.3241,12.5795,13.4961
2020-02-10,13.7034,13.4862,13.7307
2020-02-11,12.9201,12.1243,12.9965
2020-02-12,12.4526,10.6603,12.5785
2020-02-13,13.2476,12.5399,13.2864
2020-02-14,13.0625,12.039,13.1018
2020-02-17,12.9654,12.2235,12.9712
2020-02-18,13.8431,15.2976,13.8392
2020-02-19,12.8829,12.5437,12.8734
2020-02-20,14.09,,14.0689
2020-02-21,15.7536,,15.7645
2020-02-24,22.6584,23.4259,21.0026
2020-02-25,27.4449,28.9782,24.7868
2020-02-26,24.5402,25.9031,22.6635
2020-02-27,34.6989,38.322,30.43
2020-02-28,42.2369,47.3807,37.2112
2020-03-02,36.1186,41.7241,32.9555
2020-03-03,33.4532,38.3581,31.1737
2020-03-04,29.7565,33.1338,28.4848
2020-03-05,33.1404,37.8861,31.6334
2020-03-06,43.0212,49.2556,41.3917
2020-03-09,54.0993,68.9051,51.9227
2020-03-10,53.8031,68.0458,52.1758
2020-03-11,53.7615,67.821,52.5381
2020-03-12,71.5196,91.2801,70.2397
2020-03-13,74.3321,91.3479,73.5698
2020-03-16,85.6206,120.8406,85.2796
2020-03-17,77.2625,107.1871,77.1714
2020-03-18,84.7968,107.1211,84.901
2020-03-19,78.3461,,78.8503
2020-03-20,68.2146,,69.15
2020-03-23,64.4282,66.4175,60.1576
2020-03-24,52.5304,55.0494,48.2136
2020-03-25,57.1305,60.0415,53.1447
2020-03-26,54.3148,57.5426,50.7016
2020-03-27,60.9948,64.3589,57.9231
2020-03-30,55.6324,58.919,53.9116
2020-03-31,48.5926,49.9737,48.0031
2020-04-01,51.1408,52.5341,50.6459
2020-04-02,49.9156,49.9835,49.8959
2020-04-03,45.8806,43.9121,46.3389
2020-04-06,43.0301,43.6314,42.9533
2020-04-07,46.2871,49.9528,45.9067
2020-04-08,45.2971,46.1244,45.2337
2020-04-09,44.7106,44.0512,44.7475
2020-04-14,40.4768,41.567,40.4739
2020-04-15,44.9575,54.3766,44.9843
2020-04-16,43.2623,,43.394
2020-04-17,41.201,,41.3133
2020-04-20,41.2975,41.6195,40.5274
2020-04-21,48.2215,48.7573,47.2043
2020-04-22,43.9569,44.1441,43.6719
2020-04-23,40.3534,40.1521,40.6031
2020-04-24,40.1744,39.5046,40.8594
2020-04-27,34.7192,34.011,35.1562
2020-04-28,33.012,31.982,33.5481
2020-04-29,30.7205,29.2621,31.3595
2020-04-30,33.9105,32.9966,34.2561
2020-05-04,38.322,38.7248,38.2438
2020-05-05,34.5055,33.8965,34.6016
2020-05-06,34.8075,34.2733,34.8763
2020-05-07,32.4311,30.8079,32.5959
2020-05-08,29.6643,26.5887,29.9028
2020-05-11,29.9068,30.7832,29.8778
2020-05-12,27.6697,28.5494,27.651
2020-05-13,33.4196,39.4457,33.3437
2020-05-14,36.3219,,36.4474
2020-05-15,34.4706,,34.6096
2020-05-18,29.0582,29.1202,29.6077
2020-05-19,30.1699,30.1721,30.2125
2020-05-20,29.1093,29.1075,29.2164
2020-05-21,32.315,32.3652,31.7554
2020-05-22,31.4161,31.4206,31.3904
2020-05-25,29.1565,29.0846,29.3028
2020-05-26,28.0385,27.7819,28.4454
2020-05-27,29.3988,29.1413,29.7274
2020-05-28,29.0063,28.8115,29.2096
2020-05-29,31.1263,31.2835,30.9894
2020-06-01,30.099,30.6827,29.8024
2020-06-02,30.678,31.7853,30.2029
2020-06-03,29.6082,31.1469,29.0525
2020-06-04,27.6617,28.213,27.4999
2020-06-05,27.8909,29.695,27.442
2020-06-08,28.1197,29.8899,27.8874
2020-06-09,29.7453,31.8933,29.5233
2020-06-10,30.0524,31.9978,29.8992
2020-06-11,36.0215,40.203,35.771
2020-06-12,41.4116,46.899,41.1769
2020-06-15,38.4135,46.7207,38.3397
2020-06-16,36.0977,50.5874,36.0533
2020-06-17,35.3603,45.6815,35.3671
2020-06-18,35.0461,,35.0659
2020-06-19,32.2142,,32.1527
2020-06-22,33.781,33.7659,33.8165
2020-06-23,31.3419,31.2188,31.5705
2020-06-24,36.8071,37.1685,36.2531
2020-06-25,34.6839,34.7995,34.5391
2020-06-26,35.1735,35.3325,35.0073
2020-06-29,34.4921,34.9688,34.1899
2020-06-30,31.7179,31.5817,31.7903
2020-07-01,30.1305,29.6321,30.3537
2020-07-02,27.5942,26.6606,27.9456
2020-07-03,28.2699,26.7007,28.7638
2020-07-06,27.6015,27.0276,27.7109
2020-07-07,27.9345,26.9387,28.0899
2020-07-08,29.5725,28.942,29.6535
2020-07-09,30.4505,30.5418,30.4409
2020-07-10,28.4276,26.7706,28.5594
2020-07-13,27.1352,28.731,27.0817
2020-07-14,28.9278,33.2523,28.8303
2020-07-15,27.5724,30.0839,27.542
2020-07-16,26.8067,,27.1875
2020-07-17,25.5762,,25.9623
2020-07-20,24.2112,24.3745,25.6331
2020-07-21,23.4879,23.5599,24.8577
2020-07-22,24.2123,24.1895,25.5946
2020-07-23,23.3144,23.1824,24.7247
2020-07-24,25.5773,25.3807,26.6809
2020-07-27,25.238,24.7822,26.145
2020-07-28,24.3987,23.8506,25.2533
2020-07-29,24.2316,23.5354,25.1004
2020-07-30,28.024,27.9118,28.1413
2020-07-31,26.6625,26.3775,26.9069
2020-08-03,25.7571,25.6702,25.8005
2020-08-04,25.087,24.881,25.1726
2020-08-05,23.9421,23.5478,24.0781
2020-08-06,24.9371,24.6151,25.0295
2020-08-07,24.1977,23.1835,24.434
2020-08-10,24.1127,23.3007,24.2137
2020-08-11,23.3862,23.0859,23.4159
2020-08-12,22.4674,21.8175,22.5161
2020-08-13,22.691,21.4975,22.7564
2020-08-14,23.8671,22.9406,23.9034
2020-08-17,22.7835,23.5036,22.7776
2020-08-18,23.2689,24.0234,23.2671
2020-08-19,21.9882,23.4041,21.9653
2020-08-20,24.0354,,23.9406
2020-08-21,24.3375,,24.1848
2020-08-24,23.1101,22.7204,23.8869
2020-08-25,23.3594,22.8625,24.1356
2020-08-26,22.0013,21.3892,22.7658
2020-08-27,23.5584,22.9366,24.1945
2020-08-28,25.1579,24.5276,25.6914
2020-08-31,26.7213,26.78,26.6918
2020-09-01,27.1192,27.1196,27.119
2020-09-02,26.6145,26.2079,26.7549
2020-09-03,29.0121,29.262,28.9394
2020-09-04,31.7117,32.7353,31.462
2020-09-07,27.922,29.5474,27.7092
2020-09-08,28.4501,30.0943,28.2815
2020-09-09,25.8888,27.0632,25.7973
2020-09-10,25.0051,25.5798,24.9724
2020-09-11,23.7249,23.2469,23.7438
2020-09-14,22.5682,26.0037,22.5385
2020-09-15,22.1155,24.4628,22.1092
2020-09-16,21.9927,25.6182,21.9497
2020-09-17,22.5468,,22.3338
2020-09-18,22.6496,,22.2867
2020-09-21,29.8809,29.8646,29.9195
2020-09-22,28.1097,27.8555,28.5786
2020-09-23,27.1669,26.6455,27.938
2020-09-24,28.3437,27.8075,28.9986
2020-09-25,27.8075,27.1231,28.5019
2020-09-28,26.8241,25.7308,27.4875
2020-09-29,26.9026,25.8517,27.4463
2020-09-30,26.0598,24.8571,26.5873
2020-10-01,26.5374,25.0627,27.0841
2020-10-02,26.8168,24.8911,27.4164
2020-10-05,26.2763,23.9449,26.7028
2020-10-06,25.2128,22.8977,25.5624
2020-10-07,24.9744,22.5132,25.2767
2020-10-08,23.98,20.5458,24.3105
2020-10-09,22.2369,17.5915,22.576
2020-10-12,22.2531,21.185,22.287
2020-10-13,22.9396,23.1596,22.935
2020-10-14,23.2425,23.2048,23.2429
2020-10-15,26.8422,,26.8102
2020-10-16,25.3165,,25.348
2020-10-19,26.6186,26.6053,26.499
2020-10-20,27.6293,27.6228,27.5018
2020-10-21,29.4488,29.4586,28.8315
2020-10-22,28.9879,29.0534,28.2547
2020-10-23,28.157,28.1996,27.9108
2020-10-26,31.7557,32.256,30.7076
2020-10-27,32.7397,33.4887,31.5006
2020-10-28,38.2587,39.6039,36.452
2020-10-29,37.5504,38.8157,36.1729
2020-10-30,35.3472,36.4227,34.3885
2020-11-02,35.2329,37.4884,34.0476
2020-11-03,32.763,35.2321,31.6733
2020-11-04,28.0023,29.3196,27.5281
2020-11-05,26.3725,26.5343,26.3254
2020-11-06,25.6153,25.3549,25.6772
2020-11-09,23.8631,25.5097,23.6462
2020-11-10,25.0803,27.209,24.8588
2020-11-11,23.1256,23.0009,23.135
2020-11-12,23.3023,23.0975,23.3138
2020-11-13,23.1431,22.0578,23.1854
2020-11-16,22.3848,24.0035,22.3715
2020-11-17,22.2529,22.91,22.2512
2020-11-18,20.9029,19.9318,20.8933
2020-11-19,21.9714,,21.9446
2020-11-20,21.4393,,21.3791
2020-11-23,22.4894,22.5333,22.3994
2020-11-24,21.3674,21.3068,21.4643
2020-11-25,20.7778,20.6681,20.9182
2020-11-26,20.2346,20.1485,20.3246
2020-11-27,20.0788,20.0867,20.0719
2020-11-30,22.9149,23.8577,22.428
2020-12-01,21.3014,21.9388,21.029
2020-12-02,21.694,22.5713,21.3796
2020-12-03,21.3172,21.6963,21.2061
2020-12-04,20.8186,21.2345,20.7179
2020-12-07,21.4355,22.434,21.3055
2020-12-08,20.5353,21.1159,20.4767
2020-12-09,20.0186,21.2554,19.9213
2020-12-10,20.6617,21.0309,20.6407
2020-12-11,23.6144,27.5215,23.4446
2020-12-14,22.521,27.7358,22.4743
2020-12-15,21.7301,27.5571,21.7132
2020-12-16,21.1372,27.9894,21.1228
2020-12-17,20.5098,,20.433
2020-12-18,21.6252,,21.5211
2020-12-21,27.2641,27.4868,26.7314
2020-12-22,25.2067,25.2638,25.0996
2020-12-23,23.153,22.9216,23.4994
2020-12-28,21.7054,21.1502,22.0465
2020-12-29,22.3828,21.9762,22.5965
2020-12-30,23.369,23.4594,23.3279
2021-01-04,24.8416,26.2125,24.5682
2021-01-05,25.1986,26.7858,24.9363
2021-01-06,21.4423,21.3779,21.4507
2021-01-07,21.0154,20.2906,21.0896
2021-01-08,20.5276,18.7145,20.6695
2021-01-11,21.9797,24.0341,21.9097
2021-01-12,21.9516,22.7023,21.9356
2021-01-13,21.0936,22.5546,21.0763
2021-01-14,19.6932,,20.3055
2021-01-15,22.4344,,22.6763
2021-01-18,21.9472,22.0744,23.0578
2021-01-19,21.749,21.8063,22.8415
2021-01-20,20.2772,20.2513,21.8338
2021-01-21,19.9362,19.7908,21.4758
2021-01-22,21.317,21.1185,22.4255
2021-01-25,26.0059,26.0963,25.82
2021-01-26,23.0994,22.7844,23.5961
2021-01-27,26.7698,26.6665,26.9023
2021-01-28,25.9287,25.5274,26.344
2021-01-29,29.0082,29.0254,28.9933
2021-02-01,27.3261,26.4811,27.7395
2021-02-02,24.0219,22.9003,24.4758
2021-02-03,22.7195,21.3446,23.1797
2021-02-04,21.3726,19.88,21.7859
2021-02-05,20.6436,18.6685,21.0885
2021-02-08,20.4375,18.1249,20.7121
2021-02-09,21.1232,18.9366,21.3283
2021-02-10,22.4678,21.2048,22.5609
2021-02-11,21.2082,19.0081,21.3255
2021-02-12,20.0616,15.9891,20.2074
2021-02-15,20.153,17.8054,20.1708
2021-02-16,20.9294,20.4394,20.9305
2021-02-17,21.829,21.8722,21.8055
2021-02-18,22.5234,,22.4459
2021-02-19,20.4844,,20.2717
2021-02-22,21.6934,21.2795,22.5158
2021-02-23,23.1325,22.8802,23.5317
2021-02-24,21.4258,20.9351,22.0417
2021-02-25,22.0962,21.8779,22.3234
2021-02-26,26.8632,27.345,26.4387
2021-03-01,22.1594,21.9357,22.2706
2021-03-02,21.8134,21.4852,21.9492
2021-03-03,21.6956,21.1304,21.8893
2021-03-04,22.0916,21.5661,22.2414
2021-03-05,25.0782,25.3707,25.0077
2021-03-08,20.8952,20.3187,20.967
2021-03-09,20.2608,18.7525,20.4045
2021-03-10,19.6671,17.9046,19.7948
2021-03-11,18.8846,16.1886,19.0253
2021-03-12,18.7087,14.9179,18.8445
2021-03-15,18.6234,17.4411,18.6326
2021-03-16,17.5488,17.7246,17.5483
2021-03-17,17.5706,19.7491,17.5347
2021-03-18,17.4622,,17.2828
2021-03-19,18.395,,18.099
2021-03-22,17.6826,17.0002,19.1968
2021-03-23,17.5964,16.8085,18.9811
2021-03-24,17.7712,16.9652,18.9265
2021-03-25,18.8836,18.0477,19.8771
2021-03-26,17.1119,16.0518,18.149
2021-03-29,18.348,17.3107,18.9695
2021-03-30,18.4722,17.502,18.9692
2021-03-31,17.9742,17.1929,18.3175
2021-04-01,16.8956,15.336,17.4593
2021-04-06,17.1057,15.8501,17.2974
2021-04-07,16.6645,14.6941,16.9038
2021-04-08,16.1602,13.6882,16.3968
2021-04-09,16.1768,12.426,16.4469
2021-04-12,17.0514,14.9833,17.1145
2021-04-13,16.3085,14.7826,16.339
2021-04-14,16.1903,15.0532,16.203
2021-04-15,15.7081,,16.2541
2021-04-16,16.1131,,16.557
2021-04-19,17.2101,17.3457,18.3859
2021-04-20,21.0797,21.0818,21.121
2021-04-21,19.2813,19.2733,19.7755
2021-04-22,17.7562,17.6673,18.7097
2021-04-23,18.1883,18.0186,19.136
2021-04-26,18.2841,17.9146,19.0171
2021-04-27,19.2123,18.8828,19.7295
2021-04-28,18.377,17.9405,18.9247
2021-04-29,18.8768,18.1829,19.5795
2021-04-30,20.6309,20.2482,20.9566
2021-05-03,19.9314,19.3072,20.2367
2021-05-04,22.8185,22.8759,22.7944
2021-05-05,19.9042,19.0592,20.1905
2021-05-06,20.3775,19.5128,20.621
2021-05-07,18.3838,16.8662,18.7284
2021-05-10,18.5019,17.5728,18.6163
2021-05-11,22.5573,23.8726,22.4223
2021-05-12,23.9387,24.4591,23.8985
2021-05-13,23.3497,23.4008,23.3469
2021-05-14,19.5457,18.5412,19.5848
2021-05-17,21.8052,24.226,21.7847
2021-05-18,21.3082,20.8762,21.3093
2021-05-19,24.4802,27.2937,24.4782
2021-05-20,22.1023,,22.0622
2021-05-21,20.3521,,20.1599
2021-05-24,19.2364,18.713,20.2642
2021-05-25,19.0816,18.4514,20.0515
2021-05-26,18.2823,17.5323,19.2057
2021-05-27,17.8227,17.1065,18.5455
2021-05-28,17.1662,16.249,17.9228
2021-05-31,19.0981,18.6182,19.3339
2021-06-01,18.7726,18.0877,19.0517
2021-06-02,17.8481,16.8663,18.178
2021-06-03,18.2445,16.9919,18.5916
2021-06-04,17.376,15.9022,17.7103
2021-06-07,17.7109,16.3383,17.8774
2021-06-08,17.7247,16.6001,17.8326
2021-06-09,17.2322,16.2692,17.3032
2021-06-10,16.6565,15.2532,16.7321
2021-06-11,15.1511,12.7736,15.2385
2021-06-14,16.0494,16.5514,16.0454
2021-06-15,16.4055,16.655,16.4049
2021-06-16,16.1772,19.3162,16.1522
2021-06-17,17.0804,,16.9694
2021-06-18,20.7634,,20.6892
2021-06-21,19.4847,19.2536,20.0192
2021-06-22,17.5733,16.9816,18.6284
2021-06-23,18.549,18.2489,18.9943
2021-06-24,17.3518,16.7359,18.0909
2021-06-25,16.6823,15.7008,17.6452
2021-06-28,17.6454,16.9762,18.0524
2021-06-29,16.9495,15.8957,17.4853
2021-06-30,18.1849,17.7424,18.3821
2021-07-01,17.7267,16.8329,18.0593
2021-07-02,16.5747,15.2691,16.9793
2021-07-05,16.7545,15.6821,16.9537
2021-07-06,18.1255,17.8085,18.1756
2021-07-07,17.3168,16.0969,17.4691
2021-07-08,19.9652,20.316,19.9283
2021-07-09,17.9506,15.4614,18.1399
2021-07-12,17.9521,18.3351,17.9395
2021-07-13,17.9989,18.8967,17.9796
2021-07-14,17.6841,16.3472,17.6988
2021-07-15,18.642,,19.1805
2021-07-16,19.4537,,19.822
2021-07-19,25.4361,25.3888,25.0105
2021-07-20,24.4923,24.4876,24.3999
2021-07-21,21.5241,21.5132,22.1944
2021-07-22,19.9131,19.8083,21.0355
2021-07-23,17.5527,17.2028,19.4452
2021-07-26,18.5323,17.7334,20.0665
2021-07-27,21.3563,20.8305,22.174
2021-07-28,19.4808,18.5585,20.6087
2021-07-29,19.2556,18.3419,20.1713
2021-07-30,20.9392,20.11,21.6317
2021-08-02,19.8395,18.4126,20.5167
2021-08-03,20.2232,18.4558,20.9183
2021-08-04,19.2129,16.9788,19.9332
2021-08-05,18.2491,15.5763,18.953
2021-08-06,17.8883,14.9772,18.5167
2021-08-09,17.5508,14.0804,17.9426
2021-08-10,17.2752,13.5249,17.6042
2021-08-11,17.038,13.3746,17.285
2021-08-12,16.1073,12.2465,16.2978
2021-08-13,15.8002,10.4811,15.9761
2021-08-16,18.0025,15.4784,18.0213
2021-08-17,18.3901,15.706,18.3965
2021-08-18,18.4705,15.6691,18.4485
2021-08-19,22.1296,,22.0688
2021-08-20,20.1509,,19.9548
2021-08-23,17.8943,17.2184,19.202
2021-08-24,18.0943,17.3091,19.2876
2021-08-25,17.8302,16.8639,19.003
2021-08-26,19.0944,18.3172,19.8785
2021-08-27,17.6003,16.2347,18.7028
2021-08-30,17.498,15.7346,18.3173
2021-08-31,18.7654,17.4965,19.2714
2021-09-01,17.4679,15.832,18.0034
2021-09-02,16.9721,15.0432,17.4911
2021-09-03,18.1919,17.0265,18.4595
2021-09-06,17.5551,15.4282,17.8065
2021-09-07,18.6,16.8012,18.7694
2021-09-08,20.4927,20.68,20.4784
2021-09-09,19.6412,18.8229,19.6863
2021-09-10,20.357,18.8076,20.4165
2021-09-13,20.7429,21.2401,20.7388
2021-09-14,20.4635,20.9244,20.4623
2021-09-15,21.6946,26.125,21.6839
2021-09-16,21.6515,,21.5929
2021-09-17,23.1662,,23.1125
2021-09-20,26.4695,26.4849,26.4332
2021-09-21,25.5096,25.4066,25.701
2021-09-22,22.8073,22.4632,23.3186
2021-09-23,20.6244,19.9416,21.4457
2021-09-24,21.8466,21.562,22.1389
2021-09-27,20.8349,20.1661,21.2435
2021-09-28,24.8941,25.1555,24.7536
2021-09-29,23.9588,23.6712,24.088
2021-09-30,23.2428,22.5456,23.5059
2021-10-01,24.0389,23.2104,24.3034
2021-10-04,25.1857,25.4259,25.139
2021-10-05,22.2252,21.3205,22.366
2021-10-06,24.3318,24.5039,24.3093
2021-10-07,21.0201,19.8826,21.1353
2021-10-08,20.2799,17.7876,20.4711
2021-10-11,20.1795,19.7449,20.1935
2021-10-12,20.7442,21.0447,20.7378
2021-10-13,19.8415,20.0246,19.8394
2021-10-14,16.9918,,17.7388
2021-10-15,16.3486,,17.0591
2021-10-18,17.1324,17.4014,19.4045
2021-10-19,16.2901,16.4182,18.6342
2021-10-20,15.9796,15.9356,18.5167
2021-10-21,16.7516,16.5336,18.9929
2021-10-22,16.4007,15.9979,18.5499
2021-10-25,16.2815,15.3288,18.0735
2021-10-26,16.1505,15.1518,17.6353
2021-10-27,16.9191,15.8622,18.1907
2021-10-28,17.6094,16.639,18.5747
2021-10-29,17.6164,16.6323,18.4264
2021-11-01,17.496,15.9829,18.2064
2021-11-02,16.8576,15.1759,17.5132
2021-11-03,16.4716,14.7926,17.0182
2021-11-04,15.9723,14.0729,16.4816
2021-11-05,16.4029,14.2076,16.8856
2021-11-08,17.1981,14.5196,17.5082
2021-11-09,18.062,15.5499,18.2928
2021-11-10,17.1761,14.3703,17.371
2021-11-11,17.0902,13.8116,17.2566
2021-11-12,16.1449,11.856,16.293
2021-11-15,16.6495,13.706,16.671
2021-11-16,16.7973,14.0184,16.8038
2021-11-17,16.6822,13.949,16.655
2021-11-18,17.7692,,17.6467
2021-11-19,19.1165,,18.9568
2021-11-22,18.8846,18.4802,19.8061
2021-11-23,20.6416,20.4013,21.0831
2021-11-24,20.666,20.3585,21.1231
2021-11-25,19.8777,19.3137,20.5597
2021-11-26,32.3129,34.1228,30.3163
2021-11-29,28.8033,30.3143,27.814
2021-11-30,30.0679,31.4752,29.2901
2021-12-01,26.0164,26.4231,25.8298
2021-12-02,30.469,32.027,29.847
2021-12-03,31.4794,33.0782,30.9394
2021-12-06,30.041,31.2806,29.7958
2021-12-07,24.873,24.8722,24.8731
2021-12-08,24.7079,25.7776,24.5655
2021-12-09,23.5159,24.2221,23.4411
2021-12-10,22.4272,21.8006,22.4779
2021-12-13,23.0184,24.8641,22.9559
2021-12-14,24.418,29.6345,24.2969
2021-12-15,24.7415,36.1102,24.5796
2021-12-16,20.6116,,21.2916
2021-12-17,21.9842,,22.5851
2021-12-20,26.835,26.9393,27.7535
2021-12-21,22.8332,22.9238,24.5437
2021-12-22,21.0421,21.0097,22.9652
2021-12-23,19.0369,18.8168,21.3168
2021-12-27,19.6616,18.8984,21.1361
2021-12-28,19.0728,18.0852,20.5587
2021-12-29,20.1834,19.342,21.2185
2021-12-30,19.2677,18.2829,20.2511
2022-01-03,19.1696,17.9731,19.7414
2022-01-04,18.6397,17.0584,19.2626
2022-01-05,17.7552,15.9414,18.3457
2022-01-06,20.0961,18.8092,20.4537
2022-01-07,20.6232,19.495,20.884
2022-01-10,22.543,22.4493,22.5548
2022-01-11,19.7861,18.9058,19.8715
2022-01-12,18.3029,16.5361,18.4304
2022-01-13,18.4609,16.4379,18.5684
2022-01-14,21.3963,20.6483,21.4257
2022-01-17,20.0374,18.4853,20.0493
2022-01-18,21.9614,23.8679,21.9563
2022-01-19,22.3578,25.6348,22.3386
2022-01-20,20.4033,,20.2769
2022-01-21,24.2216,,24.1248
2022-01-24,32.6811,33.1308,31.7419
2022-01-25,31.453,31.8679,30.7755
2022-01-26,28.3362,28.6666,27.9047
2022-01-27,28.028,28.1695,27.8785
2022-01-28,29.4111,29.5745,29.2689
2022-01-31,27.0084,27.0064,27.0095
2022-02-01,24.0892,23.478,24.3403
2022-02-02,22.6402,21.4387,23.0444
2022-02-03,24.3287,23.1523,24.6589
2022-02-04,26.3008,25.4106,26.5092
2022-02-07,24.2433,22.7366,24.4274
2022-02-08,23.1564,21.1603,23.3455
2022-02-09,21.4117,19.5057,21.5499
2022-02-10,21.8414,19.9288,21.9442
2022-02-11,24.6637,22.9472,24.7299
2022-02-14,30.0547,35.9786,30.0025
2022-02-15,27.055,31.4408,27.0429
2022-02-16,26.6138,29.6131,26.6074
2022-02-17,28.7931,,28.8122
2022-02-18,31.2669,,31.3913
2022-02-21,36.2245,37.1308,34.3478
2022-02-22,32.9766,33.5815,32.0094
2022-02-23,33.4572,34.1292,32.5967
2022-02-24,38.1263,39.5767,36.5905
2022-02-25,32.1184,33.0401,31.3258
2022-02-28,35.293,37.997,33.9203
2022-03-01,41.5796,45.8632,39.7426
2022-03-02,38.7847,42.3999,37.5118
2022-03-03,40.4507,44.817,39.1727
2022-03-04,49.6395,56.681,47.9193
2022-03-07,48.2373,56.7423,47.1587
2022-03-08,45.5607,53.5924,44.7766
2022-03-09,41.497,52.0461,40.6968
2022-03-10,43.3509,53.6043,42.7974
2022-03-11,41.3743,52.4493,40.9636
2022-03-14,40.6415,56.4255,40.5736
2022-03-15,41.1972,56.6732,41.2373
2022-03-16,36.0127,53.3875,36.1474
2022-03-17,32.017,,32.0533
2022-03-18,29.9048,,29.8348
2022-03-21,28.3402,28.164,28.672
2022-03-22,27.484,27.0446,28.1481
2022-03-23,30.7746,30.8503,30.6781
2022-03-24,31.1577,31.5853,30.6974
2022-03-25,32.2262,32.8909,31.6207
2022-03-28,30.5027,30.8133,30.3314
2022-03-29,26.582,26.793,26.4831
2022-03-30,28.1001,28.4132,27.9749
2022-03-31,28.9898,29.3875,28.8546
2022-04-01,28.5011,28.3533,28.5431
2022-04-04,26.725,26.3126,26.793
2022-04-05,29.1551,28.6104,29.2286
2022-04-06,32.238,31.9791,32.2664
2022-04-07,32.5322,32.8701,32.5026
2022-04-08,30.7314,31.2633,30.6954
2022-04-11,30.2283,31.115,30.2076
2022-04-12,30.0143,32.6428,29.9789
2022-04-13,28.843,,29.1496
2022-04-14,26.7531,,27.1664
2022-04-19,27.4395,27.4807,28.2339
2022-04-20,24.9786,24.956,26.3496
2022-04-21,24.5398,24.4244,25.778
2022-04-22,28.345,28.2448,28.9148
2022-04-25,31.4602,31.5821,31.2097
2022-04-26,32.7093,32.8759,32.4402
2022-04-27,32.7446,33.0023,32.4094
2022-04-28,31.2799,31.2268,31.3357
2022-04-29,30.7732,30.515,30.9951
2022-05-02,34.0677,34.3283,33.9365
2022-05-03,31.3834,31.1888,31.4645
2022-05-04,31.2319,31.5088,31.1348
2022-05-05,32.7671,33.674,32.4997
2022-05-06,32.8001,32.7043,32.823
2022-05-09,35.9089,37.059,35.7605
2022-05-10,35.0146,36.0882,34.9061
2022-05-11,31.1216,30.7727,31.148
2022-05-12,32.3962,32.8108,32.3727
2022-05-13,29.1149,27.372,29.1825
2022-05-16,28.2178,29.261,28.2093
2022-05-17,26.2385,26.8076,26.2371
2022-05-18,27.6329,31.9381,27.615
2022-05-19,29.4669,,29.3978
2022-05-20,28.6575,,28.5584
2022-05-23,27.5784,27.3133,28.1126
2022-05-24,28.6123,28.2576,29.1724
2022-05-25,27.4222,27.0355,27.9126
2022-05-26,25.6642,25.1094,26.2347
2022-05-27,23.8505,22.9303,24.6198
2022-05-30,23.726,22.9894,24.0864
2022-05-31,25.249,24.8179,25.4272
2022-06-01,25.4388,25.2097,25.5183
2022-06-02,23.3885,22.8198,23.5506
2022-06-03,23.3949,22.2833,23.653
2022-06-06,22.97,22.8035,22.991
2022-06-07,23.5931,23.4025,23.6119
2022-06-08,23.1306,23.2467,23.1217
2022-06-09,23.9731,24.6165,23.9363
2022-06-10,27.6629,29.5786,27.5836
2022-06-13,31.8085,39.2662,31.7417
2022-06-14,31.5667,39.2982,31.5446
2022-06-15,30.0721,43.337,30.0719
2022-06-16,32.5946,,32.5993
2022-06-17,30.893,,30.8552
2022-06-20,28.5896,28.3673,29.1072
2022-06-21,28.1129,27.9182,28.4729
2022-06-22,28.6815,28.5202,28.924
2022-06-23,29.209,29.222,29.1929
2022-06-24,27.7689,27.6618,27.8797
2022-06-27,27.0179,26.8373,27.1306
2022-06-28,26.6834,26.3317,26.8691
2022-06-29,28.1127,27.7667,28.2682
2022-06-30,29.7804,29.8892,29.7383
2022-07-01,28.7616,28.0761,28.9819
2022-07-04,28.3185,27.8519,28.4076
2022-07-05,31.604,32.7229,31.422
2022-07-06,30.108,30.4144,30.0679
2022-07-07,28.317,27.6492,28.3858
2022-07-08,27.5514,25.3255,27.7263
2022-07-11,28.8668,29.8952,28.8327
2022-07-12,29.2615,30.8403,29.2276
2022-07-13,29.8522,31.9812,29.8267
2022-07-14,31.8165,,31.8103
2022-07-15,28.8183,,29.0411
2022-07-18,29.0637,29.1145,29.514
2022-07-19,26.7194,26.7678,27.6498
2022-07-20,27.4017,27.3884,28.2239
2022-07-21,25.5535,25.4295,26.8842
2022-07-22,24.0588,23.7252,25.8953
2022-07-25,24.5311,23.9381,25.7007
2022-07-26,25.5671,24.8746,26.6406
2022-07-27,24.0433,23.0728,25.239
2022-07-28,22.5542,21.2621,23.8368
2022-07-29,22.3049,21.0198,23.3609
2022-08-01,22.9625,21.696,23.5711
2022-08-02,23.7725,22.5448,24.2676
2022-08-03,22.3417,20.613,22.9139
2022-08-04,22.4518,20.531,22.9783
2022-08-05,22.8536,20.4636,23.3889
2022-08-08,22.0847,19.4607,22.3952
2022-08-09,23.284,21.0478,23.4945
2022-08-10,21.7894,18.9343,21.9914
2022-08-11,21.6517,18.3084,21.825
2022-08-12,21.2132,17.1937,21.3583
2022-08-15,21.5858,18.2841,21.6102
2022-08-16,21.3365,18.8031,21.3426
2022-08-17,22.7453,22.6979,22.7214
2022-08-18,22.667,,22.5354
2022-08-19,24.5809,,24.3816
2022-08-22,27.3682,27.1899,27.7844
2022-08-23,26.9246,26.6287,27.469
2022-08-24,25.4513,24.9421,26.2036
2022-08-25,24.719,24.1431,25.4191
2022-08-26,26.6601,26.2323,27.0978
2022-08-29,28.4642,28.5292,28.4234
2022-08-30,28.3703,28.4067,28.3509
2022-08-31,27.9451,27.9804,27.9292
2022-09-01,29.1451,29.1719,29.1347
2022-09-02,25.5031,24.3801,25.8592
2022-09-05,27.7853,28.4918,27.6469
2022-09-06,27.3521,27.9244,27.2598
2022-09-07,27.1301,27.8513,27.0349
2022-09-08,25.9173,25.6789,25.9421
2022-09-09,24.8838,23.735,24.9758
2022-09-12,24.6249,26.6532,24.5561
2022-09-13,26.041,29.3242,25.9679
2022-09-14,26.2438,30.29,26.1934
2022-09-15,25.3479,,25.8454
2022-09-16,26.4308,,26.8134
2022-09-19,26.1866,26.296,27.1477
2022-09-20,27.1557,27.1873,27.7662
2022-09-21,27.2697,27.2597,27.8863
2022-09-22,27.9968,27.9207,28.8227
2022-09-23,29.9959,29.8866,30.6175
2022-09-26,30.7535,30.5967,31.0716
2022-09-27,31.3224,31.243,31.4494
2022-09-28,31.3435,31.203,31.5236
2022-09-29,33.0733,32.9628,33.1891
2022-09-30,30.7092,30.1671,31.1711
2022-10-03,30.7147,30.4068,30.8677
2022-10-04,29.2679,28.9792,29.3878
2022-10-05,29.8599,29.4971,29.9854
2022-10-06,29.1714,28.8136,29.2742
2022-10-07,29.9234,29.0332,30.1324
2022-10-10,31.8717,32.4691,31.7952
2022-10-11,32.0131,32.894,31.9242
2022-10-12,31.8224,33.5047,31.6907
2022-10-13,30.2048,30.4384,30.1916
2022-10-14,29.766,29.4437,29.7788
2022-10-17,29.2711,31.2055,29.2551
2022-10-18,28.9165,29.942,28.9138
2022-10-19,28.302,27.7453,28.2899
2022-10-20,27.7451,,27.6846
2022-10-21,27.8325,,27.6949
2022-10-24,28.6794,28.5371,28.9679
2022-10-25,27.6175,27.3902,27.9784
2022-10-26,26.9479,26.8012,27.1359
2022-10-27,25.8725,25.6398,26.1147
2022-10-28,24.8904,24.4415,25.2728
2022-10-31,24.8305,24.4395,25.024
2022-11-01,24.4661,24.1448,24.5993
2022-11-02,24.7005,24.6632,24.7134
2022-11-03,23.7706,23.0981,23.9618
2022-11-04,22.9051,22.0267,23.1102
2022-11-07,22.6633,22.0078,22.745
2022-11-08,22.6103,22.3298,22.638
2022-11-09,23.2437,22.7173,23.2832
2022-11-10,21.3192,20.7739,21.3496
2022-11-11,20.7775,18.3557,20.8685
2022-11-14,20.9416,20.5331,20.9449
2022-11-15,20.8552,20.727,20.8555
2022-11-16,21.1698,22.2243,21.153
2022-11-17,21.8159,,21.7479
2022-11-18,20.8843,,20.7319
2022-11-21,21.1749,20.887,21.839
2022-11-22,20.2196,19.7989,20.9829
2022-11-23,19.5057,18.944,20.3266
2022-11-24,19.563,18.973,20.2749
2022-11-25,19.9294,19.405,20.4606
2022-11-28,21.523,21.4036,21.5975
2022-11-29,21.7003,21.6362,21.7344
2022-11-30,21.2104,21.1587,21.2337
2022-12-01,20.3191,19.9513,20.4591
2022-12-02,19.3283,18.6224,19.5534
2022-12-05,19.8221,19.6824,19.8489
2022-12-06,20.81,21.3634,20.7204
2022-12-07,22.0265,23.8035,21.785
2022-12-08,21.7925,23.6541,21.589
2022-12-09,21.3964,22.6546,21.2897
2022-12-12,22.538,29.4077,22.2791
2022-12-13,20.3898,26.1012,20.253
2022-12-14,20.34,31.3589,20.1776
2022-12-15,20.8424,,21.3685
2022-12-16,21.3153,,21.8009
2022-12-19,20.6049,20.7821,22.1383
2022-12-20,20.6949,20.7714,22.1419
2022-12-21,19.0621,19.0356,20.6468
2022-12-22,19.962,19.8298,21.3669
2022-12-23,20.0402,19.794,21.4031
2022-12-27,20.6586,20.137,21.4692
2022-12-28,20.5078,19.9328,21.2259
2022-12-29,19.9315,19.2585,20.6149
2022-12-30,20.8862,20.0711,21.5673
2023-01-02,20.7701,20.2094,21.0452
2023-01-03,20.2765,19.3869,20.6372
2023-01-04,19.4454,18.3603,19.8098
2023-01-05,19.5317,18.302,19.8736
2023-01-06,18.4877,17.2643,18.7684
2023-01-09,18.9985,18.2045,19.0968
2023-01-10,19.2536,18.5382,19.3233
2023-01-11,19.34,19.2669,19.3456
2023-01-12,17.9438,16.3755,18.0281
2023-01-13,17.3436,14.1457,17.4594
2023-01-16,18.3479,16.4972,18.3619
2023-01-17,18.6197,18.1454,18.6209
2023-01-18,18.1208,16.9834,18.1032
2023-01-19,20.2982,,20.2352
2023-01-20,18.6835,,18.5172
2023-01-23,18.1635,17.7917,18.9009
2023-01-24,18.0648,17.6437,18.7207
2023-01-25,18.4243,18.0222,18.93
2023-01-26,18.1732,17.7971,18.5601
2023-01-27,17.2871,16.6847,17.7924
2023-01-30,18.7467,18.4356,18.9005
2023-01-31,18.5683,18.3765,18.6479
2023-02-01,18.6992,18.5798,18.7406
2023-02-02,16.6712,15.9068,16.8862
2023-02-03,16.7597,15.4375,17.0608
2023-02-06,18.6439,18.4418,18.6693
2023-02-07,18.7636,18.0896,18.8292
2023-02-08,18.7222,17.8253,18.7887
2023-02-09,18.1667,16.8256,18.2394
2023-02-10,20.4681,20.1807,20.4795
2023-02-13,19.7867,21.7092,19.7706
2023-02-14,18.8976,20.4448,18.8935
2023-02-15,17.6154,17.5045,17.6017
2023-02-16,18.0518,,17.9936
2023-02-17,19.2298,,19.1368
2023-02-20,19.5281,19.361,19.9171
2023-02-21,20.8943,20.8024,21.0649
2023-02-22,21.1761,21.1635,21.1952
2023-02-23,20.2369,20.0966,20.4104
2023-02-24,21.6716,21.8323,21.5033
2023-02-27,19.9638,19.8622,20.0272
2023-02-28,19.5006,19.4532,19.526
2023-03-01,20.108,20.2311,20.0519
2023-03-02,19.6692,19.7124,19.6526
2023-03-03,18.1167,17.8728,18.1956
2023-03-06,17.8713,18.1238,17.8222
2023-03-07,18.4278,19.2474,18.2938
2023-03-08,18.0585,19.0275,17.9289
2023-03-09,18.0178,19.4921,17.8569
2023-03-10,21.1744,24.1604,20.9103
2023-03-13,25.8606,37.7453,25.3808
2023-03-14,22.7609,29.1377,22.6081
2023-03-15,32.0183,52.6541,31.7016
2023-03-16,26.6513,,26.5511
2023-03-17,30.0367,,29.7481
2023-03-20,28.432,28.3602,27.7837
2023-03-21,24.1126,24.1195,24.2481
2023-03-22,22.246,22.236,22.8627
2023-03-23,21.5715,21.4996,22.3501
2023-03-24,24.8848,24.765,25.5641
2023-03-27,23.0631,22.8158,23.5603
2023-03-28,22.0865,21.7528,22.6116
2023-03-29,20.4,19.8316,21.1099
2023-03-30,19.7826,19.0139,20.5595
2023-03-31,19.4246,18.4851,20.2032
2023-04-03,19.0905,17.7882,19.7102
2023-04-04,19.0203,17.57,19.595
2023-04-05,19.935,18.5003,20.4115
2023-04-06,19.123,17.3933,19.5954
2023-04-11,18.8152,17.4311,18.9472
2023-04-12,18.6254,16.6228,18.7689
2023-04-13,17.6441,15.3916,17.7627
2023-04-14,16.4374,12.7575,16.5676
2023-04-17,17.4568,16.1173,17.467
2023-04-18,16.8952,15.5085,16.8985
2023-04-19,16.9332,14.8779,16.9039
2023-04-20,17.727,,17.5817
2023-04-21,17.0847,,16.7609
2023-04-24,17.1568,16.3308,18.7323
2023-04-25,17.9256,17.0974,19.1801
2023-04-26,18.7788,18.0302,19.7016
2023-04-27,18.1786,17.2244,19.1301
2023-04-28,17.4304,16.2525,18.3897
2023-05-02,20.5692,19.7348,20.9084
2023-05-03,19.9433,19.3582,20.1433
2023-05-04,20.8326,19.8372,21.1122
2023-05-05,18.2847,15.9552,18.799
2023-05-08,18.0706,15.6475,18.3548
2023-05-09,18.9217,16.4414,19.1506
2023-05-10,18.6652,16.0041,18.8522
2023-05-11,18.5578,15.7441,18.7039
2023-05-12,17.0094,12.7251,17.1585
2023-05-15,17.1689,15.0935,17.1845
2023-05-16,16.8808,15.5241,16.8841
2023-05-17,16.9505,14.7137,16.9282
2023-05-18,15.6599,,15.5199
2023-05-19,15.715,,15.4838
2023-05-22,16.3133,15.8784,17.2962
2023-05-23,17.6691,17.3725,18.2103
2023-05-24,20.93,21.0429,20.7578
2023-05-25,19.8595,19.7885,19.9479
2023-05-26,17.5971,17.0584,18.1404
2023-05-29,17.868,17.4592,18.1197
2023-05-30,17.9576,17.6706,18.1087
2023-05-31,19.9817,20.3978,19.7901
2023-06-01,17.0,17.0,17.0
2023-06-02,16.0329,15.2082,16.2932
2023-06-05,16.1174,15.3532,16.2608
2023-06-06,15.3988,14.484,15.5396
2023-06-07,15.3277,14.5339,15.4278
2023-06-08,15.0986,14.545,15.1552
2023-06-09,14.9894,13.7397,15.0874
2023-06-12,15.1847,16.4223,15.1427
2023-06-13,14.7763,16.6936,14.7335
2023-06-14,14.2258,18.064,14.1754
2023-06-15,13.7205,,14.2845
2023-06-16,13.0737,,13.6176
2023-06-19,14.2158,14.3893,15.6982
2023-06-20,14.6542,14.7269,16.0158
2023-06-21,14.3982,14.3757,15.7395
2023-06-22,14.8578,14.7461,16.0391
2023-06-23,15.3519,15.13,16.5713
2023-06-26,15.8789,15.546,16.5385
2023-06-27,15.2039,14.7467,15.9102
2023-06-28,14.213,13.5594,15.0134
2023-06-29,14.252,13.5743,14.9311
2023-06-30,13.6139,12.8124,14.2718
2023-07-03,13.6529,12.5481,14.1737
2023-07-04,14.1015,12.7975,14.6124
2023-07-05,15.2945,14.6301,15.5195
2023-07-06,19.2277,19.4338,19.1677
2023-07-07,17.5374,17.185,17.6206
2023-07-10,17.5041,17.3862,17.5189
2023-07-11,16.5671,16.4111,16.5825
2023-07-12,15.1849,14.9304,15.2041
2023-07-13,15.0485,14.184,15.0958
2023-07-14,14.7973,12.9321,14.8671
2023-07-17,15.8316,15.5038,15.8342
2023-07-18,15.506,14.9429,15.5074
2023-07-19,15.9653,15.9251,15.9527
2023-07-20,15.6917,,15.6197
2023-07-21,14.9422,,14.7581
2023-07-24,15.534,15.2171,16.1624
2023-07-25,15.4793,15.0599,16.1296
2023-07-26,16.0997,15.7388,16.5532
2023-07-27,14.9653,14.5574,15.3823
2023-07-28,15.2189,14.7113,15.6454
2023-07-31,16.2264,16.0603,16.3089
2023-08-01,17.1896,16.8811,17.3171
2023-08-02,19.7059,19.9375,19.6245
2023-08-03,19.6507,19.6164,19.6606
2023-08-04,18.3516,17.9426,18.4481
2023-08-07,18.6231,18.3226,18.6609
2023-08-08,19.5393,19.5463,19.5386
2023-08-09,18.9796,19.2085,18.962
2023-08-10,18.0764,18.4438,18.0555
2023-08-11,18.3746,17.1772,18.4209
2023-08-14,18.0529,19.2338,18.0432
2023-08-15,18.8579,20.5137,18.8535
2023-08-16,18.5509,20.0839,18.542
2023-08-17,20.3539,,20.3436
2023-08-18,20.2456,,20.1939
2023-08-21,19.8367,19.7101,20.1322
2023-08-22,19.1293,18.9792,19.4064
2023-08-23,18.4996,18.3425,18.735
2023-08-24,18.9039,18.7844,19.052
2023-08-25,18.4734,18.216,18.7373
2023-08-28,17.8175,17.6724,17.9079
2023-08-29,16.7835,16.6407,16.8591
2023-08-30,16.5618,16.3871,16.6405
2023-08-31,16.0638,15.6652,16.2147
2023-09-01,15.9449,15.6024,16.0552
2023-09-04,16.6633,17.0515,16.5874
2023-09-05,16.3543,16.4348,16.3416
2023-09-06,16.8029,17.2173,16.7482
2023-09-07,16.9887,17.4761,16.9371
2023-09-08,16.1558,16.1398,16.1571
2023-09-11,16.2321,19.3083,16.1222
2023-09-12,16.5155,20.7407,16.4155
2023-09-13,16.5042,23.1483,16.4117
2023-09-14,14.7497,,15.0624
2023-09-15,14.7262,,15.049
2023-09-18,16.1549,16.2329,16.8393
2023-09-19,16.3475,16.3775,16.9246
2023-09-20,15.4074,15.3964,16.0788
2023-09-21,17.1195,17.0737,17.6177
2023-09-22,16.9607,16.8921,17.3506
2023-09-25,19.0808,19.133,18.9736
2023-09-26,19.7747,19.8743,19.6137
2023-09-27,19.5113,19.4693,19.5655
2023-09-28,18.8228,18.7601,18.8885
2023-09-29,17.4704,17.2095,17.6932
2023-10-02,18.9158,19.1661,18.7893
2023-10-03,20.1991,20.3443,20.1381
2023-10-04,20.2158,20.3862,20.156
2023-10-05,19.656,19.604,19.671
2023-10-06,18.6464,18.2161,18.7479
2023-10-09,20.2398,20.8664,20.159
2023-10-10,18.6124,19.8179,18.4883
2023-10-11,17.7664,18.3639,17.7201
2023-10-12,17.1634,16.9513,17.1752
2023-10-13,20.1795,22.3409,20.0882
2023-10-16,19.9156,23.3606,19.8856
2023-10-17,19.8746,22.8963,19.8663
2023-10-18,21.6373,25.413,21.6435
2023-10-19,22.3032,,22.3323
2023-10-20,23.3334,,23.3257
2023-10-23,21.935,21.8378,22.1325
2023-10-24,20.988,20.8877,21.1479
2023-10-25,20.5753,20.4819,20.6951
2023-10-26,21.5031,21.3952,21.616
2023-10-27,20.7887,20.6003,20.9503
2023-10-30,20.949,20.9751,20.9359
2023-10-31,19.7076,19.528,19.7822
2023-11-01,18.6508,18.4195,18.7308
2023-11-02,17.7337,17.2933,17.8592
2023-11-03,16.8411,16.1586,17.0003
2023-11-06,16.8258,16.6748,16.8448
2023-11-07,16.6816,16.049,16.7432
2023-11-08,16.0477,15.4303,16.0936
2023-11-09,15.7657,14.8088,15.8179
2023-11-10,16.0383,14.8646,16.0835
2023-11-13,15.8653,17.529,15.8512
2023-11-14,15.0266,15.5754,15.0251
2023-11-15,14.8085,15.1819,14.8027
2023-11-16,14.6829,,14.6282
2023-11-17,13.8479,,13.7125
2023-11-20,14.0106,13.7635,14.5772
2023-11-21,14.065,13.7546,14.6273
2023-11-22,13.4844,13.0788,14.0764
2023-11-23,13.6417,13.1654,14.2136
2023-11-24,13.3953,12.8289,13.9599
2023-11-27,14.0274,13.5962,14.2912
2023-11-28,14.1716,13.7744,14.3789
2023-11-29,14.1975,13.7986,14.3748
2023-11-30,13.815,13.2058,14.0427
2023-12-01,13.5043,12.7874,13.7303
2023-12-04,14.1209,13.7508,14.1912
2023-12-05,13.9983,13.5875,14.0626
2023-12-06,14.0777,14.145,14.0689
2023-12-07,14.2078,13.7426,14.2555
2023-12-08,13.7018,13.3196,13.7327
2023-12-11,13.7103,15.4495,13.65
2023-12-12,13.205,15.1003,13.1624
2023-12-13,13.4963,18.6297,13.4256
2023-12-14,12.4532,,12.977
2023-12-15,12.1242,,12.6835
2023-12-18,12.9116,13.0929,14.4506
2023-12-19,12.8278,12.9163,14.4599
2023-12-20,12.7353,12.7066,14.4146
2023-12-21,13.5946,13.4611,14.9888
2023-12-22,13.5645,13.317,14.9093
2023-12-27,13.4324,12.8031,14.2024
2023-12-28,13.5156,12.8989,14.1347
2023-12-29,13.5747,12.7922,14.2177
2024-01-02,14.4914,13.867,14.7447
2024-01-03,15.4904,15.1839,15.5959
2024-01-04,14.3099,13.8106,14.4513
2024-01-05,14.1189,13.4694,14.2698
2024-01-08,14.0017,13.5358,14.0596
2024-01-09,13.6966,12.8926,13.7739
2024-01-10,13.392,12.6155,13.4492
2024-01-11,13.9196,13.4494,13.9457
2024-01-12,13.4234,12.0664,13.4748
2024-01-15,14.1101,14.7635,14.1047
2024-01-16,14.1507,15.3204,14.1476
2024-01-17,15.082,16.9879,15.0746
2024-01-18,14.5083,,14.461
2024-01-19,14.172,,14.0545
2024-01-22,13.8453,13.5934,14.3464
2024-01-23,13.5791,13.2966,14.0205
2024-01-24,13.4592,13.1587,13.8369
2024-01-25,13.5755,13.1242,14.0341
2024-01-26,13.6074,13.0629,14.062
2024-01-29,14.0569,13.5401,14.3086
2024-01-30,14.1062,13.5489,14.3329
2024-01-31,14.8188,14.4545,14.9437
2024-02-01,14.8059,14.2618,14.9598
2024-02-02,14.0448,12.9334,14.2977
2024-02-05,14.1586,12.9487,14.3046
2024-02-06,13.6148,12.2715,13.7412
2024-02-07,13.6403,12.4623,13.7258
2024-02-08,13.7628,12.509,13.8301
2024-02-09,13.9901,13.001,14.0282
2024-02-12,14.3637,14.9676,14.3587
2024-02-13,15.0271,15.1423,15.0268
2024-02-14,14.4442,13.5091,14.4337
2024-02-15,14.3226,,14.2642
2024-02-16,13.7871,,13.6406
2024-02-19,14.0778,13.8654,14.5667
2024-02-20,14.2001,13.8779,14.7832
2024-02-21,14.5517,14.2923,14.9358
2024-02-22,13.8143,13.4732,14.2283
2024-02-23,13.6956,13.2496,14.1446
2024-02-26,13.4373,12.8968,13.7655
2024-02-27,13.3586,12.8137,13.6401
2024-02-28,13.8643,13.4072,14.0666
2024-02-29,13.7832,13.5425,13.8749
2024-03-01,13.7842,13.5678,13.8542
2024-03-04,13.7474,13.6967,13.7572
2024-03-05,14.6918,15.1157,14.6231
2024-03-06,14.1614,14.4164,14.1279
2024-03-07,13.9026,13.8894,13.9039
2024-03-08,13.7211,13.1445,13.7673
2024-03-11,14.7303,16.658,14.6634
2024-03-12,13.6807,14.8786,13.6545
2024-03-13,13.1363,14.3585,13.1215
2024-03-14,13.3153,,13.7451
2024-03-15,13.3135,,13.7105
2024-03-18,13.4411,13.5609,14.4762
2024-03-19,13.1173,13.1704,14.1178
2024-03-20,12.9557,12.9398,13.9081
2024-03-21,12.1808,12.0701,13.3427
2024-03-22,12.4209,12.2264,13.4862
2024-03-25,12.4948,12.0452,13.3665
2024-03-26,12.4541,11.9427,13.2335
2024-03-27,12.8635,12.3755,13.4663
2024-03-28,13.3781,13.0029,13.7615
2024-04-02,15.1815,15.1335,15.2015
2024-04-03,14.2498,13.8763,14.3777
2024-04-04,13.6866,13.0675,13.8608
2024-04-05,16.1199,16.8311,15.9451
2024-04-08,15.5231,16.5261,15.3913
2024-04-09,16.3013,17.8195,16.1426
2024-04-10,15.9059,17.496,15.7784
2024-04-11,16.7012,18.2656,16.6086
2024-04-12,18.7948,21.8897,18.6603
2024-04-15,18.5184,23.6781,18.4713
2024-04-16,19.6253,25.1796,19.6091
2024-04-17,18.4714,21.9865,18.4716
2024-04-18,17.5161,,17.4999
2024-04-19,18.1885,,18.168
2024-04-22,17.1142,17.0448,17.2769
2024-04-23,15.7948,15.6806,16.0059
2024-04-24,15.6176,15.4315,15.8951
2024-04-25,16.3578,16.2573,16.4825
2024-04-26,15.2644,14.9913,15.5433
2024-04-29,15.1077,14.9287,15.2188
2024-04-30,15.5652,15.6337,15.5285
2024-05-02,15.4322,15.3418,15.4668
2024-05-03,14.4388,13.6931,14.6742
2024-05-06,14.299,13.9239,14.3703
2024-05-07,14.0852,13.4336,14.1863
2024-05-08,13.7213,12.9511,13.8183
2024-05-09,13.4636,12.2491,13.5841
2024-05-10,13.6018,12.4644,13.691
2024-05-13,13.924,14.4147,13.9078
2024-05-14,13.9554,15.3073,13.9257
2024-05-15,13.0905,13.2883,13.0882
2024-05-16,12.7936,,13.0708
2024-05-17,12.1346,,12.4484
2024-05-20,12.442,12.5185,13.1092
2024-05-21,12.5421,12.5737,13.1464
2024-05-22,12.7432,12.7353,13.2272
2024-05-23,12.5152,12.4573,13.1374
2024-05-24,12.6094,12.5006,13.218
2024-05-27,12.8844,12.701,13.2513
2024-05-28,13.3141,13.1456,13.58
2024-05-29,14.0762,13.9733,14.2076
2024-05-30,13.9805,13.8318,14.135
2024-05-31,14.1384,14.005,14.2529
2024-06-03,14.0593,14.1248,14.0264
2024-06-04,14.7419,15.1025,14.5884
2024-06-05,13.9334,14.2398,13.825
2024-06-06,13.3388,13.3109,13.3469
2024-06-07,13.2861,13.1563,13.317
2024-06-10,14.5074,14.591,14.4968
2024-06-11,15.7607,16.1666,15.7197
2024-06-12,14.7719,14.3391,14.8043
2024-06-13,16.751,17.4582,16.7103
2024-06-14,19.8691,19.6061,19.8795
2024-06-17,19.9106,22.1929,19.8914
2024-06-18,18.604,18.7855,18.6035
2024-06-19,18.5209,18.6637,18.5326
2024-06-20,17.7544,,17.8018
2024-06-21,17.6045,,17.653
2024-06-24,17.3846,17.618,16.8974
2024-06-25,18.0399,18.4,17.4465
2024-06-26,18.98,19.6178,18.1251
2024-06-27,19.0601,19.9507,18.0771
2024-06-28,18.2969,19.1885,17.4879
2024-07-01,15.8952,16.5535,15.5551
2024-07-02,15.8831,16.6854,15.5352
2024-07-03,14.8321,15.5786,14.5629
2024-07-04,14.6177,15.2651,14.4248
2024-07-05,14.4265,15.0146,14.2823
2024-07-08,13.2924,13.1672,13.3081
2024-07-09,14.5967,15.4381,14.5104
2024-07-10,13.8688,14.1802,13.8449
2024-07-11,13.4169,12.6219,13.4603
2024-07-12,13.0602,12.1142,13.0966
2024-07-15,13.5933,15.4957,13.577
2024-07-16,13.865,16.9205,13.8563
2024-07-17,14.5472,18.6039,14.5372
2024-07-18,15.7337,,15.7196
2024-07-19,16.5217,,16.4814
2024-07-22,15.6897,15.5876,15.9279
2024-07-23,14.8035,14.6251,15.1311
2024-07-24,16.0622,15.9373,16.2496
2024-07-25,16.93,16.8919,16.9774
2024-07-26,16.1458,16.1323,16.1598
2024-07-29,16.8293,17.026,16.7048
2024-07-30,16.5329,16.6354,16.4779
2024-07-31,15.7434,15.6183,15.7998
2024-08-01,18.1194,18.8054,17.8481
2024-08-02,24.5189,27.4343,23.4887
2024-08-05,31.1676,35.9468,30.1582
2024-08-06,25.0676,26.6758,24.8017
2024-08-07,20.7485,20.3604,20.7984
2024-08-08,21.6299,21.7069,21.6219
2024-08-09,20.4295,19.9105,20.4716
2024-08-12,19.2927,22.8846,19.1646
2024-08-13,18.3433,20.3918,18.2978
2024-08-14,16.7631,16.6717,16.7642
2024-08-15,15.3092,,15.5138
2024-08-16,14.5006,,14.8122
2024-08-19,14.9168,15.006,15.696
2024-08-20,15.46,15.4951,16.1314
2024-08-21,15.4752,15.4648,16.1141
2024-08-22,16.0105,15.9586,16.5727
2024-08-23,15.307,15.1885,15.9721
2024-08-26,15.6627,15.476,16.0376
2024-08-27,15.4568,15.2329,15.8097
2024-08-28,15.5896,15.2935,15.9631
2024-08-29,15.2338,14.8451,15.632
2024-08-30,15.2695,14.9513,15.5399
2024-09-02,15.4132,15.1618,15.5376
2024-09-03,17.3374,17.3777,17.3206
2024-09-04,19.8664,20.4941,19.6429
2024-09-05,20.0497,20.8343,19.8167
2024-09-06,22.5849,24.8525,22.0082
2024-09-09,20.2293,22.0222,19.9907
2024-09-10,19.5428,21.0326,19.3885
2024-09-11,19.5984,21.21,19.4703
2024-09-12,17.533,17.6683,17.5253
2024-09-13,16.0523,14.9534,16.0947
2024-09-16,17.1151,19.1368,17.0979
2024-09-17,16.5794,20.163,16.5692
2024-09-18,17.0601,25.3828,17.0389
2024-09-19,15.4193,,15.2687
2024-09-20,16.1859,,15.9496
2024-09-23,16.3693,15.8564,17.3705
2024-09-24,16.02,15.3642,17.0196
2024-09-25,16.2155,15.4841,17.1121
2024-09-26,16.3795,15.5573,17.2013
2024-09-27,15.9531,14.8316,16.8643
2024-09-30,18.0646,17.0292,18.5614
2024-10-01,21.1034,21.2456,21.0437
2024-10-02,19.8893,19.304,20.0894
2024-10-03,21.2197,20.9793,21.2887
2024-10-04,20.2536,19.2029,20.497
2024-10-07,20.2201,19.5034,20.3093
2024-10-08,20.2825,18.6789,20.435
2024-10-09,19.3657,17.5103,19.4997
2024-10-10,19.1896,16.7506,19.3181
2024-10-11,18.4665,15.0517,18.59
2024-10-14,17.6747,16.0616,17.687
2024-10-15,18.5964,18.4554,18.5968
2024-10-16,19.2128,16.6018,19.2123
2024-10-17,18.2664,,18.2451
2024-10-18,17.2509,,17.1744
2024-10-21,18.8489,18.8219,18.9122
2024-10-22,18.6169,18.5553,18.7315
2024-10-23,18.9938,18.9737,19.0243
2024-10-24,19.1718,19.1569,19.1905
2024-10-25,18.9165,18.9813,18.8488
2024-10-28,18.6585,18.8694,18.5249
2024-10-29,18.9945,19.561,18.6856
2024-10-30,19.9312,20.855,19.4979
2024-10-31,21.7302,23.0753,21.1892
2024-11-01,21.094,22.5737,20.5877
2024-11-04,20.9586,23.3433,20.4664
2024-11-05,19.8481,22.9183,19.3139
2024-11-06,18.4866,20.9268,18.1454
2024-11-07,16.7384,17.0737,16.7031
2024-11-08,16.7768,16.407,16.8068
2024-11-11,16.7866,18.4711,16.7289
2024-11-12,17.9442,21.9923,17.8496
2024-11-13,17.6841,21.1217,17.6405
2024-11-14,17.1048,,17.0204
2024-11-15,17.2116,,17.216
2024-11-18,17.7887,17.7582,17.5128
2024-11-19,19.2251,19.2109,18.9482
2024-11-20,20.0581,20.0662,19.5406
2024-11-21,18.952,18.9769,18.6744
2024-11-22,17.9689,17.9698,17.9639
2024-11-25,17.2061,17.2754,17.0634
2024-11-26,17.7285,17.9005,17.4488
2024-11-27,18.2979,18.619,17.8758
2024-11-28,17.5996,17.9244,17.2517
2024-11-29,16.9607,17.3105,16.6519
2024-12-02,17.1832,18.0372,16.7392
2024-12-03,16.4656,17.0228,16.227
2024-12-04,15.8362,16.4045,15.6331
2024-12-05,15.0065,15.0299,14.9997
2024-12-06,14.4806,14.276,14.5291
2024-12-09,14.6755,14.9547,14.6397
2024-12-10,15.1765,15.5047,15.1435
2024-12-11,14.0708,13.6905,14.0993
2024-12-12,13.8367,12.9966,13.8825
2024-12-13,13.7514,11.7948,13.8239
2024-12-16,14.4233,14.1902,14.4252
2024-12-17,14.574,14.3089,14.5747
2024-12-18,14.5245,14.8034,14.4979
2024-12-19,18.6281,,18.5802
2024-12-20,16.8404,,16.5484
2024-12-23,17.1926,16.8591,17.9552
2024-12-27,16.2708,15.6442,16.8978
2024-12-30,17.003,16.4512,17.34
2025-01-02,17.1965,16.5953,17.4226
2025-01-03,16.9253,15.6054,17.3344
2025-01-06,16.4339,15.9629,16.5233
2025-01-07,16.3092,15.5088,16.4332
2025-01-08,17.1103,16.5864,17.1772
2025-01-09,16.9701,15.9078,17.0771
2025-01-10,18.2062,16.3578,18.3497
2025-01-13,18.8843,19.6633,18.8584
2025-01-14,17.7041,18.9251,17.6776
2025-01-15,16.1034,15.7827,16.1071
2025-01-16,15.5624,,15.969
2025-01-17,15.7161,,16.0331
2025-01-20,16.6291,16.6921,17.1844
2025-01-21,15.452,15.5045,16.4473
2025-01-22,15.003,14.9861,16.0254
2025-01-23,14.9751,14.8779,16.0094
2025-01-24,14.8591,14.6669,15.9201
2025-01-27,16.7627,16.464,17.3569
2025-01-28,16.1654,15.8359,16.6805
2025-01-29,15.7371,15.2552,16.3372
2025-01-30,14.9092,14.2035,15.6166
2025-01-31,15.3582,14.6076,15.9799
2025-02-03,17.5847,17.609,17.5726
2025-02-04,16.7719,16.2628,16.9805
2025-02-05,16.4786,15.7406,16.7283
2025-02-06,15.9968,15.2442,16.2082
2025-02-07,16.6533,15.8147,16.8476
2025-02-10,16.6204,15.4632,16.7612
2025-02-11,16.2439,14.767,16.3834
2025-02-12,16.1661,14.3599,16.2953
2025-02-13,16.5173,15.9706,16.5477
2025-02-14,15.8773,14.4495,15.9317
2025-02-17,16.2139,16.1921,16.214
2025-02-18,16.1667,15.8017,16.1677
2025-02-19,17.4198,20.6615,17.4131
2025-02-20,17.5164,,17.4842
2025-02-21,16.4749,,16.3571
2025-02-24,16.949,16.745,17.3481
2025-02-25,17.7794,17.5036,18.2016
2025-02-26,16.9863,16.7169,17.3175
2025-02-27,18.0257,17.9103,18.1423
2025-02-28,18.6266,18.5612,18.6812
2025-03-03,18.6125,18.9403,18.4533
2025-03-04,22.6015,23.3609,22.2914
2025-03-05,21.4915,22.3629,21.1954
2025-03-06,21.4432,21.9591,21.3
2025-03-07,22.6622,23.5204,22.4654
2025-03-10,23.9196,26.7266,23.5747
2025-03-11,24.3017,27.145,24.0325
2025-03-12,21.8189,23.7999,21.6804
2025-03-13,21.8301,23.8379,21.7292
2025-03-14,20.2145,20.9614,20.1896
2025-03-17,19.1141,22.0333,19.1027
2025-03-18,18.9707,21.9823,18.9652
2025-03-19,18.606,20.6467,18.5803
2025-03-20,19.004,,18.9976
2025-03-21,19.6916,,19.771
2025-03-24,18.6099,18.7236,18.4212
2025-03-25,17.5911,17.568,17.6217
2025-03-26,19.02,19.2001,18.8231
2025-03-27,19.6106,19.8741,19.372
2025-03-28,20.5966,20.9022,20.3664
2025-03-31,22.1452,22.7561,21.8731
2025-04-01,21.0883,21.899,20.784
2025-04-02,21.3162,22.8018,20.842
2025-04-03,25.5394,27.8199,24.9285
2025-04-04,34.2211,40.3352,32.8004
2025-04-07,46.7206,65.1911,44.2375
2025-04-08,36.3937,46.8882,35.3583
2025-04-09,45.8676,60.8743,44.7295
2025-04-10,37.0404,46.0979,36.5593
2025-04-11,39.5631,48.2677,39.246
2025-04-14,29.0826,37.1447,29.0305
2025-04-15,25.9457,31.9925,25.9351
2025-04-16,26.2958,,26.3009
2025-04-17,26.1784,,26.1862
2025-04-22,25.7383,25.8145,25.5954
2025-04-23,24.5368,24.7511,24.2086
2025-04-24,23.3776,23.3527,23.4088
2025-04-25,21.9681,21.7206,22.2226
2025-04-28,22.3621,22.4647,22.2976
2025-04-29,21.6048,21.2219,21.8062
2025-04-30,22.4714,22.2708,22.5616
2025-05-02,20.5365,19.9533,20.7232
2025-05-05,20.2803,19.5477,20.4186
2025-05-06,20.7876,20.1593,20.886
2025-05-07,21.6622,21.1881,21.7231
2025-05-08,20.4215,19.3938,20.5258
2025-05-09,20.5188,19.7305,20.5822
2025-05-12,18.1951,18.7929,18.1754
2025-05-13,16.5618,16.7929,16.557
2025-05-14,17.2092,19.0382,17.1869
2025-05-15,16.6144,,17.1822
2025-05-16,16.36,,16.8188
2025-05-19,16.8065,16.967,18.1905
2025-05-20,16.5755,16.6533,18.0346
2025-05-21,16.6869,16.6632,18.1066
2025-05-22,18.3557,18.2576,19.4061
2025-05-23,22.482,22.5143,22.2941
2025-05-26,19.6395,19.3571,20.2045
2025-05-27,18.5701,18.0954,19.3075
2025-05-28,19.3138,18.8292,19.9209
2025-05-29,19.0139,18.4258,19.6129
2025-05-30,19.1549,18.4339,19.7582
2025-06-02,19.9808,19.3638,20.2829
2025-06-03,18.661,17.7395,19.0332
2025-06-04,18.5133,17.3153,18.9132
2025-06-05,17.7475,15.9602,18.2325
2025-06-06,17.4197,15.4198,17.8648
2025-06-09,17.6324,15.5569,17.8782
2025-06-10,17.7408,16.0792,17.8975
2025-06-11,17.2454,15.0855,17.3987
2025-06-12,19.3663,18.9164,19.3914
2025-06-13,21.7307,23.198,21.6698
2025-06-16,19.9802,19.819,19.9814
2025-06-17,22.0994,25.7665,22.0893
2025-06-18,22.3987,25.924,22.4007
2025-06-19,24.949,,25.0191
2025-06-20,22.4761,,22.4701
2025-06-23,22.4455,22.4665,22.4025
2025-06-24,18.8458,18.5794,19.2657
2025-06-25,18.9975,18.7212,19.3476
2025-06-26,18.4985,18.2533,18.7527
2025-06-27,17.4037,16.7121,17.9813
2025-06-30,17.6686,16.9713,18.0075
2025-07-01,17.6662,17.0474,17.9187
2025-07-02,17.7453,17.253,17.9137
2025-07-03,17.232,16.6622,17.3936
2025-07-04,19.0519,19.374,18.974
2025-07-07,18.4761,18.7366,18.4427
2025-07-08,17.4042,16.4054,17.5004
2025-07-09,16.6112,15.5971,16.6858
2025-07-10,15.9921,14.2893,16.0828
2025-07-11,17.1119,16.1295,17.15
2025-07-14,17.7391,17.2584,17.7429
2025-07-15,17.745,16.7457,17.7475
2025-07-16,19.0409,17.7082,19.0349
2025-07-17,17.4186,,17.3335
2025-07-18,17.6953,,17.559
2025-07-21,17.6071,17.3256,18.2541
2025-07-22,18.8583,18.7027,19.1458
2025-07-23,18.4217,18.2379,18.6966
2025-07-24,17.7226,17.4817,18.0185
2025-07-25,17.7999,17.5837,18.022
2025-07-28,17.2262,16.9167,17.4177
2025-07-29,16.6622,16.063,16.9731
2025-07-30,16.4878,15.5714,16.887
2025-07-31,17.5426,16.9829,17.7536
2025-08-01,21.7948,23.1556,21.3316
2025-08-04,19.674,20.0559,19.5994
2025-08-05,18.8283,18.2124,18.9246
2025-08-06,18.3912,17.0643,18.5567
2025-08-07,18.0797,16.5665,18.2304
2025-08-08,17.3952,15.5923,17.5351
2025-08-11,17.7594,17.4543,17.7693
2025-08-12,16.6707,15.0193,16.7034
2025-08-13,16.1568,14.8383,16.1713
2025-08-14,15.9899,,16.4513
2025-08-15,15.8372,,16.2353
2025-08-18,16.3954,16.5276,17.5404
2025-08-19,15.7601,15.8329,17.1277
2025-08-20,16.5921,16.5722,17.7928
2025-08-21,16.7329,16.6317,17.8112
2025-08-22,15.0619,14.8305,16.3302
2025-08-25,16.8794,16.6338,17.3707
2025-08-26,18.0006,17.7161,18.448
2025-08-27,17.8382,17.493,18.2734
2025-08-28,17.1032,16.5212,17.6942
2025-08-29,17.5646,16.9442,18.0848
2025-09-01,17.6491,17.091,17.922
2025-09-02,19.7201,19.6121,19.7651
2025-09-03,18.4109,17.827,18.6101
2025-09-04,17.4261,16.5802,17.6635
2025-09-05,17.6769,17.2123,17.7862
2025-09-08,16.8771,15.9662,16.9892
2025-09-09,16.7284,15.6101,16.8355
2025-09-10,16.8283,16.0594,16.8854
2025-09-11,15.8198,14.2649,15.903
2025-09-12,15.3874,12.8305,15.4809
2025-09-15,15.4924,15.3104,15.4938
2025-09-16,16.7746,18.7176,16.7693
2025-09-17,16.8035,20.1959,16.7876
2025-09-18,15.4147,,15.3035
2025-09-19,15.6575,,15.4569
2025-09-22,16.7855,16.4009,17.6598
2025-09-23,16.5774,16.0136,17.5823
2025-09-24,16.7904,16.1138,17.7658
2025-09-25,17.3201,16.7276,18.0319
2025-09-26,16.7089,15.8978,17.5126
2025-09-29,16.4747,15.4124,17.1071
2025-09-30,16.6808,15.5868,17.2357
2025-10-01,16.4721,15.1607,17.0334
2025-10-02,16.8099,15.7988,17.1835
2025-10-03,16.0879,14.2241,16.6514
2025-10-06,17.722,16.1484,18.0098
2025-10-07,18.1863,16.6039,18.4259
2025-10-08,17.5164,15.4137,17.7715
2025-10-09,17.2077,14.9006,17.4309
2025-10-10,19.5951,20.6421,19.5066
2025-10-13,19.677,21.3901,19.6187
2025-10-14,20.4203,21.6077,20.3947
2025-10-15,19.1624,18.0306,19.1751
2025-10-16,19.4014,,19.8201
2025-10-17,20.2369,,20.6277
2025-10-20,17.2249,17.3724,18.5012
2025-10-21,16.8686,16.941,18.2303
2025-10-22,17.7501,17.7319,18.849
2025-10-23,17.1344,17.013,18.4219
2025-10-24,16.4822,16.2249,17.8917
2025-10-27,16.3429,15.742,17.5071
2025-10-28,16.4372,15.6499,17.6271
2025-10-29,17.0345,16.3038,17.9322
2025-10-30,16.8744,15.8724,17.867
2025-10-31,17.8148,16.8694,18.5949
2025-11-03,18.1483,17.0074,18.6933
2025-11-04,18.6285,17.7207,18.9953
2025-11-05,17.8904,16.7389,18.2749
2025-11-06,19.355,18.4379,19.6126
2025-11-07,21.3775,21.2392,21.4105
2025-11-10,18.4871,17.6851,18.5862
2025-11-11,17.9533,16.4981,18.0916
2025-11-12,17.8413,15.9684,17.9758
2025-11-13,18.7927,17.2251,18.8771
2025-11-14,19.1952,17.9685,19.2426
2025-11-17,20.2071,21.214,20.1988
2025-11-18,22.8943,27.1487,22.8825
2025-11-19,23.0027,28.8449,23.0154
2025-11-20,21.8588,,21.9069
2025-11-21,24.5552,,24.7469
2025-11-24,21.1086,21.3887,20.524
2025-11-25,19.843,20.1713,19.3047
2025-11-26,18.4899,18.7413,18.161
2025-11-27,17.9447,18.2722,17.5941
2025-11-28,17.1178,17.2627,16.9913
2025-12-01,17.331,17.8878,17.0453
2025-12-02,17.091,17.5668,16.888
2025-12-03,16.6256,16.7144,16.5945
2025-12-04,15.9813,15.9717,15.9841
2025-12-05,15.7811,15.505,15.8464
2025-12-08,16.1095,16.4161,16.0702
2025-12-09,16.1193,16.3332,16.0979
2025-12-10,16.2183,16.9752,16.1593
2025-12-11,15.0399,14.6137,15.0636
2025-12-12,15.6719,16.3846,15.6428
2025-12-15,15.103,17.0004,15.0868
2025-12-16,15.3826,17.3853,15.3772
2025-12-17,15.8847,19.066,15.8559
2025-12-18,15.5296,,15.3736
2025-12-19,14.5691,,14.2552
2025-12-22,14.4134,13.752,15.8649
2025-12-23,14.0473,13.1709,15.5529
2025-12-29,15.4051,14.3084,16.0547
2025-12-30,14.7136,13.2421,15.4408
2026-01-02,15.2356,13.8336,15.6663
2026-01-05,15.4491,14.2231,15.6746
2026-01-06,15.3544,13.7638,15.5929
2026-01-07,15.6937,13.9785,15.9031
2026-01-08,15.9328,13.9834,16.1226
2026-01-09,15.5145,12.2493,15.7527
2026-01-12,16.2014,14.0814,16.2657
2026-01-13,16.4437,14.2284,16.4869
2026-01-14,17.4418,14.9594,17.4684
2026-01-15,15.4977,,16.1956
2026-01-16,16.1945,,16.7112
2026-01-19,19.95,20.0071,20.4543
2026-01-20,19.9774,20.0054,20.5189
2026-01-21,18.7274,18.715,19.4841
2026-01-22,17.1773,17.0913,18.0988
2026-01-23,17.469,17.3066,18.3759
2026-01-26,17.281,16.8796,18.0737
2026-01-27,17.1968,16.6666,18.0152
2026-01-28,18.3876,17.9513,18.935
2026-01-29,20.7427,20.7945,20.6881
2026-01-30,19.9868,19.9649,20.0057
2026-02-02,18.1096,17.2905,18.5061
2026-02-03,18.4724,17.4039,18.9014
2026-02-04,19.2734,18.2584,19.6149
2026-02-05,21.2649,20.9901,21.3438
2026-02-06,19.2334,18.1205,19.4901
2026-02-09,17.9193,16.0951,18.1374
2026-02-10,18.0028,16.0323,18.1869
2026-02-11,18.0027,15.6774,18.1674
2026-02-12,20.2443,19.4958,20.2856
2026-02-13,19.7363,17.1081,19.8342
2026-02-16,20.1526,19.1628,20.1604
2026-02-17,19.4361,17.4279,19.441
2026-02-18,18.1492,15.1265,18.1366
2026-02-19,19.9614,,19.9228
2026-02-20,18.6909,,18.5685
2026-02-23,19.6872,19.5024,20.0596
2026-02-24,19.0616,18.7551,19.5433
2026-02-25,18.062,17.562,18.6865
2026-02-26,18.8978,18.5477,19.2588
2026-02-27,19.6835,19.5091,19.8333
2026-03-02,22.7113,23.6108,22.2473
2026-03-03,29.2622,31.9459,28.0638
2026-03-04,24.1131,25.335,23.6722
2026-03-05,28.551,31.1441,27.7548
2026-03-06,31.2295,34.1138,30.4994
2026-03-09,31.126,34.5002,30.6719
2026-03-10,27.2978,30.5929,26.9484
2026-03-11,30.4179,34.9416,30.0459
2026-03-12,30.5923,34.6693,30.3461
2026-03-13,30.3286,34.8849,30.1321
2026-03-16,27.9631,33.0841,27.9183
2026-03-17,26.3346,28.8641,26.3278
2026-03-18,27.1498,29.0711,27.1421
2026-03-19,29.7636,,29.7765
2026-03-20,31.7659,,31.9027
2026-03-23,32.6606,33.2029,31.523
2026-03-24,31.8025,32.3155,30.9616
2026-03-25,31.1456,31.8657,30.1925
2026-03-26,33.2547,34.3802,32.0294
2026-03-27,34.7753,36.2084,33.4843
2026-03-30,33.4701,35.1008,32.623
2026-03-31,30.6839,31.7514,30.2262
2026-04-01,26.972,27.4603,26.7996
2026-04-02,28.485,29.1517,28.289
2026-04-07,31.6086,36.375,31.095
2026-04-08,24.7123,25.2828,24.6683
2026-04-09,23.5231,22.5945,23.5744
2026-04-10,22.3107,21.2454,22.3523
2026-04-13,22.8182,24.0279,22.8082
2026-04-14,20.6422,22.6735,20.6368
2026-04-15,20.9003,20.8446,20.8935
2026-04-16,21.6065,,21.592
2026-04-17,19.4193,,19.3003
2026-04-20,22.5594,22.6192,22.4177
2026-04-21,24.156,24.4792,23.5402
2026-04-22,23.3573,23.5892,23.002
2026-04-23,23.2959,23.5183,23.0154
2026-04-24,23.6025,23.8603,23.3313
2026-04-27,23.9642,24.5316,23.6015
2026-04-28,23.7353,24.2673,23.4469
2026-04-29,23.3624,23.6848,23.2148
2026-04-30,22.6189,23.0357,22.4562
2026-05-04,24.8889,27.2222,24.413
2026-05-05,23.4654,25.253,23.1678
2026-05-06,21.1323,21.3812,21.0997
2026-05-07,22.0472,23.1219,21.932
2026-05-08,22.4,24.1511,22.2501
2026-05-11,22.0182,24.3462,21.9383
2026-05-12,23.2804,26.3924,23.2108
2026-05-13,21.8945,23.7144,21.8725
2026-05-14,21.1732,,21.4377
2026-05-15,22.2768,,22.4273
2026-05-18,23.2434,23.2637,23.4239
2026-05-19,22.9573,22.9755,23.3094
2026-05-20,22.3234,22.3179,22.6683
2026-05-21,21.7445,21.7125,22.0932
2026-05-22,21.1353,21.0833,21.4326
2026-05-25,19.8344,19.6572,20.192
2026-05-26,19.9505,19.7544,20.2612
2026-05-27,19.7449,19.4818,20.0789
2026-05-28,19.486,19.2331,19.7483
2026-05-29,19.3171,19.0616,19.5356
2026-06-01,20.1216,20.0032,20.1805
2026-06-02,19.223,18.8029,19.3961
2026-06-03,19.2502,18.61,19.4685
2026-06-04,18.6564,17.7304,18.9161
2026-06-05,18.5557,17.4834,18.803
2026-06-08,19.4114,19.4532,19.4061
2026-06-09,20.6502,21.5034,20.5634
2026-06-10,21.505,22.6311,21.4168
2026-06-11,21.2388,22.1625,21.1855
2026-06-12,18.7059,18.7315,18.7048
2026-06-15,16.5474,16.2542,16.5497
2026-06-16,16.0999,15.3968,16.1017
2026-06-17,16.6006,18.0854,16.5787
2026-06-18,16.2163,,16.0827
2026-06-19,16.2674,,16.0063
2026-06-22,16.2831,15.7376,17.503
2026-06-23,18.2356,17.8571,18.9225
2026-06-24,17.4045,16.8137,18.2631
2026-06-25,17.4587,16.7715,18.2796
2026-06-26,17.8378,17.0536,18.6184
2026-06-29,17.2181,16.2379,17.8052
2026-06-30,16.5923,15.5273,17.133
2026-07-01,16.1444,14.8781,16.6869
2026-07-02,16.0747,14.5145,16.6368
2026-07-03,15.5388,13.7345,16.0842
2026-07-06,15.8669,14.3526,16.1428
2026-07-07,16.7892,15.5284,16.9815
2026-07-08,20.2763,21.3612,20.131
2026-07-09,17.5637,16.8496,17.6366
2026-07-10,16.8471,15.6156,16.9442
2026-07-13,17.649,18.3359,17.6262
2026-07-14,17.4524,18.2689,17.4349
2026-07-15,17.4233,16.1559,17.4374
2026-07-16,16.5737,,17.0463
2026-07-17,17.3005,,17.6736
2026-07-20,17.4958,17.598,18.3886
2026-07-21,16.6667,16.7267,17.8005
2026-07-22,16.9233,16.9059,17.9786
2026-07-23,20.3751,20.3535,20.613
2026-07-24,18.0637,17.9455,18.7298
2026-07-27,18.6427,18.4479,19.0348
2026-07-28,17.925,17.5977,18.4381
2026-07-29,19.1772,18.9111,19.5148
2026-07-30,18.2118,17.6481,18.786
2026-07-31,17.2061,16.3715,17.8977
2026-08-03,16.0578,14.841,16.6336
2026-08-04,15.8256,14.4053,16.3831
2026-08-05,15.9608,14.2727,16.509
2026-08-06,15.6428,13.6056,16.1849
2026-08-07,15.2028,12.6168,15.7584
2026-08-10,15.6002,12.9626,15.9032
2026-08-11,15.8462,13.0792,16.0951
2026-08-12,15.7438,12.616,15.9567
2026-08-13,15.3824,11.7975,15.56
2026-08-14,15.1264,10.7141,15.2764
2026-08-17,15.4051,11.3206,15.4334
2026-08-18,16.7377,15.1762,16.7414
2026-08-19,16.1831,12.9198,16.1633
2026-08-20,16.7943,,16.7055
2026-08-21,15.8992,,15.686
2026-08-24,16.3807,15.9855,17.1603
2026-08-25,16.0921,15.5563,16.9167
2026-08-26,15.8767,15.2556,16.643
2026-08-27,16.4761,15.9681,16.9937
2026-08-28,15.4872,14.7324,16.1125
2026-08-31,16.8289,16.3771,17.0506
2026-09-01,17.4962,17.5308,17.4818
2026-09-02,17.5078,17.4326,17.534
2026-09-03,16.492,15.9568,16.6437
2026-09-04,15.6348,14.5649,15.8799
2026-09-07,16.3847,15.7125,16.468
2026-09-08,16.5786,16.1052,16.6249
2026-09-09,18.7443,20.3465,
