Date,.V2TX,.V6I1,.V6I2,.V6I3,.V6I4,.V6I5,.V6I6,.V6I7,.V6I8
2010-09-15,23.5735,27.4329,23.5329,26.2496,26.8759,28.8945,30.3826,32.2021,28.7477
2010-09-21,25.0769,24.5319,26.0644,27.1696,29.1555,30.8221,22.0192,32.2907,28.7387
2010-09-22,25.4218,24.7565,26.3973,27.716,29.5691,31.1977,22.0946,32.317,28.8657
2010-09-23,25.563,24.9634,26.2919,27.7266,29.5416,31.4652,31.4942,32.6641,28.8883
2010-09-24,23.6604,22.7864,24.5362,26.2826,28.6446,30.7539,31.2727,32.4475,28.5594
2010-09-27,24.559,23.6857,25.0911,26.5828,29.0233,30.7857,30.8055,32.1459,28.6619
2010-09-28,24.7616,23.9296,25.1939,26.5642,28.9346,30.8596,30.7219,31.9058,30.8032
2010-09-29,25.0618,24.3767,25.3663,26.8776,29.2782,31.1782,30.8881,32.353,30.7677
2010-09-30,26.1124,26.2108,26.0744,27.4919,29.4956,31.468,31.1889,32.5392,30.9373
2010-10-01,26.3651,26.6401,26.2747,27.6738,29.7105,31.6306,31.2835,32.6425,31.1118
2010-10-04,27.0484,28.1878,26.8229,27.9496,29.9456,31.885,31.51,32.911,31.2326
2010-10-05,25.113,25.9674,24.9742,26.3592,28.5978,30.8656,31.3358,32.488,30.8484
2010-10-06,24.6471,25.4616,24.5392,25.7636,28.1648,30.0994,30.5618,31.7168,30.3557
2010-10-07,23.9852,25.2032,23.8545,25.4518,27.6941,29.8146,30.1996,31.5103,30.1726
2010-10-08,22.8174,21.8486,22.8951,24.9717,27.3945,29.6493,30.0712,31.4846,30.7761
2010-10-11,22.5377,23.9911,22.4888,24.648,27.1947,29.5019,30.0977,31.4412,30.8222
2010-10-12,22.751,25.2398,22.696,24.8332,27.3439,29.6198,30.0307,31.4284,30.8519
2010-10-13,21.7702,28.9962,21.6727,24.0201,26.5887,29.1642,30.0262,31.174,30.6733
2010-10-19,22.0645,22.1947,24.4852,23.6202,26.9098,29.0251,29.5919,30.8775,30.6157
2010-10-20,21.7151,21.6794,23.8417,24.2727,26.4778,28.6738,29.5659,30.8351,30.6132
2010-10-21,22.0435,21.9013,23.5559,23.7138,25.8828,28.1392,29.1212,30.1903,30.1655
2010-10-22,21.7654,21.5058,23.2031,23.4921,25.6239,27.7061,28.4552,29.3491,29.7816
2010-10-25,22.0429,21.4491,23.2092,23.4043,25.5493,27.5116,28.3251,29.5797,29.7923
2010-10-26,22.1475,21.4639,23.2024,23.3492,25.4936,27.3971,28.141,28.952,29.3435
2010-10-27,23.9142,23.3718,24.5957,24.2771,25.9671,27.6804,28.1217,28.8137,29.3483
2010-10-28,22.81,22.0352,23.5968,23.6354,25.5774,27.2632,27.922,28.4812,28.6197
2010-10-29,23.3884,22.8122,23.8763,23.763,25.6992,27.4647,27.8207,28.3778,28.4908
2010-11-01,24.6186,24.7569,24.5491,24.2536,26.0572,27.7461,28.0199,28.3767,28.5827
2010-11-02,23.8859,24.5856,23.587,23.5762,25.6371,27.4815,27.8508,28.2309,28.4635
2010-11-03,25.4353,26.825,24.9325,24.7114,26.241,27.8863,28.2171,28.4476,28.644
2010-11-04,21.5165,20.9747,21.6709,21.9799,24.223,26.7993,27.3632,28.2479,28.5014
2010-11-05,21.8485,21.3743,21.9603,22.2797,24.4951,26.7554,27.4342,28.1607,28.5071
2010-11-08,21.7672,21.8082,21.762,22.1224,24.5931,26.841,27.5973,28.4217,28.8295
2010-11-09,20.6317,20.4871,20.646,21.2647,24.0795,26.5302,27.3087,28.2896,28.6552
2010-11-10,22.6167,24.097,22.5001,22.5465,25.0419,27.6054,27.9471,28.5972,28.9258
2010-11-11,23.4862,24.975,23.3994,23.2761,25.5636,28.048,28.5218,29.057,29.3451
2010-11-12,24.6155,26.7928,24.5244,24.1302,26.4031,29.0322,29.0616,29.7611,29.8239
2010-11-15,23.6229,25.9803,23.6031,23.147,26.0378,29.4849,28.8264,29.565,29.7504
2010-11-16,26.3614,38.2812,26.3242,25.2932,27.2971,29.7579,29.5245,30.1113,30.1218
2010-11-17,24.7764,29.6578,24.7829,24.3178,26.6484,29.5915,29.3026,30.0208,30.2503
2010-11-23,27.629,28.276,26.3779,24.962,27.9715,29.8925,30.4558,30.307,30.7485
2010-11-24,26.378,26.8133,25.7049,24.7983,27.48,30.0233,30.5331,30.598,30.749
2010-11-25,25.4157,25.64,25.133,24.6917,27.0683,29.7974,30.1108,30.3456,30.4258
2010-11-26,28.4384,29.4921,27.2994,26.1994,28.4609,30.8584,30.9459,30.9178,30.7231
2010-11-29,30.6685,32.5016,29.4609,27.6564,30.5052,32.4812,32.3588,32.0588,31.3336
2010-11-30,31.0728,32.2656,30.4178,28.5105,31.6047,33.2809,33.2417,32.8527,31.9561
2010-12-01,28.1338,28.4949,27.9685,27.6238,29.8494,32.0286,32.522,32.7841,32.0312
2010-12-02,25.3572,24.5911,25.6463,26.8298,27.7841,30.1722,31.0079,31.0513,31.1008
2010-12-03,23.8826,23.2532,24.0846,25.9672,26.8629,29.5182,30.3535,30.3493,30.4446
2010-12-06,24.7228,25.503,24.5693,26.3557,27.2577,29.5759,30.5953,30.4966,30.4553
2010-12-07,23.3351,23.8824,23.2467,25.4234,26.478,29.6066,30.4475,30.0765,30.3487
2010-12-08,22.4882,22.0853,22.54,24.7278,25.9337,29.6838,29.9756,29.73,30.0416
2010-12-09,21.6528,21.2809,21.6912,24.0142,25.6524,28.7483,29.725,29.5467,29.8328
2010-12-10,21.1483,20.5481,21.1968,23.7274,25.3097,28.6141,29.5963,29.3864,29.7543
2010-12-13,20.4241,21.9357,20.3731,22.926,24.5962,28.0195,29.0551,28.9592,29.5701
2010-12-14,19.7225,20.9237,19.6965,22.7485,24.1298,27.7876,28.7327,28.7157,29.2407
2010-12-15,19.8565,25.3605,19.784,22.6315,24.2571,27.9621,29.5348,29.0615,29.2608
2010-12-21,18.4719,18.6354,21.4427,23.2217,27.1794,29.1364,28.8214,29.475,30.1023
2010-12-22,18.5947,18.5461,21.4117,23.1271,26.9868,29.0028,28.7574,29.5853,29.9054
2010-12-23,19.5693,19.3151,22.1827,23.6626,27.3979,29.1155,28.9801,29.6864,30.0754
2010-12-27,22.5773,22.0811,23.5591,24.8189,28.3228,29.5689,29.4428,30.1362,30.5939
2010-12-28,22.5709,21.932,23.5599,24.8122,28.3536,29.3013,29.5944,30.2972,30.6931
2010-12-29,22.009,21.096,23.1325,24.3686,27.9672,29.7917,29.3087,30.1352,30.5372
2010-12-30,23.9165,23.3154,24.5323,25.5221,28.8124,30.0345,29.6911,30.3076,30.7129
2011-01-03,23.6239,23.0049,23.9278,24.9362,28.3743,29.4557,29.5374,30.4254,30.7271
2011-01-04,23.156,22.2746,23.5148,24.5656,27.9446,29.2357,29.239,30.0846,30.4464
2011-01-05,23.0796,22.0142,23.4398,24.658,28.0073,29.467,29.4743,30.1311,30.5024
2011-01-06,23.3018,22.2804,23.5893,24.6797,27.8565,29.1763,29.2074,30.1334,30.4247
2011-01-07,23.9501,22.8847,24.1978,25.364,28.323,29.5473,29.7106,30.2323,30.5496
2011-01-10,25.7194,25.6869,25.7235,26.5712,29.0852,30.1157,30.1465,30.7318,30.9592
2011-01-11,23.8595,22.6651,23.975,25.2029,27.7766,29.8963,29.7588,30.6233,30.744
2011-01-12,22.2715,20.7065,22.386,23.6453,26.8265,28.6224,28.6201,29.8738,30.0746
2011-01-13,21.4741,19.7585,21.5668,23.1359,26.4813,28.3424,28.2734,29.4151,29.5511
2011-01-14,20.4446,18.9853,20.5008,22.4382,26.1572,27.9882,27.9984,29.0187,29.3215
2011-01-17,21.1731,22.4492,21.1626,22.7222,26.2543,28.0533,28.0979,29.2788,29.376
2011-01-18,20.1918,22.2458,20.1863,22.2002,25.6509,27.945,27.7558,29.0666,29.1849
2011-01-19,21.2715,26.5585,21.2498,22.5825,26.6633,28.0833,27.9432,28.9514,29.2262
2011-01-25,21.5594,20.9269,22.5373,22.3734,24.7733,27.6834,27.6263,28.6032,28.8363
2011-01-26,21.5269,20.9805,22.2112,22.2802,24.4418,27.2809,27.3278,28.7422,28.8327
2011-01-27,21.1087,20.4108,21.818,21.9413,24.1663,26.8831,27.0047,28.6066,28.7631
2011-01-28,22.1322,21.4538,22.7034,23.4609,24.7881,27.1467,27.4124,28.729,28.7896
2011-01-31,22.7339,22.2642,22.9655,23.6884,25.1992,27.2089,27.5931,28.9068,29.0074
2011-02-01,22.1521,21.6264,22.3684,23.0007,24.4502,26.4231,27.1898,28.6245,28.7056
2011-02-02,21.6554,20.8212,21.9388,22.6547,24.2089,26.2841,26.8125,28.2466,28.3815
2011-02-03,22.0919,21.3556,22.3005,22.9596,24.4649,26.506,26.8411,28.2903,28.2383
2011-02-04,20.8982,19.5235,21.2136,22.09,23.7023,25.8198,26.378,27.9846,28.2151
2011-02-07,20.3702,19.957,20.4219,21.4459,23.1243,25.0716,25.7165,27.5231,27.8204
2011-02-08,20.206,19.7526,20.2505,21.386,22.9972,24.8216,25.5928,27.2291,27.6798
2011-02-09,19.7493,19.3181,19.7818,21.1834,22.8483,24.8561,25.5907,27.2144,27.6128
2011-02-10,19.7522,19.3747,19.7732,21.4365,23.1515,25.0034,25.7838,27.2032,27.4331
2011-02-11,19.946,19.3278,19.9703,21.5271,23.2613,24.8437,25.7837,27.2453,27.4248
2011-02-14,20.7408,23.0114,20.7216,22.0212,23.632,25.0119,25.9394,27.2786,27.621
2011-02-15,20.4386,22.4952,20.4331,21.6286,23.1472,24.7098,25.6924,27.1597,27.2871
2011-02-16,19.1885,23.6802,19.1656,20.5641,22.3091,23.9007,25.0038,26.4274,26.6221
2011-02-22,23.9321,23.9186,23.9539,22.938,25.0308,26.3299,26.4902,27.1703,27.5722
2011-02-23,24.9891,24.9104,25.0901,24.0766,25.8121,27.1281,26.9376,27.5116,27.8639
2011-02-24,24.9885,24.6006,25.3898,24.8127,25.9604,27.1348,27.1464,27.7628,28.0283
2011-02-25,23.1032,22.5401,23.58,24.406,24.6377,26.2115,26.4497,27.3471,27.1976
2011-02-28,22.7141,22.0669,23.0313,23.7998,24.159,25.6942,25.8902,26.8075,26.8654
2011-03-01,23.82,23.4905,23.9565,24.1474,24.7718,26.3795,26.1089,26.7751,26.9841
2011-03-02,24.5965,24.0855,24.7722,24.8448,25.478,26.897,26.9706,27.0652,27.2569
2011-03-03,23.9314,23.1162,24.1624,24.6809,25.2616,26.7281,26.5282,27.2091,27.1666
2011-03-04,23.6358,22.7408,23.8449,24.6072,25.2864,26.9775,26.669,27.2149,27.3253
2011-03-07,24.4135,24.3239,24.4248,25.0072,25.6011,27.1249,27.1909,27.3897,27.4734
2011-03-08,23.4535,23.402,23.4586,24.5328,25.1621,26.8274,26.8696,27.4148,27.4408
2011-03-09,23.4775,23.1768,23.5003,24.3887,25.0773,26.8043,26.9419,27.3286,27.4806
2011-03-10,24.1369,23.9813,24.1456,24.9151,25.5252,27.0434,27.2645,27.4436,27.773
2011-03-11,24.7086,23.3899,24.7598,25.1971,25.7359,27.386,27.5703,27.8308,28.0392
2011-03-14,26.7431,31.6898,26.6997,26.4157,26.8861,28.1215,28.0608,28.2057,28.4502
2011-03-15,31.0104,44.3995,30.9689,28.7932,29.6911,29.322,28.9727,28.7098,28.9312
2011-03-16,35.2293,59.8085,35.2797,31.5168,31.263,31.3904,30.0621,29.6026,29.4983
2011-03-22,24.3914,24.2219,24.7048,25.2712,26.9794,26.8607,20.1478,27.1387,27.3238
2011-03-23,23.9226,23.6327,24.3549,24.8782,26.603,26.6025,25.5295,27.0631,27.3532
2011-03-24,22.1,21.5418,22.7773,23.4892,25.6179,25.8584,26.3058,26.4696,27.1216
2011-03-25,22.0837,21.3727,22.7995,23.5356,25.6455,25.9226,25.9262,26.1707,26.7691
2011-03-28,22.4799,21.6652,22.9759,23.6883,25.4974,25.7236,25.5676,26.1327,26.7348
2011-03-29,22.4978,21.6482,22.9378,23.7481,25.6325,25.5039,25.8374,26.2019,26.8161
2011-03-30,21.4727,20.3802,21.9502,23.0684,25.3063,25.4913,25.8161,26.413,26.6805
2011-03-31,22.08,21.5723,22.2725,23.5868,25.691,26.2597,25.8184,26.2237,26.8324
2011-04-01,20.4234,19.211,20.804,22.3826,24.9723,25.4755,25.9436,26.0746,26.9154
2011-04-04,20.6621,19.8759,20.8105,22.3856,24.5733,25.612,25.481,26.2243,26.7506
2011-04-05,20.5154,19.6653,20.6476,22.5392,24.6993,25.3452,25.5622,26.2704,26.839
2011-04-06,20.155,19.7471,20.2074,21.9965,23.5609,25.2161,25.5417,26.2588,26.8117
2011-04-07,21.0214,21.6348,20.9564,22.3842,24.3824,25.3503,25.4887,26.2974,26.8952
2011-04-08,19.9611,18.9236,20.044,21.6432,23.9242,24.8839,25.4343,26.278,26.8048
2011-04-11,19.98,20.7079,19.9559,21.6121,24.3445,25.1564,25.2952,26.0672,26.7581
2011-04-12,22.4991,26.8104,22.3999,23.4679,25.7884,25.7657,25.7442,26.449,27.0282
2011-04-13,21.1973,23.5471,21.1686,22.4503,25.1185,25.6002,25.9688,26.5592,27.1643
2011-04-19,20.8171,20.8824,22.0588,23.0002,24.3669,25.3137,26.3362,26.9534,27.4586
2011-04-20,19.0849,19.0549,20.8761,21.8216,24.281,24.7717,25.7251,25.9838,26.4529
2011-04-21,18.9266,18.6785,21.4751,21.4055,25.5906,24.7395,25.0815,25.6495,26.3733
2011-04-26,19.4866,18.9896,20.2588,20.9259,23.7293,24.128,24.8447,25.5106,26.192
2011-04-27,19.8336,19.3215,20.4747,21.0734,23.8351,24.1001,24.6635,25.4167,26.0585
2011-04-28,18.8269,18.053,19.6073,20.3568,23.2391,23.7464,24.4727,25.2994,25.882
2011-04-29,18.4785,17.3228,19.424,20.2574,22.1612,23.7972,24.2322,25.22,25.8516
2011-05-02,19.6212,18.5942,20.1157,20.7331,22.3167,23.9244,24.5158,25.3167,25.909
2011-05-03,20.7988,18.7611,21.594,21.2562,22.7049,23.9532,24.5916,25.6919,26.1651
2011-05-04,21.8564,20.9255,22.1719,22.3287,23.524,24.6019,25.0959,26.1794,26.7899
2011-05-05,22.5461,21.7479,22.772,22.9948,24.0397,25.052,25.7809,26.8302,27.3313
2011-05-06,19.9772,17.9946,20.4228,21.6802,23.1917,24.4082,25.5093,26.4089,26.9407
2011-05-09,22.5141,22.2936,22.5419,23.1151,24.4519,25.1823,25.9526,27.0947,27.4875
2011-05-10,21.5022,21.2784,21.5243,22.5232,24.0887,24.8471,25.7982,26.6574,27.1621
2011-05-11,21.0675,20.2646,21.1274,22.2431,23.8141,24.7674,25.4664,26.5436,27.0636
2011-05-12,21.8671,21.4584,21.89,22.7038,24.1127,25.2218,25.6484,26.8634,27.3235
2011-05-13,22.0822,21.5256,22.1042,22.8448,24.0684,25.3505,25.942,27.04,27.4732
2011-05-16,22.3774,24.723,22.3576,23.0755,24.0538,25.403,26.0219,26.9974,27.5043
2011-05-17,23.103,26.6832,23.0932,23.3151,24.3124,25.6722,26.1861,27.1125,27.684
2011-05-18,22.356,24.3839,22.3498,22.7432,23.8352,25.2542,25.9977,26.6635,27.3726
2011-05-24,23.767,23.7665,23.7678,24.0235,24.5245,26.1274,26.4968,27.0278,27.484
2011-05-25,22.6511,22.5183,22.821,23.37,23.8589,25.547,26.0335,26.6691,27.2378
2011-05-26,22.7415,22.6855,22.8002,23.3687,23.87,25.4152,25.9835,26.6687,27.1885
2011-05-27,21.4688,21.1383,21.7511,22.4727,23.0835,24.9641,25.5673,26.2631,26.8575
2011-05-30,21.7424,21.5422,21.842,22.4519,23.0025,25.0949,25.6984,26.169,26.8652
2011-05-31,20.353,19.8308,20.5675,21.4741,22.1685,24.1659,25.0819,25.7009,26.365
2011-06-01,20.9271,20.7946,20.9732,21.5937,22.2138,24.2223,24.7942,25.521,26.2789
2011-06-02,22.8441,23.2387,22.7285,22.8497,23.206,24.712,25.1651,25.8017,26.6332
2011-06-03,22.6548,22.9173,22.5916,22.724,23.0048,24.4434,25.219,25.8345,26.4618
2011-06-06,23.1505,23.7177,23.0776,23.0424,23.4536,24.8178,25.2339,25.9438,26.592
2011-06-07,22.3739,22.2668,22.3846,22.5265,22.9861,24.4026,25.18,25.7764,26.5694
2011-06-08,22.6861,22.6811,22.6864,22.8087,23.2036,24.595,25.2517,25.748,26.5708
2011-06-09,20.9443,20.2372,20.9835,21.8226,22.3673,23.7925,24.7133,25.4512,26.18
2011-06-10,22.6181,23.3873,22.5868,22.7792,23.0603,24.4158,25.0154,25.5762,26.6247
2011-06-13,22.8375,25.5759,22.8143,22.8523,23.1816,24.5396,25.015,25.7228,26.5691
2011-06-14,21.3224,24.6098,21.3134,21.9572,22.2723,23.8646,24.8526,25.3371,26.0651
2011-06-15,23.0617,31.3108,23.0584,23.287,23.628,24.8931,25.077,25.7659,26.807
2011-06-21,24.7477,24.9461,24.3726,24.3201,25.1657,25.8013,26.5518,27.1629,28.0106
2011-06-22,23.3426,23.2669,23.4566,23.8061,24.9859,25.5232,26.2635,27.0718,27.6704
2011-06-23,27.3023,27.9293,26.4994,26.2734,26.5263,26.5477,27.2553,28.1146,28.1659
2011-06-24,27.1728,27.804,26.5005,26.4503,26.8059,26.8577,27.5373,28.287,28.6705
2011-06-27,28.2016,29.813,27.1424,27.0908,27.0208,27.0491,27.7237,28.3248,28.8225
2011-06-28,27.6888,29.6038,26.6116,26.2814,26.4273,26.8852,27.4804,27.9578,28.5863
2011-06-29,24.061,24.5103,23.8545,24.2086,25.0859,26.1222,26.7877,27.3314,28.3315
2011-06-30,21.5622,21.3611,21.6392,22.5103,23.9449,25.0369,25.9584,26.6455,27.9234
2011-07-01,19.7294,18.869,20.0024,21.1603,23.2056,24.5682,25.296,26.1616,26.9504
2011-07-04,19.7265,19.2858,19.8105,21.1788,23.1008,24.1741,25.1151,26.0329,26.6648
2011-07-05,20.2611,19.7,20.3491,21.6433,23.5848,24.3518,25.2111,26.2744,26.5271
2011-07-06,20.9197,20.6142,20.9591,22.2355,23.7873,24.8212,25.5871,26.5314,26.8187
2011-07-07,20.5946,19.9992,20.6557,21.9513,23.61,24.5556,25.4896,26.3342,27.1892
2011-07-08,22.4146,23.305,22.3399,23.3836,24.7388,25.108,26.0599,27.0272,26.9201
2011-07-11,26.2613,34.7914,25.9368,26.1456,26.5162,27.1787,27.2911,27.7771,27.4828
2011-07-12,28.2541,39.2262,27.9784,27.1971,27.2337,27.4844,27.986,28.5955,28.5893
2011-07-13,26.4656,35.2982,26.3462,26.2363,26.252,26.8122,27.6207,28.156,29.1154
2011-07-19,28.9959,28.9877,28.8365,28.2247,28.0816,28.0763,28.6765,29.1905,29.9551
2011-07-20,27.6237,27.6249,27.5526,27.0568,27.1128,27.2426,27.8851,28.4005,29.4531
2011-07-21,23.8296,23.7487,24.7055,25.2755,25.2281,25.9685,26.7634,27.3723,28.5183
2011-07-22,22.4011,22.2175,23.4301,24.0712,24.4874,25.3733,25.9903,26.7746,27.502
2011-07-25,24.5023,24.3319,24.8469,25.0508,25.6018,25.9338,26.2178,26.9813,27.4405
2011-07-26,24.0382,23.7361,24.5154,24.8776,25.4009,25.8902,26.3786,27.1196,27.792
2011-07-27,26.0272,26.1684,25.8442,26.1072,26.3772,26.5631,26.769,27.5026,27.7191
2011-07-28,26.5424,26.9375,26.1208,26.1833,26.3186,26.7476,27.2566,27.6416,28.289
2011-07-29,27.6238,28.6396,26.7128,26.3274,26.4902,26.738,26.9898,27.6338,28.1223
2011-08-01,29.0047,30.7983,28.0636,27.2735,27.0855,27.1571,27.4405,27.9613,28.043
2011-08-02,29.346,29.866,29.1258,28.3333,28.2165,27.7865,27.8456,28.2934,28.1068
2011-08-03,29.7215,29.7898,29.6977,28.8083,28.666,28.4835,28.4042,28.5947,28.7953
2011-08-04,34.629,36.6284,34.0281,32.0418,30.9367,30.0578,29.487,29.6439,28.872
2011-08-05,39.2459,43.4891,38.1615,35.2004,33.1919,31.4945,30.8344,30.394,30.3192
2011-08-08,45.3038,52.2102,44.3519,40.041,37.0225,34.4878,33.1455,31.9339,30.9706
2011-08-09,46.3979,53.0022,45.6895,41.7891,37.5121,35.2646,34.9678,33.3526,34.0526
2011-08-10,49.4966,62.609,48.3538,42.6377,38.3748,35.7973,34.5988,33.4839,31.3192
2011-08-11,48.7042,64.0064,47.6952,42.569,38.473,35.8546,34.9539,33.2041,32.5297
2011-08-12,44.8485,54.8658,44.4009,40.2201,36.7633,34.1122,33.7188,32.1403,31.9831
2011-08-15,40.353,49.6205,40.2702,37.8916,34.7998,32.615,32.4977,31.424,30.994
2011-08-16,38.0487,49.9022,38.0137,36.9289,34.2815,32.8403,32.5763,31.2975,30.6078
2011-08-17,35.0436,41.0903,35.0543,34.2911,32.489,31.7759,31.3445,30.7226,30.4227
2011-08-23,44.353,45.254,42.6189,40.981,39.7435,37.7413,35.6938,34.0222,33.4645
2011-08-24,42.1282,42.7612,41.1512,39.7941,38.5756,36.548,35.2884,33.817,33.14
2011-08-25,44.3803,45.6194,42.784,41.0071,40.2389,37.5683,35.6603,34.1384,32.8047
2011-08-26,43.5524,44.515,42.5284,41.0615,40.469,38.0876,36.2723,34.501,33.1281
2011-08-29,39.2544,40.2241,38.6339,38.8965,37.4202,36.362,35.4233,33.8595,34.1291
2011-08-30,38.1572,39.5712,37.3815,37.0122,36.1122,35.7863,34.6916,33.1019,32.7495
2011-08-31,35.6495,36.922,35.0573,34.6023,33.5855,33.4733,33.5123,31.864,32.0282
2011-09-01,36.5683,37.9772,36.0108,34.9083,34.2078,33.2987,32.6918,31.924,31.2576
2011-09-02,40.0959,41.6402,39.5785,37.5515,37.1368,35.6547,34.8992,33.3342,31.5714
2011-09-05,46.8414,51.8143,45.8195,43.2121,42.5801,39.635,37.139,35.3685,33.2196
2011-09-06,47.8677,52.1158,47.1554,44.6087,43.3337,41.1159,38.7621,36.1475,35.346
2011-09-07,43.4696,45.2681,43.2304,41.5865,40.4993,38.6791,37.5701,35.5297,35.8461
2011-09-08,41.6299,43.366,41.4445,40.5279,39.5789,38.1213,36.7494,35.2181,34.946
2011-09-09,49.7943,59.393,48.9223,46.1298,44.9259,41.8819,39.5545,37.2992,35.8147
2011-09-12,53.5472,68.7195,52.9808,49.9974,48.9512,44.4593,41.3351,39.3452,37.7867
2011-09-13,49.1151,65.5036,48.7131,48.3319,47.0254,43.5326,41.1029,39.2713,39.4492
2011-09-14,46.7296,68.7347,46.4145,46.1106,44.9868,42.1406,40.4193,38.3586,38.4828
2011-09-20,42.7855,42.8121,43.3031,43.1799,41.9458,40.3687,26.8265,38.5199,38.4068
2011-09-21,44.1387,44.1415,43.9641,43.9868,42.7344,41.1558,36.8307,38.8951,37.9531
2011-09-22,47.781,47.816,47.3925,47.3612,45.7678,43.9388,38.1182,40.6367,38.9608
2011-09-23,48.5408,48.7136,47.5336,47.5124,45.7021,44.1819,38.2794,41.0131,40.3024
2011-09-26,49.2866,50.0664,47.653,47.369,45.1249,43.7945,38.6856,41.4241,40.8627
2011-09-27,45.5196,46.4545,43.9778,43.3588,42.327,41.4688,37.4765,39.3415,39.7647
2011-09-28,46.3864,47.5158,44.8891,44.2177,42.9031,41.8641,38.9824,39.4171,38.7245
2011-09-29,44.442,45.089,43.7518,43.3649,42.7475,41.448,38.7777,39.1073,38.1544
2011-09-30,46.6796,47.1697,46.2508,45.4052,43.6658,42.3976,39.2333,39.6851,38.2201
2011-10-03,48.6534,49.5759,48.1848,46.9868,45.1926,43.9377,42.2883,40.4486,39.6622
2011-10-04,50.4407,51.12,50.1539,49.5673,46.6145,45.1661,43.1651,41.5181,40.4078
2011-10-05,45.597,45.241,45.7204,45.4162,44.2996,43.8609,42.8828,40.5004,40.2808
2011-10-06,42.6277,42.4052,42.692,42.5858,42.4798,42.226,41.5252,39.453,38.892
2011-10-07,40.5639,39.3505,40.8486,41.4202,41.2156,40.7998,40.5062,38.3475,37.9807
2011-10-10,37.9148,38.0222,37.9011,38.7078,39.059,39.1279,38.6782,36.9372,36.8949
2011-10-11,38.1751,38.1492,38.1776,38.9334,39.2252,38.9332,38.2094,37.1668,36.4985
2011-10-12,35.7679,34.8183,35.8392,36.7722,37.5864,38.2011,37.6191,36.3562,36.3358
2011-10-13,38.7483,40.3473,38.6561,38.5386,38.5641,38.5386,37.827,37.02,36.2657
2011-10-14,34.9396,33.6018,34.992,35.5633,37.2636,37.6178,37.2687,36.1675,36.3334
2011-10-17,38.8089,48.0687,38.7258,37.7233,37.4027,37.658,36.9812,36.0443,35.8977
2011-10-18,39.665,47.9089,39.6418,39.0521,38.5827,38.2431,37.393,36.5337,36.1552
2011-10-19,39.8925,47.808,39.901,39.3581,38.6434,38.6163,37.7158,36.6995,36.4181
2011-10-25,37.8419,38.1687,37.3116,35.9778,36.6067,37.3529,36.6215,35.6228,35.4197
2011-10-26,37.7721,38.1795,37.2405,35.9401,37.1482,37.0086,36.4079,35.5027,35.3725
2011-10-27,30.3371,30.0326,30.6539,32.0239,33.0519,34.1938,33.7735,32.3995,33.7591
2011-10-28,31.2429,30.8914,31.5441,31.3783,32.4835,32.9346,33.1596,32.5726,32.0169
2011-10-31,35.1198,35.7179,34.8164,33.7084,34.4309,34.4916,33.7317,33.9005,32.8208
2011-11-01,42.9562,45.4585,41.8653,38.9353,39.9343,37.8521,36.8527,36.98,35.3404
2011-11-02,42.1425,43.8077,41.5462,39.7032,40.2611,39.1142,37.8736,37.0654,35.9848
2011-11-03,40.054,41.5673,39.605,38.4136,38.7323,38.1928,37.4016,36.1307,35.6573
2011-11-04,41.4944,43.9736,40.8794,39.0737,39.4211,38.3913,37.5114,36.8712,35.2175
2011-11-07,42.2205,45.0732,41.8451,40.003,40.1115,38.9394,37.9182,37.2725,36.9549
2011-11-08,39.6689,42.9109,39.3321,38.6521,39.3349,38.1044,37.5132,36.3691,36.2601
2011-11-09,41.7228,48.0888,41.1983,39.6974,39.9812,38.687,37.7238,37.0531,36.3727
2011-11-10,43.7184,51.0631,43.2671,41.6515,41.2101,39.6456,38.7377,37.735,36.6467
2011-11-11,39.5323,43.6545,39.3585,39.0971,39.2887,38.6014,37.8197,36.7459,36.8174
2011-11-14,40.1517,46.4882,40.0969,39.0981,39.247,38.7411,37.9074,36.883,35.7965
2011-11-15,39.6113,47.1482,39.5903,39.1609,39.7274,39.9905,38.0385,37.2781,35.665
2011-11-16,38.0763,45.371,38.0617,39.0856,39.8369,39.3846,37.7295,36.9776,36.0052
2011-11-22,39.5623,39.3268,39.9987,40.9108,41.9192,41.7921,40.3797,39.5415,38.6668
2011-11-23,40.9728,40.7924,41.2446,41.8853,42.3574,42.4696,41.1864,40.2102,38.8392
2011-11-24,40.3246,39.8948,40.8545,41.6321,42.4499,42.6088,41.7116,40.0447,39.1009
2011-11-25,40.8202,39.9101,41.7456,42.555,42.8608,43.2149,41.815,40.5946,39.4719
2011-11-28,38.9704,38.8872,39.0224,40.4167,40.5532,40.9817,39.9537,38.7753,39.2192
2011-11-29,38.6637,39.3889,38.2714,39.1937,41.0285,40.703,39.9595,38.8377,38.0437
2011-11-30,37.0829,38.6527,36.3487,37.5468,37.8518,39.1734,38.8118,37.799,37.7486
2011-12-01,36.5396,37.7688,36.0549,36.9627,37.8256,38.7646,38.9605,37.5618,36.9523
2011-12-02,35.6881,37.2177,35.1741,36.2254,36.8295,38.076,38.3631,36.837,37.3181
2011-12-05,35.9744,40.0528,35.1328,35.7521,36.3153,37.3576,37.7907,36.2928,36.9511
2011-12-06,36.9213,41.3261,36.1699,36.3997,37.1555,37.5689,37.9866,36.3785,35.8212
2011-12-07,37.2166,41.8756,36.5675,36.9392,37.5,37.9868,38.1803,36.6906,35.84
2011-12-08,39.3825,46.9137,38.5116,38.7568,39.1967,39.2158,38.9532,37.8764,36.4783
2011-12-09,34.9028,39.6044,34.4881,36.578,37.9108,38.0477,38.0834,36.7725,36.2504
2011-12-12,36.2503,43.4818,35.9907,37.3279,37.4547,38.4323,38.4229,37.2422,35.3256
2011-12-13,33.6736,40.8698,33.5064,35.879,37.1306,38.0606,38.3345,37.179,35.741
2011-12-14,34.4891,43.5322,34.3707,36.1956,38.1448,39.022,38.6612,37.794,35.9058
2011-12-20,30.3271,30.3789,31.3242,33.1487,35.4072,35.6666,35.5383,35.048,34.6521
2011-12-21,30.2552,30.2398,31.2036,32.5296,34.5054,35.0665,34.9147,33.8838,33.7743
2011-12-22,28.8742,28.7832,29.8602,31.5169,33.6123,34.7942,34.3597,33.8837,33.6168
2011-12-23,28.5177,28.3185,29.6383,31.3899,33.2778,34.205,34.1269,33.4632,33.2643
2011-12-27,29.749,29.4148,30.2775,31.6882,33.419,34.3539,34.2147,33.3602,33.3108
2011-12-28,31.8173,31.7312,31.9278,33.312,34.5763,35.089,34.9029,33.3661,33.506
2011-12-29,32.1867,31.9316,32.4526,33.567,34.9923,35.7659,35.4153,34.2611,33.8316
2011-12-30,32.1544,31.9746,32.3093,33.2988,34.8489,35.5685,35.2416,34.1374,33.8469
2012-09-05,27.6615,28.6978,27.2909,27.4632,28.0904,29.5328,30.6699,31.0827,30.9918
2012-09-06,23.1125,22.8896,23.1767,24.5899,25.3589,27.4664,29.3476,30.0588,31.076
2012-09-07,21.8266,20.4418,22.1449,23.5628,24.7816,26.8954,28.2466,29.2645,29.4745
2012-09-10,23.4869,23.2141,23.5212,24.3812,25.5277,27.5064,28.5913,29.6747,29.3475
2012-09-11,23.9199,25.0089,23.8089,24.4672,25.3785,27.3381,28.7925,29.6898,29.7104
2012-09-12,23.6536,23.1774,23.6894,24.1617,24.9513,26.9721,28.188,29.3604,29.5991
2012-09-13,23.5096,24.2867,23.465,24.2907,25.1848,26.9335,28.2555,29.3487,29.5844
2012-09-14,21.1062,19.0263,21.1852,22.5213,23.7716,25.6337,27.5699,29.0878,29.6159
2012-09-17,20.9384,21.8933,20.9306,22.3322,23.6592,25.8016,27.3055,28.9278,29.2198
2012-09-18,21.0614,22.7575,21.0569,22.3985,23.7992,26.0473,27.4199,29.014,29.3568
2012-09-19,20.2909,22.6173,20.268,21.6719,23.1181,25.4457,27.2719,28.9098,29.3766
2012-09-25,19.7747,19.3377,20.4564,22.0971,24.2053,26.5935,21.3464,28.483,28.9289
2012-09-26,22.2323,22.0141,22.5104,23.7549,25.8261,27.2256,21.8204,29.1217,28.9612
2012-09-27,22.4909,22.2568,22.7343,23.9235,25.6638,27.5005,21.8396,29.2585,29.3653
2012-09-28,23.3836,23.405,23.365,24.5478,26.0409,27.7464,27.5294,29.4908,29.3553
2012-10-01,22.8698,22.7133,22.9477,24.0084,25.4299,27.4483,27.9375,28.9877,29.5463
2012-10-02,23.1473,23.0355,23.1939,24.0697,25.4349,27.2378,27.5648,28.9547,29.1996
2012-10-03,22.1253,21.1831,22.4445,23.6019,25.2584,27.1781,28.3598,28.8105,29.141
2012-10-04,21.9957,20.9461,22.2904,23.6145,25.2492,27.2202,28.2757,28.7701,29.0488
2012-10-05,20.3484,18.7058,20.7218,22.2448,24.184,26.2474,28.186,28.7354,29.2075
2012-10-08,21.58,20.5721,21.7043,23.0941,24.805,26.5539,27.6337,28.5692,28.8813
2012-10-09,22.9493,23.1685,22.9274,23.9976,25.3322,26.9503,28.0026,28.8351,29.0074
2012-10-10,22.67,22.4239,22.6887,24.0037,25.2406,27.0575,28.1128,28.8238,28.8337
2012-10-11,21.5761,20.7584,21.6213,23.0303,24.4153,26.6672,27.9973,28.4458,28.5925
2012-10-12,21.8817,20.7589,21.9254,23.4431,24.765,26.4537,27.6595,28.0783,28.065
2012-10-15,21.4496,22.4657,21.4413,22.836,24.4131,26.2302,27.492,27.8347,28.1327
2012-10-16,20.4001,21.7186,20.3966,21.8808,23.2476,25.6093,26.9537,27.54,27.821
2012-10-17,19.8775,21.4797,19.8538,21.4616,22.955,25.1002,26.4602,26.9138,27.4897
2012-10-23,23.3924,23.2714,23.6169,23.1689,24.6805,26.0704,27.0202,27.8211,27.993
2012-10-24,22.7611,22.3679,23.3439,22.9309,24.461,26.1186,27.3305,27.6343,28.1505
2012-10-25,22.4852,22.0517,23.0146,22.6714,24.2721,26.0057,27.0957,27.5091,27.9833
2012-10-26,22.137,21.5421,22.7391,22.2999,24.0476,25.8757,26.991,27.3959,27.9175
2012-10-29,23.2166,22.9315,23.3937,22.7563,24.2655,25.8971,26.9164,27.4523,27.9016
2012-10-30,21.8978,21.3031,22.2083,21.8071,23.4778,25.3722,26.6534,27.0094,27.7682
2012-10-31,22.2123,22.253,22.1937,21.7754,23.5837,25.2724,26.25,26.5469,27.4062
2012-11-01,21.2117,20.8936,21.3329,21.1156,23.0363,24.8603,25.9164,26.2291,27.32
2012-11-02,20.5608,19.9629,20.7524,20.6667,22.5874,24.2767,25.2793,25.9476,26.9112
2012-11-05,22.216,23.1544,22.0302,21.4844,23.4011,24.7902,25.5135,26.1588,26.7528
2012-11-06,21.7924,22.9723,21.5984,21.2227,23.0401,24.7046,25.5622,26.2213,26.9862
2012-11-07,23.2841,25.4181,22.9922,22.2147,23.8799,24.9755,25.6675,26.4069,26.9214
2012-11-08,23.0951,24.3439,22.9609,22.5125,24.1422,25.2171,26.0954,26.6397,27.238
2012-11-09,22.57,22.3162,22.5907,22.3295,24.1078,25.5898,26.0437,26.6978,27.1702
2012-11-12,22.7101,24.4142,22.6526,22.4544,24.0437,25.3961,26.1086,26.733,27.2092
2012-11-13,21.8471,24.2569,21.7938,21.7469,23.5956,25.2545,25.9499,26.5515,27.1127
2012-11-14,21.5292,25.0549,21.4851,21.385,23.563,24.8202,25.6925,26.3931,26.9621
2012-11-20,18.7696,18.7846,19.0603,20.3576,21.4926,23.6269,24.7818,25.5407,26.0607
2012-11-21,17.8461,17.841,18.1605,19.5968,20.9951,23.168,24.4654,25.0831,25.7247
2012-11-22,17.4423,17.4098,17.7969,19.2844,20.7241,23.0268,24.153,24.9154,25.5662
2012-11-23,17.7473,17.71,17.9603,19.5307,20.8239,23.0044,23.9907,24.7976,25.48
2012-11-26,18.4984,18.4715,18.5534,19.9756,21.2658,23.2989,24.3287,25.0595,25.5259
2012-11-27,17.699,17.4735,18.055,19.5937,20.9227,23.1206,24.2482,25.0845,25.6394
2012-11-28,17.2555,17.069,17.4928,19.1587,20.4806,22.8952,24.2929,24.9112,25.6233
2012-11-29,16.4854,16.3072,16.6706,18.4546,19.7806,22.2491,23.7772,24.5339,25.4683
2012-11-30,16.5548,16.2828,16.7867,18.49,19.7712,22.1407,23.5226,24.3188,25.1557
2012-12-03,17.3112,17.4633,17.2344,18.7516,19.9662,22.2949,23.5271,24.3127,25.2287
2012-12-04,17.2837,17.4541,17.212,18.8361,20.0027,22.3015,23.49,24.259,25.2668
2012-12-05,17.3906,17.2212,17.4492,19.0328,20.1463,22.4216,23.5431,24.3039,25.3155
2012-12-06,16.9937,16.513,17.1304,18.8177,19.8496,22.2135,23.4512,24.2764,25.5442
2012-12-07,17.2026,16.3829,17.3929,19.0624,20.0098,22.4182,23.4149,24.292,25.5083
2012-12-10,17.4025,17.0706,17.4441,19.143,20.1262,22.5302,23.4543,24.3749,25.6632
2012-12-11,17.0262,16.762,17.0523,18.8039,19.8516,22.121,23.2568,24.19,25.6099
2012-12-12,17.0471,16.1861,17.1108,18.7954,19.8361,22.1281,23.4822,24.2397,25.322
2012-12-13,16.9542,15.4337,17.0359,19.0864,20.2852,22.5732,23.6117,24.441,25.5906
2012-12-14,16.4818,14.7411,16.5476,18.8094,19.8867,22.3816,23.586,24.4097,25.7998
2012-12-17,16.4617,16.3384,16.4626,18.7057,19.9566,22.3992,23.5351,24.3756,25.7521
2012-12-18,15.8638,17.5137,15.8594,18.4205,19.5278,22.1066,23.4322,24.4192,25.7308
2012-12-19,15.6463,19.0415,15.6085,17.8499,19.3063,22.0859,23.4772,24.6446,25.682
2012-12-28,21.3534,21.3173,21.3846,22.0199,24.118,24.6225,25.3849,26.5778,27.0792
2013-01-02,18.3628,18.2658,18.3965,19.5836,21.8862,24.1142,24.7753,26.2117,26.7876
2013-01-03,17.54,17.0067,17.6915,19.1787,21.5665,22.96,24.0756,25.2832,26.0402
2013-01-04,16.0708,14.4981,16.4246,18.4189,21.0705,22.6054,23.7812,25.1266,25.9963
2013-01-07,16.818,15.9782,16.9214,18.9151,21.3198,22.8311,23.8175,25.0745,26.0022
2013-01-08,16.8999,16.0811,16.9791,18.945,21.2883,22.7356,23.7401,25.0598,26.0339
2013-01-09,16.1474,15.0634,16.2269,18.4208,20.932,22.465,23.4119,24.9527,25.8637
2013-01-10,16.1155,15.1055,16.1705,18.49,20.9458,22.2739,23.3489,24.8763,25.7844
2013-01-11,15.5715,14.2532,15.6219,17.7848,20.44,21.9334,22.964,24.5391,25.5775
2013-01-14,15.7019,16.996,15.6911,17.6413,20.2776,21.7506,22.9808,24.6456,25.2938
2013-01-15,15.9725,17.9144,15.9672,17.7517,20.2425,21.7292,22.8587,24.539,25.1822
2013-01-16,16.146,17.8226,16.1246,17.4306,19.9597,21.5207,22.6692,24.2647,25.0146
2013-01-22,16.063,15.7957,16.4828,14.6933,18.7721,20.2552,21.2573,22.6456,23.6773
2013-01-23,16.2203,15.8873,16.6395,17.1818,18.7925,20.2508,21.2551,22.66,23.5301
2013-01-24,15.3145,14.8206,15.8169,16.6445,18.3424,19.915,20.9623,22.4622,23.3828
2013-01-25,14.9093,14.1971,15.4998,16.2501,18.02,19.5198,20.529,22.0117,23.083
2013-01-28,15.1979,14.3891,15.5871,16.3479,17.826,19.4169,20.4011,21.9344,22.9407
2013-01-29,14.8562,13.8122,15.2717,16.1471,17.5979,19.2792,20.4142,21.9009,22.9541
2013-01-30,15.9384,15.3711,16.1316,16.8131,18.3534,19.5241,20.5847,22.0269,23.0201
2013-01-31,16.6395,16.1705,16.7728,17.315,18.9258,20.0657,21.0679,22.2863,23.1886
2013-02-01,15.9874,14.7331,16.273,16.9996,18.7883,20.0036,20.9798,22.3087,23.3025
2013-02-04,20.1454,21.2775,19.9973,19.705,20.5791,21.0563,21.9934,22.8809,23.6521
2013-02-05,19.2593,20.0892,19.1748,19.3826,20.2744,21.2627,22.0093,23.2889,24.176
2013-02-06,20.2113,21.1238,20.1401,20.054,20.7809,21.5699,22.1407,23.2447,24.0722
2013-02-07,20.7955,21.9381,20.7292,20.4214,21.1437,21.9222,22.6145,23.6268,24.3088
2013-02-08,18.5593,17.7658,18.5903,19.0532,19.948,21.0984,21.9163,23.3738,24.2267
2013-02-11,18.9342,20.4139,18.9219,19.0652,20.0638,21.1301,21.963,23.1717,23.965
2013-02-12,18.3682,19.4938,18.3652,18.7028,19.7519,20.8942,21.7776,23.1517,24.0526
2013-02-13,18.2817,18.485,18.2789,18.4769,19.5572,20.6726,21.6624,23.0203,23.9091
2013-02-19,18.4631,18.4523,18.4832,16.4917,19.4279,20.731,21.6607,23.0955,23.9675
2013-02-20,19.6147,19.7995,19.3315,18.6417,20.0547,20.9584,21.7974,22.9827,23.92
2013-02-21,21.5133,21.9818,20.9142,20.0347,21.204,21.7171,22.4104,23.5217,24.2647
2013-02-22,20.8556,21.5899,20.0634,20.0471,20.4563,21.2446,22.0144,23.3364,24.0727
2013-02-25,21.3086,23.012,20.1673,19.7651,20.2685,20.9415,21.8165,22.9784,23.8483
2013-02-26,25.8975,28.4638,24.4194,22.9349,23.6602,23.4688,23.4898,24.3313,24.5724
2013-02-27,22.0043,22.8424,21.6136,21.1255,21.9954,22.3881,22.8837,23.6905,24.3273
2013-02-28,21.0046,21.4996,20.8108,20.5057,21.3886,21.8908,22.2093,23.0948,23.8665
2013-03-01,21.7728,22.0457,21.683,21.0892,22.1158,22.3698,22.6578,23.3852,23.8054
2013-03-04,21.4361,21.6355,21.3973,20.9616,21.833,22.2585,22.5342,23.2389,23.9786
2013-03-05,19.5539,19.3983,19.5786,19.5598,20.5601,21.5343,22.0329,22.9109,23.7326
2013-03-06,20.1143,20.1919,20.1042,19.9028,20.9319,21.5498,21.9381,22.9139,23.716
2013-03-07,18.7353,17.8837,18.8219,19.4039,20.2989,21.1834,21.7689,22.7632,23.5266
2013-03-08,17.3844,15.6052,17.5225,18.721,19.5274,20.6395,21.2862,22.4898,23.3617
2013-03-11,17.6154,17.3477,17.624,18.7991,19.6444,20.8318,21.3415,22.4039,23.1554
2013-03-12,17.3243,17.8165,17.3139,18.5448,19.5989,20.7143,21.3091,22.388,23.1544
2013-03-13,16.9279,18.5754,16.9079,18.2571,19.3013,20.8548,21.5132,22.5818,23.1934
2013-03-19,21.5306,21.5167,21.2564,21.5436,22.1457,22.4343,17.3352,23.4345,23.976
2013-03-20,18.8741,18.8622,19.5993,20.2029,21.4288,22.1085,17.8834,23.1065,23.9194
2013-03-21,19.7897,19.7567,20.1501,20.6165,21.6395,22.0541,18.285,23.2488,23.687
2013-03-22,21.2876,21.3438,20.9611,21.0324,21.9505,22.3172,18.4306,23.3953,23.9406
2013-03-25,21.2387,21.2859,21.1419,21.5193,21.946,22.5339,18.3374,23.4084,24.1219
2013-03-26,20.8755,20.6926,21.1658,21.4905,22.1981,22.8579,18.2932,23.4441,24.2378
2013-03-27,21.8599,21.8109,21.9229,22.2641,22.758,23.2391,18.3506,23.6332,24.3566
2013-03-28,20.8944,20.6588,21.1391,21.6499,22.3083,22.8445,20.023,23.651,24.3621
2013-04-02,19.6165,19.2942,19.7498,20.3532,21.3627,22.3399,21.3258,23.3418,24.065
2013-04-03,20.7645,20.9584,20.6965,21.214,21.9888,22.4278,22.7166,23.2408,23.9149
2013-04-04,21.0977,21.1741,21.0755,21.5194,22.1334,22.5978,23.025,23.4996,24.1637
2013-04-05,22.2855,22.4749,22.2399,22.6305,22.9848,23.2025,23.1183,23.8947,24.4922
2013-04-08,21.4857,22.0125,21.418,21.8275,22.4506,23.0395,23.4208,23.8499,24.509
2013-04-09,20.4229,20.4343,20.4218,21.0778,22.089,22.7415,23.2943,23.6306,24.353
2013-04-10,19.1768,19.5748,19.1462,19.8155,21.1176,21.7873,23.074,23.3749,24.0547
2013-04-11,18.848,19.3199,18.821,19.596,20.8236,21.5957,22.165,22.8098,23.7061
2013-04-12,20.2145,20.5144,20.2024,20.5626,21.663,21.9756,22.3824,23.0797,23.8133
2013-04-15,20.1989,22.772,20.177,20.6572,21.7051,22.2093,22.6479,23.2004,23.9683
2013-04-16,20.5067,23.4846,20.4985,20.9625,21.9413,22.4749,22.8375,23.2768,24.0251
2013-04-17,22.7545,31.103,22.7553,22.6995,22.909,23.2212,23.2934,24.0552,24.4737
2013-04-23,19.2103,18.9249,19.7324,17.5992,20.906,21.7925,22.4859,22.9068,23.2487
2013-04-24,18.9814,18.7303,19.3553,19.5023,20.7278,21.3506,21.9022,22.6813,23.3878
2013-04-25,19.4097,19.2176,19.6466,19.7553,20.7433,21.3859,21.828,22.555,23.333
2013-04-26,19.7111,19.4556,19.9734,20.0018,21.2628,21.778,21.9854,22.6678,23.4747
2013-04-29,19.9773,19.9975,19.9646,19.8969,20.8068,21.5748,21.9982,22.5889,23.4159
2013-04-30,20.261,20.3616,20.2072,20.1123,20.858,21.4966,21.8689,22.4465,23.3192
2013-05-02,18.7486,18.4075,18.8784,19.1655,20.1575,20.9326,21.5029,22.1482,23.0692
2013-05-03,17.6329,16.671,17.9358,18.3812,19.4796,20.4076,20.9353,21.7724,22.8041
2013-05-06,18.0551,17.6313,18.1357,18.5363,19.5683,20.4329,20.8382,21.5821,22.6259
2013-05-07,17.4472,17.2084,17.485,17.9723,19.1451,20.161,20.7081,21.374,22.4779
2013-05-08,17.3575,17.375,17.3552,17.7335,18.9732,20.0427,20.4177,21.2167,22.3545
2013-05-09,17.2186,16.2999,17.3117,17.8173,19.1418,20.1839,20.4425,21.2818,22.3904
2013-05-10,17.4277,16.7412,17.4829,18.0322,19.4334,20.5034,20.9329,21.6171,22.6377
2013-05-13,17.6724,18.2116,17.6546,18.2913,19.6496,20.7136,21.1432,21.8434,22.7716
2013-05-14,17.1365,17.8778,17.1206,17.9005,19.447,20.7054,21.128,21.8382,22.7701
2013-05-15,16.639,18.0042,16.6226,17.5977,19.2959,20.6365,21.0074,21.8936,22.8493
2013-05-21,16.9073,16.954,17.7971,16.3127,19.7997,21.3482,21.6796,22.6246,23.5528
2013-05-22,16.2933,16.2804,17.0749,17.8184,19.3375,20.9633,21.5681,22.4682,23.4618
2013-05-23,18.3633,18.3224,18.8087,19.1,20.6701,21.9389,21.8507,22.9019,23.8912
2013-05-24,18.4925,18.4221,18.8927,19.1147,20.6869,22.2045,22.361,23.0998,24.009
2013-05-27,18.152,18.0084,18.4422,18.7714,20.245,21.6982,22.1439,22.9287,23.8246
2013-05-28,17.7473,17.5565,18.0491,18.3816,19.7949,21.3494,21.9168,22.6732,23.5716
2013-05-29,19.6808,19.7162,19.635,19.5045,20.7652,22.0886,22.1536,22.8987,23.7559
2013-05-30,18.8641,18.7203,19.0139,19.1191,20.3864,21.6924,22.1396,22.9991,23.8426
2013-05-31,19.6048,19.488,19.7054,20.08,20.7919,21.9862,22.2894,22.9736,23.8318
2013-06-03,21.3772,22.047,21.0338,21.1354,21.6285,22.5901,22.8636,23.4758,24.0972
2013-06-04,21.0043,21.4532,20.8136,21.0271,21.4543,22.4186,22.7653,23.6528,24.1478
2013-06-05,22.2683,22.8997,22.0439,22.0519,22.4545,23.1338,23.1411,23.741,24.4336
2013-06-06,22.1956,22.6095,22.0742,22.2685,22.5987,23.2616,23.3214,23.9864,24.6012
2013-06-07,19.9529,19.7107,20.0104,20.8601,21.395,22.4136,22.9665,23.6132,24.3754
2013-06-10,19.5903,19.6398,19.584,20.2174,20.888,21.9927,22.5808,23.1063,23.9787
2013-06-11,21.0051,21.9785,20.9059,21.2103,21.7696,22.682,23.0342,23.3152,24.2995
2013-06-12,21.7413,23.3658,21.6127,21.8448,22.316,22.9893,23.2556,23.6551,24.4057
2013-06-13,22.1068,23.5568,22.0222,22.3421,22.6804,23.2467,23.499,23.8359,24.5333
2013-06-14,21.2645,21.3776,21.26,21.8925,22.3466,22.9574,23.3652,23.709,24.4589
2013-06-17,21.1025,25.1,21.0674,21.6985,22.1054,22.6169,22.9919,23.5065,24.2675
2013-06-18,20.8403,25.3759,20.8274,21.3691,21.832,22.4712,22.9312,23.4842,24.2094
2013-06-19,20.4065,31.9095,20.3971,20.9834,21.4628,22.246,22.7456,23.2972,24.1127
2013-06-25,24.1377,24.228,23.9921,24.4005,24.6193,24.6824,24.6773,24.816,24.8863
2013-06-26,22.5505,22.6003,22.4861,23.2102,23.718,24.0613,24.1219,24.3102,24.7207
2013-06-27,21.6929,21.4962,21.8977,22.6706,23.2448,23.5102,23.6964,24.211,24.1159
2013-06-28,21.8175,21.5747,22.0256,22.8991,23.5295,23.5765,23.8094,24.2886,24.1249
2013-07-01,21.8282,21.5633,21.9597,22.875,23.5522,23.7295,23.9432,24.2902,24.129
2013-07-02,21.5897,21.09,21.7953,22.7902,23.5363,23.6249,24.0892,24.3399,24.0246
2013-07-03,22.6511,22.4807,22.7102,23.3897,23.9639,23.9769,24.331,24.517,24.1629
2013-07-04,21.3419,21.3621,21.336,22.0315,22.9931,23.5133,23.9316,24.0803,24.4086
2013-07-05,22.5944,22.7063,22.5676,23.1067,23.6884,23.62,23.8908,24.2719,23.8316
2013-07-08,21.5829,22.0999,21.5165,22.2595,22.9955,23.3778,23.8833,24.2069,24.176
2013-07-09,20.6393,20.2596,20.6767,21.575,22.488,22.93,23.4557,23.8223,23.7812
2013-07-10,20.3708,19.2094,20.4564,21.4462,22.4375,22.9934,23.3956,23.8131,23.7099
2013-07-11,18.9757,17.8807,19.0356,20.2387,21.6529,22.6203,23.1449,23.4823,23.6866
2013-07-12,19.072,17.5568,19.1301,20.2542,21.6698,22.3252,22.9433,23.4063,23.6742
2013-07-15,18.9011,18.7625,18.9022,19.8925,21.3189,22.1707,22.9071,23.4258,23.6835
2013-07-16,19.2437,19.4005,19.2433,20.2727,21.6202,22.1401,22.7634,23.3458,23.5618
2013-07-17,18.4869,20.2943,18.4711,19.5532,21.3245,21.9626,22.821,23.606,23.5605
2013-07-23,17.3366,16.8205,18.2616,16.2215,20.3497,21.1386,22.2051,23.0086,23.4297
2013-07-24,17.085,16.577,17.8267,18.515,20.1329,21.0482,21.9443,23.0138,23.1878
2013-07-25,17.4835,16.8787,18.2099,18.9551,20.5364,21.3395,22.2382,23.2056,23.3279
2013-07-26,18.1141,17.5428,18.6896,19.3279,20.9077,21.7178,22.4151,23.1738,23.4147
2013-07-29,18.7032,18.2539,18.9796,19.558,21.0687,21.6946,22.4797,23.343,23.4101
2013-07-30,18.8439,18.2847,19.1353,19.5582,21.1279,21.8162,22.6375,23.3825,23.4679
2013-07-31,19.0644,18.6845,19.2341,19.5642,20.8784,21.8291,22.503,23.3597,23.4219
2013-08-01,23.3121,17.4564,16.6336,17.7632,18.4313,20.0429,21.1052,22.0832,22.9934
2013-08-02,16.8183,15.1198,17.337,17.9878,19.7185,20.7033,21.8404,23.0843,23.1273
2013-08-05,17.3314,15.3452,17.6891,18.4626,19.7377,20.7175,21.8542,22.9459,23.1087
2013-08-06,17.9242,16.0501,18.205,18.9867,20.3026,21.2127,22.1121,23.1128,23.3034
2013-08-07,18.2711,16.1083,18.5337,19.3397,20.5517,21.5625,22.2448,23.3716,23.5143
2013-08-08,17.3468,14.4383,17.6228,18.7101,20.0881,21.3819,22.3176,23.1756,23.5345
2013-08-09,17.1706,14.1019,17.3986,18.6094,20.1561,21.2576,22.0973,23.167,23.4374
2013-08-12,17.3567,15.6322,17.41,18.4975,19.872,21.136,22.0326,23.03,23.3558
2013-08-13,17.0781,15.9116,17.1017,18.4061,19.7473,21.1191,21.777,22.9063,23.3051
2013-08-14,16.6396,15.0892,16.6566,17.966,19.5772,20.9835,21.8313,23.0892,22.8934
2013-08-20,19.1958,19.244,20.1171,18.9688,21.0621,21.9055,22.8193,23.9731,23.6496
2013-08-21,20.5374,20.5312,20.9187,20.6945,21.6974,22.2004,23.0467,24.0238,23.9151
2013-08-22,18.7137,18.6515,19.3877,19.4654,20.516,21.4628,22.5599,23.5445,23.9806
2013-08-23,17.8238,17.6483,18.8025,19.0081,20.1326,21.27,22.3354,23.4504,23.8058
2013-08-26,17.9047,17.5089,18.6878,18.9845,20.0919,21.3047,22.3122,23.6233,23.4102
2013-08-27,22.1683,22.3502,21.8733,21.3051,22.0962,22.6663,23.4221,24.4896,24.1545
2013-08-28,22.3124,22.5386,22.0175,21.424,22.4606,23.0053,23.7885,24.5517,24.3107
2013-08-29,21.1498,20.9847,21.322,20.8764,21.8648,22.8603,23.4886,24.4147,24.4179
2013-08-30,23.4785,23.9425,23.0691,22.2425,23.058,23.4942,24.0897,25.0,24.491
2013-09-02,21.9028,22.1111,21.7978,21.3601,22.1593,22.7957,23.8212,24.7284,24.9371
2013-09-03,23.0533,23.5437,22.8451,22.1794,22.9157,23.3507,23.9721,24.7925,24.5722
2013-09-04,22.0945,21.9812,22.1339,21.8244,22.6573,23.3447,24.396,24.9262,24.996
2013-09-05,21.5095,20.9284,21.6748,21.5518,22.3334,23.1092,23.9221,24.7641,25.0421
2013-09-06,20.2292,19.5427,20.3899,20.589,21.3551,22.2968,23.4029,24.273,24.8206
2013-09-09,20.4702,20.1399,20.5117,20.6041,21.3088,22.3134,23.1706,24.2951,24.4258
2013-09-10,19.3143,18.3,19.4122,19.8154,20.5902,21.5826,22.7288,23.7853,24.3521
2013-09-11,18.4298,16.4202,18.5737,19.212,20.0968,21.4162,22.4148,23.6909,23.9725
2013-09-12,18.4084,15.8596,18.5417,19.0732,19.9574,21.3454,22.2963,23.5467,23.9114
2013-09-13,18.3842,14.8151,18.5126,19.1037,20.0658,21.1938,22.3219,23.7055,23.9366
2013-09-16,18.7198,17.8575,18.7265,19.1486,20.0564,21.2194,22.28,23.5905,24.0274
2013-09-17,18.987,19.9189,18.9846,19.1376,19.89,21.0988,22.0584,23.2763,23.692
2013-09-18,18.1656,24.5825,18.1574,18.6695,19.5527,20.8695,21.9456,23.0296,23.5308
2013-09-24,16.6237,16.2779,17.164,18.3314,19.9558,21.1537,18.5062,22.4572,23.0427
2013-09-25,16.4038,15.898,17.0335,18.3067,19.7868,21.1468,20.9473,22.5025,22.8669
2013-09-26,16.4689,15.943,17.0041,18.1885,19.9227,21.1101,21.1227,22.4809,23.0057
2013-09-27,16.9196,16.3399,17.4062,18.4871,20.1292,21.3062,21.2313,22.6921,23.0279
2013-09-30,19.4503,19.6798,19.3344,19.8615,20.9476,21.9087,21.6445,23.2703,23.3299
2013-10-01,18.3242,18.2305,18.3633,19.129,20.44,21.7981,21.727,23.0577,23.712
2013-10-02,19.2611,19.6185,19.1349,19.6063,20.8184,21.8634,21.6236,23.218,23.5053
2013-10-03,20.0589,20.2189,20.0124,20.5348,21.4297,22.3367,21.8634,23.4238,23.6277
2013-10-04,19.5446,19.17,19.6331,20.2369,21.3418,22.2992,22.0507,23.4761,23.8307
2013-10-07,20.1564,19.927,20.1853,20.5244,21.229,22.0482,21.9471,23.0837,23.9745
2013-10-08,20.8905,20.7604,20.9034,21.1497,21.7388,22.2926,21.9933,23.1793,23.8872
2013-10-09,23.3614,25.9039,23.1566,22.6497,22.638,23.1239,22.2276,23.7563,23.853
2013-10-10,19.8426,19.3142,19.872,20.2314,21.0922,22.0438,22.0485,23.0417,24.0494
2013-10-11,18.2601,15.9351,18.347,19.3335,20.6134,21.6445,21.4272,22.8247,23.4068
2013-10-14,20.1581,21.3387,20.1484,20.2995,21.0725,21.7826,21.5112,22.8391,23.244
2013-10-15,18.6214,20.7065,18.6158,19.1995,20.1534,21.0439,21.2323,22.3757,23.1641
2013-10-16,18.5951,22.8251,18.5895,18.9805,19.9857,20.886,20.9038,22.19,22.8337
2013-10-22,15.6057,15.2235,16.2956,16.2374,18.1865,19.5314,20.1601,21.2617,22.0789
2013-10-23,16.6163,16.2788,17.1147,16.8373,18.7687,19.7453,20.5936,21.3912,21.9441
2013-10-24,15.5581,14.9043,16.3372,16.4055,18.4371,19.6906,20.5843,21.2054,21.9167
2013-10-25,15.0179,14.0634,15.95,16.0915,18.3011,19.5215,20.4082,21.0729,21.7062
2013-10-28,15.8884,15.0072,16.4169,16.3825,18.5216,19.6507,20.4865,21.156,21.7855
2013-10-29,15.1884,14.0909,15.7422,15.9011,18.1951,19.4494,20.3553,20.9797,21.5342
2013-10-30,16.1548,15.5259,16.432,16.4805,18.4378,19.5704,20.3506,20.9601,21.5586
2013-10-31,15.888,14.8495,16.2705,16.2041,18.3556,19.4613,20.4105,20.8653,21.4619
2013-11-01,16.205,15.0391,16.5679,16.5409,18.57,19.6915,20.431,21.0791,21.5853
2013-11-04,16.2488,15.3603,16.4148,16.4232,18.4718,19.7011,20.4677,21.0856,21.6818
2013-11-05,16.7541,16.3569,16.8165,16.703,18.7225,19.8501,20.4872,21.1716,21.7035
2013-11-06,16.828,16.9875,16.8072,16.7353,18.7706,19.8938,20.7065,21.3135,21.7852
2013-11-07,16.69,16.6986,16.689,16.6126,18.6859,19.8031,20.5797,21.2225,21.7505
2013-11-08,17.2896,17.1877,17.298,17.0989,18.9629,20.113,20.6531,21.3128,21.7453
2013-11-11,17.2356,17.3377,17.2323,17.1329,18.8472,19.8939,20.6106,21.2282,21.825
2013-11-12,17.2688,18.6686,17.2383,17.1372,18.9675,20.1041,20.6229,21.2912,21.8018
2013-11-13,17.1273,20.4989,17.0845,17.267,19.0264,20.2908,20.9397,21.5645,21.9431
2013-11-19,15.6565,15.6765,16.043,14.5093,18.3454,19.6346,20.3497,20.9702,21.5878
2013-11-20,15.5212,15.5141,15.9585,17.3674,18.2876,19.7017,20.3375,21.0671,21.7001
2013-11-21,15.082,15.031,15.6339,17.2086,18.1356,19.6544,20.5075,21.25,21.7725
2013-11-22,14.2629,14.1347,14.9794,16.7683,17.6796,19.3066,20.3973,21.0674,21.7345
2013-11-25,14.5254,14.3238,14.929,16.4944,17.553,19.2354,20.3484,20.9837,21.6717
2013-11-26,14.5147,14.3009,14.8513,16.3845,17.5242,19.1675,20.2049,20.8593,21.5613
2013-11-27,14.117,13.8423,14.4634,16.0993,17.1903,18.8745,20.162,20.765,21.506
2013-11-28,13.8195,13.4091,14.2381,16.0468,17.137,18.8388,20.0432,20.724,21.4236
2013-11-29,14.6502,14.2876,14.9572,16.6115,17.5304,19.1802,20.1792,20.8688,21.434
2013-12-02,15.4364,15.3334,15.4878,16.9672,17.9195,19.4427,20.4047,21.0678,21.4854
2013-12-03,17.098,18.1127,16.6552,17.8474,18.7138,20.1201,20.7418,21.4812,21.7519
2013-12-04,17.8791,19.4465,17.2992,18.1705,18.9582,20.246,20.9348,21.6396,21.8949
2013-12-05,18.378,20.2404,17.8023,18.5361,19.2893,20.4886,21.1204,21.775,21.9121
2013-12-06,16.4994,17.1642,16.3365,17.5996,18.436,19.8973,20.9679,21.4675,21.8185
2013-12-09,16.2138,17.686,16.0176,17.227,18.1619,19.6627,20.6314,21.2707,21.7086
2013-12-10,16.7351,19.2014,16.4699,17.5935,18.4706,19.9182,20.6479,21.234,21.7196
2013-12-11,17.3558,20.4574,17.0969,18.0882,18.859,20.1807,20.7737,21.3108,21.7504
2013-12-12,18.0599,21.3712,17.8548,18.3818,19.129,20.204,20.8579,21.5457,21.8432
2013-12-13,18.2036,22.8938,17.9906,18.4242,18.9668,20.1297,20.8798,21.3771,21.7903
2013-12-16,18.4886,27.3021,18.4009,18.7413,19.1451,19.9883,20.8702,21.4163,21.8185
2013-12-17,18.179,27.4536,18.1493,18.8807,19.3935,20.132,20.8456,21.3769,21.8349
2013-12-18,17.2028,32.4868,17.192,17.9417,18.4629,19.4742,20.3952,21.0987,21.5845
2013-12-27,16.4643,16.2803,16.6535,17.1628,18.2595,19.3448,20.1443,20.8645,21.3014
2013-12-30,17.2549,17.4358,17.1406,17.5886,18.4578,19.4092,20.1809,20.8991,21.2775
2014-09-05,15.4702,15.17,15.54,16.33,16.7,17.56,18.4,19.52,20.11
2014-09-08,15.8479,15.59,15.88,16.76,17.21,17.93,18.62,19.66,20.29
2014-09-09,15.878,15.52,15.91,16.88,17.45,18.19,18.85,19.91,20.54
2014-09-10,16.4187,16.25,16.43,17.27,17.73,18.52,19.16,20.16,20.87
2014-09-11,16.6097,15.8,16.65,17.38,17.84,18.75,19.28,20.33,20.82
2014-09-12,15.9108,15.11,15.94,16.85,17.34,18.43,19.1,20.22,20.78
2014-09-15,16.7209,18.7,16.7,17.28,17.7,18.54,19.26,20.29,21.02
2014-09-16,17.096,22.65,17.08,17.5,17.93,18.66,19.23,20.28,20.97
2014-09-17,16.432,24.89,16.42,17.05,17.45,18.28,19.0,20.02,20.95
2014-09-23,17.7684,17.84,17.63,18.18,18.58,19.06,17.25,20.1,20.75
2014-09-24,15.9504,15.64,16.41,17.2,18.06,18.85,17.07,19.97,21.07
2014-09-25,17.5658,17.52,17.62,18.08,18.58,19.14,19.58,20.1,20.57
2014-09-26,17.6012,17.47,17.74,18.26,18.77,19.39,19.84,20.28,21.03
2014-09-29,18.7975,19.12,18.59,18.97,19.23,19.78,20.08,20.56,21.1
2014-09-30,17.8514,17.82,17.87,18.44,18.89,19.5,20.02,20.43,21.17
2014-10-01,19.014,19.19,18.93,19.25,19.5,19.92,20.14,20.66,21.02
2014-10-02,21.0788,21.67,20.85,20.91,20.63,20.79,20.97,21.16,21.18
2014-10-06,19.7614,20.66,19.58,19.85,20.04,20.58,20.71,20.96,21.42
2014-10-07,21.0076,22.29,20.8,20.74,20.63,20.88,21.0,21.17,21.4
2014-10-08,20.9036,22.03,20.75,20.82,20.71,20.95,21.07,21.11,21.39
2014-10-09,20.5162,22.39,20.31,20.28,20.43,20.72,20.94,20.91,21.11
2014-10-10,23.1168,26.98,22.77,22.1,21.48,21.48,21.39,21.37,21.21
2014-10-13,23.4966,28.76,23.31,22.49,21.64,21.69,21.19,21.38,21.4
2014-10-14,23.3811,27.87,23.28,22.9,21.86,21.88,21.28,21.54,21.47
2014-10-15,28.7576,44.58,28.52,27.05,24.26,23.09,22.27,22.53,21.35
2014-10-21,22.2422,22.23,22.02,18.9,21.76,21.97,21.46,21.61,21.54
2014-10-22,21.6951,21.7,21.35,20.68,21.27,21.57,21.07,21.32,21.1
2014-10-23,20.8792,20.87,20.99,20.35,21.03,21.38,21.01,21.18,21.1
2014-10-24,21.3229,21.35,21.19,20.52,21.19,21.38,20.99,21.18,20.9
2014-10-27,23.0205,23.3,22.45,21.39,21.87,21.73,21.16,21.4,20.9
2014-10-28,20.4123,20.41,20.42,19.81,20.52,20.92,20.62,20.85,20.89
2014-10-29,20.7403,20.73,20.76,19.92,20.6,20.87,20.81,20.79,20.63
2014-10-30,20.8846,21.17,20.58,19.71,20.42,20.65,20.78,20.76,20.6
2014-10-31,20.3172,20.51,20.15,19.16,19.74,20.03,20.35,20.36,20.4
2014-11-03,21.364,22.14,20.97,19.82,20.14,20.36,20.27,20.5,20.18
2014-11-04,22.8946,24.19,22.33,20.98,20.98,20.99,20.88,20.85,20.39
2014-11-05,21.9455,23.51,21.37,20.38,20.63,20.7,20.85,20.74,20.89
2014-11-06,20.7181,21.33,20.54,19.83,20.24,20.44,20.47,20.42,20.57
2014-11-07,21.1162,21.89,20.93,20.28,20.6,20.6,20.5,20.46,20.4
2014-11-10,19.1799,18.99,19.2,18.92,19.72,20.05,20.21,20.19,20.21
2014-11-11,18.2589,17.98,18.29,18.06,19.16,19.52,19.81,19.88,19.86
2014-11-12,20.6145,23.14,20.41,19.73,20.12,20.2,20.15,20.2,20.03
2014-11-13,20.0406,21.76,19.94,19.21,19.88,20.11,20.18,20.12,19.86
2014-11-14,19.5586,19.34,19.57,18.93,19.68,20.02,20.09,20.02,19.86
2014-11-17,19.416,21.45,19.4,18.77,19.68,19.97,20.05,19.99,19.77
2014-11-18,18.9696,20.33,18.97,18.42,19.51,19.87,19.94,19.99,19.9
2014-11-19,19.5753,18.98,19.59,18.92,19.86,20.15,20.11,20.28,20.06
2014-11-25,19.1485,19.44,18.67,17.08,19.62,20.01,20.25,20.53,20.56
2014-11-26,18.2837,18.5,18.0,19.05,19.22,19.81,20.19,20.6,20.77
2014-11-27,18.156,18.48,17.81,18.93,19.33,19.84,20.36,20.6,20.73
2014-11-28,18.0253,18.56,17.55,18.68,19.2,19.88,20.25,20.52,20.65
2014-12-01,19.3406,20.53,18.72,19.52,19.8,20.27,20.51,20.77,20.81
2014-12-02,19.1189,20.41,18.55,19.4,19.66,20.28,20.67,20.82,20.93
2014-12-03,18.7911,20.3,18.24,19.02,19.26,19.93,20.45,20.69,21.02
2014-12-04,18.1098,18.98,17.85,18.97,19.4,19.94,20.42,20.73,20.78
2014-12-05,16.3307,16.31,16.34,18.09,18.68,19.4,20.29,20.49,21.11
2014-12-08,16.6347,17.38,16.54,18.34,19.09,19.74,20.25,20.66,20.93
2014-12-09,21.4418,25.91,20.95,21.5,21.64,21.62,21.64,21.91,21.42
2014-12-10,21.7342,26.03,21.37,21.71,22.03,22.03,22.01,22.14,21.96
2014-12-11,20.8103,24.43,20.59,21.76,22.17,22.19,22.15,22.21,22.22
2014-12-12,26.4981,34.83,26.11,25.75,25.68,24.58,23.74,23.73,22.98
2014-12-15,29.5265,44.64,29.37,28.03,27.47,26.01,24.92,24.7,23.57
2014-12-16,25.6614,37.93,25.62,25.67,25.62,24.87,24.68,24.3,23.52
2014-12-17,27.228,42.73,27.24,26.51,26.15,24.99,24.33,24.0,23.05
2014-12-23,22.0804,21.55,23.04,23.49,23.15,23.3,23.26,22.53,22.38
2014-12-29,24.9354,24.85,24.99,24.65,23.74,23.63,23.57,22.79,22.71
2014-12-30,26.1876,25.87,26.35,25.96,24.49,24.09,24.09,23.14,22.81
2015-01-02,26.2531,24.37,26.84,26.74,25.25,24.72,24.34,23.29,23.06
2015-01-05,29.6236,30.47,29.46,28.97,26.75,25.53,25.44,23.84,23.49
2015-01-06,28.8317,28.96,28.81,28.45,26.42,25.6,25.03,24.24,23.37
2015-01-07,28.1715,28.36,28.15,27.8,26.12,25.28,24.55,24.1,23.55
2015-01-08,25.9087,25.13,25.99,25.61,24.5,24.32,23.52,23.6,23.15
2015-01-09,28.7787,31.35,28.56,27.73,25.85,24.77,24.45,23.88,23.65
2015-01-12,29.7249,34.97,29.54,28.05,25.91,25.17,24.4,24.19,23.48
2015-01-13,28.5404,31.71,28.47,27.25,25.19,24.64,24.0,24.0,23.39
2015-01-14,29.4845,33.71,29.43,28.01,25.85,24.98,24.46,23.9,23.58
2015-01-20,27.0724,27.02,26.06,22.37,24.8,24.43,24.03,24.09,23.68
2015-01-21,26.0176,26.03,25.32,24.83,24.62,24.44,24.09,24.19,23.84
2015-01-22,22.9441,22.92,23.18,23.31,23.41,23.66,23.49,23.94,23.78
2015-01-23,23.1125,23.09,23.24,22.89,23.35,23.51,23.5,23.57,23.67
2015-01-26,21.3426,20.96,22.1,22.24,22.91,23.3,23.2,23.51,23.67
2015-01-27,22.4298,22.11,22.93,22.77,23.56,23.57,23.68,23.5,23.63
2015-01-28,21.8259,21.12,22.7,22.88,23.6,23.78,23.77,23.63,23.5
2015-01-29,23.3237,22.82,23.84,23.62,24.21,24.17,24.28,24.16,23.74
2015-01-30,24.731,24.45,24.97,24.47,24.91,24.65,24.73,24.7,24.0
2015-02-02,24.3214,23.73,24.61,24.42,24.7,24.67,24.59,24.74,24.19
2015-02-03,22.7637,21.79,23.16,23.24,23.9,24.22,24.11,24.5,24.15
2015-02-04,22.2736,21.21,22.63,22.8,23.43,23.87,23.97,24.39,24.07
2015-02-05,22.2611,21.01,22.61,22.81,23.37,23.84,24.0,24.49,24.12
2015-02-06,21.8332,20.79,22.08,22.5,23.15,23.64,23.64,24.18,23.87
2015-02-09,25.3712,26.44,25.23,24.87,24.88,24.69,24.7,24.68,24.34
2015-02-10,25.1067,25.51,25.07,24.58,24.86,24.84,24.54,24.76,24.37
2015-02-11,25.721,27.11,25.61,25.11,25.19,24.94,25.13,24.79,24.41
2015-02-12,24.3635,24.9,24.33,24.09,24.42,24.5,24.33,24.53,24.18
2015-02-13,24.1849,24.69,24.16,23.77,24.1,24.32,24.07,24.43,24.03
2015-02-16,25.2507,27.86,25.23,24.46,24.34,24.39,24.14,24.41,24.04
2015-02-17,24.9047,27.76,24.9,24.39,24.44,24.26,23.99,24.28,23.75
2015-02-18,23.3392,27.13,23.34,23.27,23.59,23.72,23.53,23.93,23.39
2015-02-24,18.398,17.86,19.23,17.27,21.23,22.2,22.37,22.73,22.68
2015-02-25,17.8235,17.14,18.67,19.76,20.5,21.58,21.79,22.25,22.21
2015-02-26,17.3519,16.51,18.2,19.28,20.05,21.23,21.42,21.94,21.91
2015-02-27,17.7528,17.2,18.22,19.27,20.3,21.11,21.27,21.75,21.74
2015-03-02,17.7992,17.12,18.13,19.16,20.16,21.18,21.36,21.73,21.7
2015-03-03,19.5843,19.79,19.5,20.08,20.71,21.49,21.6,21.87,21.96
2015-03-04,18.9188,18.55,19.04,19.78,20.34,21.25,21.35,22.11,22.08
2015-03-05,18.1841,17.66,18.33,19.28,20.08,20.94,21.12,22.01,21.96
2015-03-06,18.4149,17.75,18.57,19.51,20.3,21.15,21.32,22.18,22.02
2015-03-09,18.8112,18.09,18.9,19.87,20.65,21.41,21.5,22.35,22.28
2015-03-10,20.4652,20.82,20.43,21.09,21.66,22.06,22.09,22.78,22.48
2015-03-11,19.4698,18.22,19.56,20.71,21.33,21.8,21.88,22.64,22.58
2015-03-12,18.967,17.23,19.06,20.25,21.11,21.77,21.8,22.59,22.44
2015-03-13,18.8262,16.66,18.91,20.09,20.91,21.75,21.89,22.64,22.54
2015-03-16,19.3889,20.29,19.38,20.45,21.13,21.84,22.05,22.73,22.66
2015-03-17,20.2476,22.68,20.24,21.24,21.9,22.49,22.64,23.11,22.96
2015-03-18,19.6938,24.44,19.67,20.91,21.59,22.32,22.52,23.06,22.99
2015-03-24,17.6675,16.78,19.0,20.22,21.34,21.83,17.96,22.77,22.83
2015-03-25,19.158,18.5,19.98,21.03,21.82,22.13,21.95,23.04,23.06
2015-03-26,19.6535,18.72,20.59,21.55,22.18,22.39,22.21,23.23,23.23
2015-03-27,20.4715,19.85,20.99,21.8,22.28,22.42,22.3,23.3,23.26
2015-03-30,19.7608,18.86,20.2,21.23,21.98,22.22,22.18,23.13,23.16
2015-03-31,21.1004,20.86,21.2,21.86,22.33,22.59,22.17,23.23,23.27
2015-04-01,20.9691,20.25,21.21,22.0,22.55,22.76,22.42,23.43,23.34
2015-04-02,20.7203,19.89,20.96,21.71,22.27,22.57,22.88,23.13,23.26
2015-04-07,20.0561,19.34,20.13,21.12,21.88,22.26,22.5,23.05,23.2
2015-04-08,19.4281,17.74,19.55,20.72,21.57,21.95,22.3,22.89,23.05
2015-04-09,18.3136,15.82,18.44,19.89,21.08,21.62,22.08,22.82,22.91
2015-04-10,17.5116,15.02,17.6,19.05,20.47,21.09,21.66,22.44,22.62
2015-04-13,17.8638,16.13,17.88,19.1,20.36,20.92,21.49,22.33,22.49
2015-04-14,18.8576,19.99,18.85,20.01,21.04,21.44,21.74,22.74,22.68
2015-04-15,18.2074,19.14,18.19,19.39,20.7,21.2,21.7,22.51,22.66
2015-04-21,22.3991,22.43,22.34,20.48,22.31,22.44,22.62,23.19,23.17
2015-04-22,22.3273,22.22,22.49,22.18,22.3,22.34,22.61,23.13,23.18
2015-04-23,22.5723,22.46,22.71,22.47,22.65,22.6,22.72,23.17,23.26
2015-04-24,21.92,21.74,22.1,22.16,22.32,22.39,22.55,22.95,23.1
2015-04-27,20.8863,20.49,21.13,21.27,21.65,21.9,22.2,22.68,22.88
2015-04-28,22.1195,22.18,22.09,22.03,22.17,22.35,22.18,22.79,22.85
2015-04-29,24.0466,24.83,23.68,23.36,23.0,22.94,22.83,23.2,23.03
2015-04-30,24.2128,25.34,23.76,23.37,23.05,22.91,22.87,23.05,22.94
2015-05-04,23.4264,25.7,22.96,22.58,22.25,22.22,22.59,22.81,22.81
2015-05-05,25.2236,28.16,24.72,24.05,23.52,23.11,22.94,23.22,23.02
2015-05-06,24.7232,27.3,24.37,23.89,23.4,23.0,23.05,23.25,23.04
2015-05-07,23.7527,25.68,23.54,23.26,23.06,22.79,22.74,23.02,22.85
2015-05-08,21.1296,20.82,21.15,21.41,21.72,21.74,22.09,22.35,22.37
2015-05-11,21.8358,25.61,21.7,21.63,21.92,21.99,21.85,22.37,22.25
2015-05-12,23.2326,28.67,23.11,22.76,22.85,22.63,22.25,22.67,22.56
2015-05-13,23.0546,26.14,23.02,22.76,22.66,22.57,22.35,22.72,22.5
2015-05-19,20.0541,20.06,20.15,17.95,20.27,20.53,20.83,21.38,21.5
2015-05-20,19.5695,19.57,19.82,20.05,20.22,20.4,20.63,21.25,21.44
2015-05-21,19.5296,19.49,19.95,20.14,20.39,20.65,20.94,21.38,21.55
2015-05-22,19.6309,19.55,20.07,20.31,20.59,20.83,21.09,21.59,21.73
2015-05-26,22.5012,22.82,21.98,21.84,21.82,21.7,21.57,22.08,22.08
2015-05-27,20.8183,21.01,20.57,20.78,20.87,20.93,21.3,21.53,21.77
2015-05-28,22.0181,22.38,21.63,21.51,21.6,21.49,21.34,21.71,21.95
2015-05-29,23.5386,24.23,22.93,22.62,22.53,22.25,21.88,22.19,22.33
2015-06-01,24.5648,25.87,23.88,23.2,22.91,22.43,22.26,22.27,22.37
2015-06-02,24.5107,25.92,23.9,23.07,22.78,22.35,22.03,22.21,22.32
2015-06-03,24.0513,25.8,23.41,22.67,22.42,21.95,21.81,21.96,22.07
2015-06-04,24.4495,26.24,23.91,22.98,22.74,22.16,21.87,22.12,22.09
2015-06-05,25.2745,27.45,24.73,23.51,23.17,22.53,22.13,22.36,22.26
2015-06-08,25.604,27.3,25.38,24.15,23.7,22.87,22.46,22.66,22.49
2015-06-09,24.9865,26.8,24.8,23.74,23.31,22.74,22.43,22.6,22.35
2015-06-10,23.8291,25.86,23.67,22.81,22.49,22.07,21.84,22.08,22.09
2015-06-11,23.6341,26.39,23.47,22.49,22.2,21.73,21.56,21.77,21.75
2015-06-12,25.2594,29.77,25.06,23.94,23.4,22.5,21.99,22.22,22.01
2015-06-15,27.8467,34.56,27.79,25.64,24.87,23.35,22.61,22.7,22.42
2015-06-16,28.7447,36.22,28.72,26.06,25.01,23.45,22.82,22.77,22.25
2015-06-17,28.2724,34.72,28.3,26.22,25.27,23.72,23.02,22.98,22.41
2015-06-23,23.5179,24.22,22.15,21.84,21.44,21.3,21.68,21.63,21.87
2015-06-24,24.9348,25.98,23.26,22.66,22.03,21.63,21.9,21.78,22.22
2015-06-25,25.6433,26.97,23.89,23.18,22.23,21.78,21.98,21.95,22.4
2015-06-26,26.7172,28.61,24.6,23.83,22.56,21.98,22.0,21.99,22.5
2015-06-29,30.6468,33.46,28.74,27.39,24.76,23.48,23.34,22.69,22.35
2015-06-30,32.3071,35.86,30.24,28.38,25.48,24.14,23.83,23.03,23.02
2015-07-01,30.285,34.19,28.34,26.66,24.19,23.37,23.23,22.76,23.12
2015-07-02,31.6721,36.82,29.45,27.47,24.72,23.56,23.38,22.89,22.76
2015-07-03,32.285,38.3,30.06,27.88,24.74,23.59,23.39,22.85,22.71
2015-07-06,29.9819,34.26,29.08,27.67,24.85,23.63,23.36,22.74,22.96
2015-07-07,30.9878,36.12,30.09,28.46,25.27,23.85,23.34,22.64,22.59
2015-07-08,31.6348,39.19,30.52,28.42,25.38,23.99,23.39,22.55,22.43
2015-07-09,30.7656,39.56,29.7,27.44,24.65,23.51,23.09,22.2,22.38
2015-07-10,27.8763,36.68,27.03,25.6,23.32,22.84,22.36,21.81,21.72
2015-07-13,23.2482,29.67,23.01,22.68,21.79,21.75,21.6,21.39,21.46
2015-07-14,21.5485,28.38,21.38,21.55,21.52,21.47,21.35,21.23,21.2
2015-07-15,21.0969,30.55,20.96,21.12,21.28,21.28,21.27,21.15,21.29
2015-07-21,17.9144,17.99,19.32,17.47,20.26,20.49,20.74,21.1,21.29
2015-07-22,18.16,18.14,19.31,19.86,20.3,20.53,20.72,21.09,21.53
2015-07-23,17.4317,17.31,18.69,19.33,19.92,20.33,20.64,21.04,21.29
2015-07-24,19.0408,18.93,19.66,20.04,20.45,20.58,20.83,21.13,21.33
2015-07-27,21.9151,21.91,21.93,21.82,21.65,21.4,21.42,21.42,21.43
2015-07-28,20.8092,20.76,20.88,21.02,20.96,21.05,21.19,21.25,21.58
2015-07-29,20.0336,19.82,20.31,20.44,20.65,20.74,20.9,20.9,21.37
2015-07-30,20.2348,20.03,20.45,20.58,20.73,20.74,20.93,20.89,21.26
2015-07-31,19.2878,18.85,19.66,19.99,20.23,20.4,20.57,20.76,21.2
2015-08-03,18.5935,17.8,18.98,19.48,19.85,20.11,20.31,20.55,21.07
2015-08-04,18.2536,17.25,18.66,19.14,19.72,20.07,20.28,20.52,20.89
2015-08-05,17.5482,16.32,17.96,18.7,19.42,19.82,20.1,20.45,20.79
2015-08-06,18.2603,17.2,18.56,19.04,19.69,19.92,20.15,20.42,20.76
2015-08-07,18.7066,17.65,18.95,19.42,20.08,20.29,20.4,20.71,20.89
2015-08-10,18.3067,17.3,18.43,19.12,19.73,20.06,20.35,20.71,21.07
2015-08-11,20.4012,21.21,20.32,20.36,20.61,20.71,20.77,20.97,21.05
2015-08-12,24.4678,28.27,24.15,23.15,22.28,22.05,21.62,21.59,21.53
2015-08-13,23.2434,25.26,23.12,22.28,21.56,21.42,21.39,21.39,21.32
2015-08-14,22.8364,24.8,22.75,22.33,21.78,21.41,21.34,21.26,21.28
2015-08-17,22.3811,25.54,22.35,22.0,21.68,21.44,21.3,21.21,21.26
2015-08-18,22.5001,25.16,22.49,22.06,21.62,21.53,21.29,21.08,21.21
2015-08-19,23.7117,29.89,23.72,22.99,22.26,21.75,21.48,21.15,21.03
2015-08-25,33.6485,35.38,30.66,26.74,27.47,25.56,24.76,23.4,22.84
2015-08-26,35.2896,37.28,32.55,29.4,28.51,26.55,25.16,23.45,22.5
2015-08-27,30.5602,32.06,28.9,27.81,26.73,25.43,24.59,23.59,22.87
2015-08-28,31.0337,32.37,29.83,27.75,27.24,25.68,24.82,23.69,22.52
2015-08-31,31.0718,32.57,30.3,28.45,27.97,26.25,25.35,24.05,23.15
2015-09-01,34.264,36.26,33.39,30.96,30.52,28.11,27.05,25.06,23.56
2015-09-02,33.7021,35.32,33.12,30.91,30.65,28.55,27.5,25.92,24.54
2015-09-03,29.8773,30.57,29.67,29.15,28.76,27.47,26.81,25.74,24.99
2015-09-04,34.8152,37.85,34.05,32.65,31.92,29.93,29.06,27.25,25.6
2015-09-07,35.1536,38.13,34.76,33.17,32.46,30.33,29.62,28.22,26.46
2015-09-08,32.2298,34.06,32.04,31.28,30.55,29.37,28.81,27.67,26.57
2015-09-09,30.4496,33.05,30.24,29.5,29.01,27.88,27.38,26.57,26.3
2015-09-10,32.0034,35.47,31.8,30.76,29.88,28.39,27.84,26.41,25.43
2015-09-11,31.6478,34.64,31.52,30.67,29.93,28.41,27.99,26.61,25.76
2015-09-14,31.355,37.15,31.3,30.25,29.63,28.17,27.71,26.47,25.94
2015-09-15,29.9496,35.84,29.93,28.96,28.68,27.53,27.32,26.24,24.93
2015-09-16,27.9163,41.35,27.93,27.0,26.7,26.15,26.12,25.57,25.37
2015-09-22,32.1618,33.13,30.27,29.5,27.43,27.03,20.88,25.88,24.89
2015-09-23,31.0561,31.93,29.68,29.14,27.4,26.96,24.39,26.15,25.39
2015-09-24,33.4567,34.7,31.84,30.84,28.73,28.22,26.51,26.88,24.81
2015-09-25,30.5182,31.46,29.51,28.89,27.71,27.31,27.27,26.37,25.35
2015-09-28,33.0825,34.71,32.02,31.15,28.84,28.49,27.42,27.21,25.9
2015-09-29,33.7366,35.84,32.56,31.8,29.69,29.1,28.14,28.05,26.52
2015-09-30,32.0459,33.74,31.25,30.47,28.94,28.67,28.05,27.97,26.7
2015-10-01,31.7174,33.02,31.2,30.42,28.92,28.52,27.82,27.78,26.77
2015-10-02,30.9395,32.2,30.52,30.01,28.8,28.4,27.82,27.85,27.07
2015-10-05,28.6187,29.79,28.39,28.08,27.17,27.2,26.86,26.98,26.91
2015-10-06,26.257,26.42,26.23,26.33,25.98,26.24,26.15,26.34,26.23
2015-10-07,26.3912,26.81,26.34,26.57,26.02,26.08,26.01,26.23,26.56
2015-10-08,24.5243,22.95,24.68,25.3,25.26,25.66,25.78,25.94,26.17
2015-10-09,23.4173,20.79,23.62,24.4,24.68,25.35,25.48,25.57,26.13
2015-10-12,23.1872,22.03,23.22,23.82,24.17,25.05,25.04,25.3,26.16
2015-10-13,24.0398,24.05,24.04,24.42,24.41,25.01,25.11,25.51,26.22
2015-10-14,25.158,28.94,25.11,25.36,25.01,25.41,25.51,25.82,26.39
2015-10-20,21.7156,21.76,22.54,19.61,23.16,24.12,24.45,24.7,25.49
2015-10-21,21.8297,21.82,22.36,22.21,23.16,23.93,24.47,24.74,25.33
2015-10-22,19.9722,19.85,21.27,21.34,22.32,23.31,23.99,24.23,25.16
2015-10-23,19.8009,19.54,21.22,21.3,22.26,23.06,23.56,23.59,24.55
2015-10-26,20.6403,20.14,21.63,21.72,22.59,23.32,23.52,23.88,24.76
2015-10-27,20.6863,20.03,21.69,21.86,22.86,23.47,23.66,23.86,24.76
2015-10-28,20.7149,20.11,21.47,21.56,22.67,23.38,23.6,23.79,24.87
2015-10-29,21.0418,20.33,21.77,21.82,22.87,23.52,23.63,23.9,24.6
2015-10-30,20.3569,19.11,21.38,21.41,22.67,23.56,23.67,23.95,24.75
2015-11-02,20.7672,19.33,21.45,21.44,22.65,23.55,23.72,24.03,24.89
2015-11-03,20.0632,17.85,20.92,21.13,22.37,23.31,23.47,23.85,24.62
2015-11-04,20.7464,18.64,21.43,21.55,22.77,23.57,23.67,23.96,24.71
2015-11-05,20.9361,18.53,21.58,21.68,22.89,23.68,24.0,24.1,24.85
2015-11-06,20.4363,17.64,21.05,21.12,22.72,23.53,23.82,24.08,24.8
2015-11-09,21.984,20.1,22.21,22.01,23.38,23.97,24.18,24.5,25.02
2015-11-10,22.3923,20.59,22.56,22.33,23.51,24.18,24.42,24.61,25.26
2015-11-11,21.839,19.74,21.99,21.74,22.98,23.87,24.12,24.31,25.19
2015-11-12,23.4483,22.86,23.48,22.96,23.91,24.52,24.53,24.78,25.01
2015-11-13,24.9526,24.06,24.99,24.19,24.75,25.17,25.16,25.28,25.43
2015-11-16,25.8488,27.26,25.84,24.62,25.05,25.49,25.33,25.47,25.91
2015-11-17,23.6199,22.69,23.62,22.86,23.84,24.59,24.81,25.19,26.0
2015-11-18,24.748,23.24,24.77,23.64,24.3,24.77,24.9,25.09,25.47
2015-11-24,24.8133,25.46,23.73,21.18,24.28,24.7,24.73,24.95,25.29
2015-11-25,23.9372,24.72,22.88,23.06,23.73,24.29,24.55,24.88,25.62
2015-11-26,22.8903,23.67,22.04,22.45,23.11,23.79,24.26,24.55,25.39
2015-11-27,23.0669,23.84,22.38,22.79,23.4,24.03,24.36,24.66,25.26
2015-11-30,23.6503,25.35,22.75,23.03,23.52,24.21,24.5,24.78,25.51
2015-12-01,23.6051,25.59,22.72,22.99,23.5,24.28,24.46,24.76,25.34
2015-12-02,22.8176,24.9,22.05,22.49,23.07,23.88,24.17,24.5,25.15
2015-12-03,22.6526,24.55,22.07,22.64,23.23,24.1,24.31,24.61,25.24
2015-12-04,22.6816,24.04,22.35,23.2,23.73,24.51,24.74,24.81,25.61
2015-12-07,22.0447,23.71,21.82,22.62,23.2,24.08,24.38,24.69,25.42
2015-12-08,23.5733,26.54,23.26,23.78,24.13,24.7,24.87,25.05,25.7
2015-12-09,24.2947,28.12,23.98,24.32,24.6,25.04,25.24,25.44,26.01
2015-12-10,24.5343,28.28,24.31,24.71,24.94,25.4,25.54,25.55,26.26
2015-12-11,26.5766,31.97,26.34,26.17,26.4,26.54,26.22,26.06,26.46
2015-12-14,30.411,43.65,30.28,29.02,29.2,28.4,27.96,27.12,27.19
2015-12-15,27.4591,41.71,27.41,26.63,26.72,26.66,26.41,26.36,27.44
2015-12-16,25.4362,49.12,25.44,25.21,25.34,25.57,25.54,25.77,26.65
2015-12-22,22.5361,21.92,23.64,24.14,25.25,25.31,25.64,26.04,26.05
2015-12-23,20.2504,19.42,21.45,22.24,24.01,24.46,24.84,25.65,25.44
2015-12-28,22.4544,21.43,23.08,23.65,24.7,24.91,25.25,25.46,25.34
2015-12-29,21.6067,20.56,22.14,22.87,24.31,24.59,25.06,25.65,25.26
2015-12-30,22.1745,21.13,22.64,23.33,24.64,24.72,25.15,25.48,25.16
2016-09-13,22.7814,29.13,22.63,23.48,24.66,26.11,26.43,26.72,27.57
2016-09-14,22.2142,26.91,22.15,23.13,24.5,25.93,26.19,27.12,27.75
2016-09-20,20.6992,20.77,22.06,23.56,25.37,25.54,21.07,26.5,27.19
2016-09-21,20.0923,20.07,21.34,22.97,24.96,25.09,25.92,26.24,27.11
2016-09-22,17.2703,17.09,19.13,21.12,23.81,24.2,24.94,25.65,26.64
2016-09-23,16.8292,16.47,18.75,20.8,23.63,24.09,24.7,25.51,26.36
2016-09-26,20.2181,19.78,21.08,22.71,24.03,25.04,25.27,25.97,26.34
2016-09-27,20.6567,20.17,21.42,22.89,24.14,25.08,25.63,26.06,26.23
2016-09-28,19.6948,19.04,20.51,22.14,23.5,24.52,25.32,25.76,25.98
2016-09-29,19.9598,19.22,20.7,22.26,23.46,24.53,25.16,25.68,25.9
2016-09-30,19.7693,18.97,20.44,22.0,23.37,24.37,24.98,25.59,25.85
2016-10-03,20.3951,19.61,20.78,22.29,23.49,24.45,24.88,25.46,26.13
2016-10-04,19.2097,17.77,19.78,21.51,22.96,24.05,24.72,25.31,25.94
2016-10-05,19.4441,17.97,19.93,21.62,23.09,24.18,24.7,25.11,25.81
2016-10-06,19.1722,17.35,19.67,21.54,23.16,24.24,24.82,25.19,25.9
2016-10-07,20.0387,18.29,20.43,22.15,23.64,24.57,25.11,25.74,26.05
2016-10-10,19.2601,17.44,19.48,21.4,23.01,24.16,24.78,25.59,26.03
2016-10-11,19.8788,18.81,19.98,21.86,23.37,24.38,24.8,25.37,26.24
2016-10-12,20.1318,18.86,20.23,22.14,23.66,24.65,25.01,25.56,26.31
2016-10-13,20.9273,20.33,20.96,22.63,23.99,24.96,25.47,25.91,26.38
2016-10-14,19.4618,18.14,19.51,21.63,23.3,24.46,24.91,25.54,26.22
2016-10-17,20.6231,23.38,20.6,22.44,23.88,24.8,25.07,25.66,26.08
2016-10-18,19.069,21.39,19.06,21.36,23.13,24.27,24.67,25.41,26.07
2016-10-19,18.0718,22.3,18.03,20.64,22.7,23.95,24.52,25.16,25.87
2016-10-25,18.2257,17.28,19.65,20.52,22.01,23.49,24.16,24.79,25.53
2016-10-26,18.674,17.65,19.92,20.72,22.11,23.55,24.18,25.08,25.61
2016-10-27,18.7315,17.55,19.9,20.64,22.1,23.61,24.26,25.18,25.75
2016-10-28,19.2694,18.06,20.26,20.92,22.33,23.78,24.44,25.32,25.71
2016-10-31,21.4449,20.76,21.78,21.96,23.12,24.34,24.97,25.67,25.99
2016-11-01,23.4631,23.34,23.52,23.47,24.12,25.2,25.58,26.1,26.34
2016-11-02,23.6546,23.46,23.72,23.66,24.18,25.1,25.6,26.31,26.38
2016-11-03,24.6804,25.48,24.44,24.01,24.51,25.21,25.7,26.39,26.53
2016-11-04,25.2078,27.35,24.67,24.06,24.48,25.05,25.54,26.26,26.37
2016-11-07,24.6196,28.98,24.01,23.08,23.72,24.42,24.97,25.75,26.0
2016-11-08,24.9341,30.86,24.27,23.17,23.49,24.35,24.8,25.35,25.84
2016-11-09,21.1011,21.46,21.07,21.27,22.44,23.62,24.2,24.95,25.54
2016-11-10,21.0959,19.95,21.16,21.23,22.41,23.54,24.05,24.65,25.23
2016-11-11,21.9585,20.42,22.02,22.02,23.06,24.12,24.53,24.96,25.63
2016-11-14,22.1941,20.88,22.2,21.95,22.88,23.98,24.43,25.0,25.61
2016-11-15,20.6381,18.01,20.64,20.86,22.29,23.6,24.16,24.81,25.52
2016-11-16,21.1147,22.22,21.11,21.19,22.6,23.99,24.54,24.89,25.61
2016-11-22,20.2468,20.33,20.08,20.68,21.78,23.87,24.55,24.99,25.73
2016-11-23,20.1928,20.34,19.96,20.91,21.76,23.93,24.59,24.99,25.55
2016-11-24,20.0292,20.1,19.94,20.95,21.87,23.93,24.64,25.23,25.89
2016-11-25,20.4086,20.64,20.17,21.18,22.17,24.17,24.79,25.28,25.89
2016-11-28,22.533,23.82,21.69,22.35,23.1,24.79,25.29,25.73,26.15
2016-11-29,21.7987,23.08,21.08,21.83,22.6,24.38,24.9,25.3,25.91
2016-11-30,21.4372,22.88,20.75,21.48,22.26,24.07,24.63,25.17,25.61
2016-12-01,22.6014,24.45,21.85,22.3,22.98,24.54,25.01,25.39,25.75
2016-12-02,22.6159,24.95,21.8,22.15,22.76,24.36,24.92,25.42,25.76
2016-12-05,18.9556,19.61,18.83,20.0,21.18,23.36,24.0,24.66,25.32
2016-12-06,17.6341,18.12,17.56,19.14,20.53,22.95,23.65,24.25,25.14
2016-12-07,17.1436,17.89,17.04,18.71,20.17,22.75,23.5,24.13,25.04
2016-12-08,16.1593,15.05,16.27,18.13,19.58,22.37,23.29,24.02,25.06
2016-12-09,16.6203,15.65,16.7,18.56,19.99,22.8,23.68,24.3,25.12
2016-12-12,16.9318,17.42,16.92,18.76,20.24,22.86,23.8,24.43,25.42
2016-12-13,16.8704,19.15,16.82,18.58,20.1,22.73,23.76,24.47,25.53
2016-12-14,17.1147,21.93,17.05,18.93,20.36,22.91,23.92,24.63,25.73
2016-12-20,14.8754,15.01,17.35,18.99,21.93,23.23,24.11,25.24,25.53
2016-12-21,14.7373,14.69,17.25,18.94,22.07,23.27,24.12,25.25,25.78
2016-12-22,14.8767,14.64,17.29,19.05,22.22,23.42,24.35,25.37,25.78
2016-12-23,15.0936,14.67,17.34,19.16,22.2,23.54,24.37,25.33,25.59
2016-12-27,16.718,15.83,18.05,19.73,22.55,23.86,24.76,25.52,25.85
2016-12-28,17.0648,16.09,18.24,19.83,22.57,23.8,24.78,25.68,26.1
2016-12-29,17.771,16.78,18.75,20.27,22.92,24.12,25.04,25.76,26.15
2016-12-30,18.123,17.04,19.01,20.34,22.87,24.07,24.97,25.83,26.24
2017-01-02,17.9578,16.69,18.56,19.98,22.64,23.86,24.79,25.76,26.26
2017-01-03,17.3519,15.56,18.05,19.58,22.34,23.54,24.58,25.55,25.85
2017-01-04,16.4641,14.45,17.11,18.68,21.72,23.01,24.1,25.31,25.77
2017-01-05,15.9801,13.79,16.56,18.2,21.43,22.69,23.64,24.98,25.47
2017-01-06,15.3421,12.97,15.86,17.47,20.92,22.33,23.34,24.72,25.27
2017-01-09,15.5143,13.19,15.78,17.45,20.82,22.14,23.17,24.5,25.03
2017-01-10,15.3547,13.33,15.54,17.31,20.77,22.12,23.08,24.39,25.05
2017-01-11,15.7011,14.22,15.81,17.52,20.93,22.23,23.17,24.46,25.0
2017-01-12,16.2935,14.77,16.38,17.99,21.28,22.55,23.46,24.68,25.16
2017-01-13,14.8618,12.15,14.96,16.86,20.59,21.92,22.94,24.37,24.81
2017-01-16,15.4655,15.16,15.47,17.18,20.78,22.1,23.1,24.39,24.9
2017-01-17,15.6671,17.41,15.66,17.41,20.87,22.15,23.1,24.47,24.87
2017-01-18,14.8506,16.77,14.82,16.83,20.57,21.92,22.85,24.32,24.77
2017-01-24,16.3083,15.63,17.35,17.62,20.37,21.74,22.76,23.84,24.22
2017-01-25,15.6958,14.88,16.69,17.52,19.75,21.06,22.14,23.43,23.98
2017-01-26,15.6052,14.63,16.57,17.38,19.8,21.13,22.13,23.28,23.89
2017-01-27,15.847,14.65,16.82,17.73,20.22,21.31,22.29,23.3,23.93
2017-01-30,17.4653,16.34,18.0,18.65,20.86,21.85,22.66,23.53,23.88
2017-01-31,17.3682,16.34,17.78,18.58,20.93,21.87,22.6,23.63,23.88
2017-02-01,16.6427,15.28,17.09,18.03,20.52,21.61,22.35,23.55,23.9
2017-02-02,16.1939,14.6,16.63,17.52,20.6,21.5,22.33,23.36,23.74
2017-02-03,15.1332,13.34,15.53,16.62,19.93,20.95,21.77,23.17,23.56
2017-02-06,16.4328,15.52,16.54,17.25,20.48,21.45,22.1,23.53,23.55
2017-02-07,16.9147,16.05,17.0,17.62,20.91,21.64,22.31,23.29,23.54
2017-02-08,16.831,15.66,16.92,17.65,21.07,21.89,22.41,23.62,23.64
2017-02-09,15.2973,13.87,15.37,16.49,20.38,21.37,22.02,23.53,23.67
2017-02-10,15.1125,13.4,15.18,16.43,20.34,21.4,22.13,23.46,23.73
2017-02-13,14.8043,14.75,14.8,16.03,20.08,21.24,22.01,23.29,23.68
2017-02-14,14.6469,13.85,14.65,16.02,20.25,21.3,22.13,23.32,23.81
2017-02-15,14.6829,14.22,14.67,15.84,20.12,21.21,21.99,23.15,23.75
2017-02-21,14.5706,14.03,15.53,19.47,20.44,21.12,21.88,23.02,23.56
2017-02-22,14.8577,14.23,15.76,20.27,20.84,21.3,21.95,23.04,23.73
2017-02-23,15.4578,14.72,16.33,21.32,21.98,22.1,22.62,23.45,24.14
2017-02-24,15.8552,15.19,16.52,21.54,22.07,22.31,22.71,23.67,24.25
2017-02-27,16.0402,15.32,16.48,21.29,21.92,22.04,22.44,23.46,24.07
2017-02-28,16.2849,15.89,16.49,21.12,21.82,21.94,22.29,23.37,23.99
2017-03-01,15.3905,14.69,15.7,20.31,21.03,21.46,21.83,23.12,23.86
2017-03-02,15.2754,14.03,15.73,20.29,21.05,21.44,21.87,23.15,23.84
2017-03-03,15.2708,14.15,15.62,19.91,20.73,21.3,21.78,22.91,23.84
2017-03-06,15.7683,15.1,15.89,20.15,20.94,21.43,21.92,22.94,23.96
2017-03-07,15.3718,14.51,15.5,19.91,20.71,21.31,21.78,22.98,23.93
2017-03-08,14.9751,14.04,15.09,19.66,20.44,21.07,21.65,22.84,23.69
2017-03-09,15.2123,14.19,15.31,19.76,20.45,21.15,21.63,22.79,23.68
2017-03-10,15.3441,13.69,15.47,19.96,20.63,21.38,21.8,22.85,23.67
2017-03-13,15.5803,15.64,15.58,20.22,20.84,21.53,21.84,23.06,23.8
2017-03-14,15.9737,17.55,15.94,20.64,21.15,21.81,22.09,22.93,23.74
2017-03-15,15.5983,20.11,15.54,20.47,20.91,21.63,21.87,22.83,23.68
2017-03-21,13.7745,14.11,19.24,19.66,20.75,21.12,18.55,22.3,23.29
2017-03-22,14.5148,14.42,19.72,20.09,21.07,21.36,22.03,22.47,23.31
2017-03-23,15.0982,14.59,19.89,20.1,21.05,21.34,21.59,22.49,23.32
2017-03-24,15.1975,14.21,19.97,20.05,21.0,21.31,21.49,22.27,23.23
2017-03-27,16.3493,14.02,20.3,20.28,21.12,21.32,21.69,22.58,23.18
2017-03-28,15.8635,13.11,19.49,19.52,20.38,20.78,21.38,22.03,22.82
2017-03-29,15.9304,12.62,19.38,19.28,20.19,20.6,21.01,21.75,22.45
2017-03-30,16.1041,12.22,19.37,19.14,19.86,20.26,20.65,21.48,22.13
2017-03-31,16.5221,12.45,19.37,19.07,19.39,19.76,20.06,20.88,21.59
2017-04-03,17.9597,12.73,20.07,19.6,19.6,19.88,20.09,20.79,21.49
2017-04-04,18.005,12.3,19.91,19.4,19.45,19.84,20.1,20.88,21.5
2017-04-05,18.5205,12.65,20.17,19.54,19.56,20.01,20.27,20.92,21.6
2017-04-06,18.8703,13.16,20.22,19.5,19.48,19.85,20.16,20.87,21.52
2017-04-07,19.5373,12.87,20.82,19.93,19.65,19.95,20.25,20.89,21.51
2017-04-10,22.0934,13.51,22.95,21.49,20.45,20.49,20.68,21.21,21.87
2017-04-11,22.9518,14.57,23.62,22.11,21.07,20.98,21.06,21.52,21.99
2017-04-12,22.7155,13.44,23.27,21.87,20.98,20.84,20.88,21.52,21.96
2017-04-13,23.3883,14.41,23.79,22.18,21.05,20.83,20.84,21.43,21.91
2017-04-18,25.5942,21.13,25.6,23.14,21.43,21.08,21.16,21.67,22.02
2017-04-19,24.2021,18.41,24.24,21.99,20.64,20.5,20.74,21.58,21.89
2017-04-25,15.4196,15.29,15.62,16.08,17.08,18.08,18.77,19.85,20.92
2017-04-26,15.584,15.52,15.67,16.05,16.89,18.01,18.78,19.69,20.75
2017-04-27,16.107,16.04,16.17,16.47,17.29,18.31,19.02,19.98,20.91
2017-04-28,17.0495,17.3,16.83,16.81,17.58,18.49,19.16,20.06,20.96
2017-05-02,17.2673,18.12,16.9,16.91,17.53,18.44,19.1,20.09,21.02
2017-05-03,17.3982,19.01,16.8,16.77,17.44,18.43,19.07,20.0,20.98
2017-05-04,16.4843,17.91,16.05,16.13,16.9,17.99,18.71,19.72,20.77
2017-05-05,17.0143,19.04,16.49,16.18,16.89,18.04,18.65,19.42,20.56
2017-05-08,14.393,13.54,14.5,14.98,16.15,17.54,18.47,19.42,20.54
2017-05-09,14.0868,12.64,14.22,14.83,16.19,17.57,18.5,19.5,20.6
2017-05-10,14.0655,11.61,14.24,15.03,16.4,17.8,18.8,19.71,20.84
2017-05-11,14.3491,13.15,14.41,15.27,16.6,18.1,19.06,19.97,21.11
2017-05-12,13.8689,11.53,13.95,15.01,16.41,17.99,18.95,20.01,21.13
2017-05-15,14.2041,13.07,14.21,15.08,16.47,17.98,19.01,20.02,21.18
2017-05-16,13.5401,12.46,13.54,14.62,16.1,17.73,18.89,20.0,21.13
2017-05-17,16.1438,20.07,16.14,16.45,17.31,18.61,19.52,20.45,21.53
2017-05-23,13.8428,13.5,14.47,15.18,16.01,17.79,18.8,19.99,21.29
2017-05-24,13.8757,13.43,14.52,15.27,16.12,17.88,18.86,19.96,21.25
2017-05-25,13.9599,13.55,14.46,15.18,15.99,17.86,18.73,19.93,21.25
2017-05-26,13.8547,13.43,14.29,15.05,15.94,17.84,18.69,19.86,21.21
2017-05-29,14.1781,13.76,14.44,15.15,16.01,17.97,18.84,19.89,21.22
2017-05-30,14.4715,14.01,14.71,15.37,16.16,18.27,18.96,19.91,21.28
2017-05-31,14.5538,14.25,14.69,15.29,16.05,18.33,18.95,19.95,21.14
2017-06-01,13.6227,13.05,13.84,14.55,15.48,17.91,18.76,19.81,20.88
2017-06-02,13.3345,13.03,13.43,14.23,15.14,17.72,18.65,19.78,20.85
2017-06-05,13.9431,14.42,13.85,14.57,15.44,17.96,18.83,19.85,21.01
2017-06-06,14.3862,15.13,14.26,14.97,15.86,18.27,19.05,20.13,21.1
2017-06-07,14.6073,15.66,14.46,15.06,15.97,18.35,19.15,20.11,21.17
2017-06-08,14.0799,14.93,13.99,14.65,15.63,17.79,18.94,20.1,21.15
2017-06-09,13.3926,13.38,13.39,14.1,15.15,17.42,18.79,20.01,20.95
2017-06-12,14.5102,16.82,14.43,14.94,15.85,17.8,19.17,20.57,21.36
2017-06-13,13.5587,15.0,13.53,14.25,15.24,17.29,18.71,20.12,21.19
2017-06-14,13.9464,16.49,13.91,14.61,15.59,17.55,18.97,20.2,21.12
2017-06-20,14.0291,14.06,14.6,15.28,17.22,18.53,19.72,20.62,21.02
2017-06-21,14.1788,14.17,14.77,15.5,17.26,18.42,19.66,20.71,21.14
2017-06-22,14.0328,13.98,14.63,15.41,17.12,18.28,19.54,20.59,21.03
2017-06-23,14.2214,14.14,14.69,15.43,17.15,18.37,19.59,20.59,21.0
2017-06-26,13.6567,13.43,14.1,14.98,16.82,18.09,19.45,20.44,21.13
2017-06-27,14.7743,14.66,14.96,15.65,17.23,18.25,19.46,20.42,20.97
2017-06-28,14.8525,14.69,15.06,15.66,17.18,18.24,19.39,20.48,20.87
2017-06-29,17.6032,17.98,17.2,17.39,18.16,18.91,19.81,20.8,20.78
2017-06-30,17.2533,17.38,17.14,17.44,18.11,18.95,19.97,20.83,20.77
2017-07-03,14.4888,13.86,14.79,15.74,17.23,18.17,19.25,20.36,20.83
2017-07-04,14.3929,13.53,14.74,15.78,17.35,18.28,19.4,20.49,20.79
2017-07-05,14.7011,13.98,14.94,15.94,17.5,18.41,19.64,20.64,20.97
2017-07-06,15.4722,14.78,15.67,16.56,17.86,18.7,19.92,20.87,21.1
2017-07-07,15.1824,14.33,15.38,16.36,17.88,18.8,19.89,20.89,21.17
2017-07-10,14.783,13.99,14.88,15.98,17.62,18.53,19.85,20.81,20.97
2017-07-11,14.7732,13.91,14.86,15.93,17.54,18.52,19.73,20.77,21.09
2017-07-12,13.7485,12.6,13.83,15.11,16.86,17.91,19.18,20.37,20.69
2017-07-13,13.1228,12.01,13.18,14.73,16.62,17.78,19.08,20.17,20.57
2017-07-14,12.6504,11.0,12.71,14.57,16.6,17.73,19.08,20.14,20.53
2017-07-17,12.6334,13.33,12.63,14.25,16.4,17.58,18.96,20.03,20.48
2017-07-18,13.6841,17.51,13.67,14.97,16.74,17.81,19.14,20.13,20.44
2017-07-19,13.2685,18.92,13.25,14.65,16.36,17.44,18.76,19.94,20.28
2017-07-25,13.6357,13.19,14.33,15.02,15.82,16.94,18.31,19.6,19.85
2017-07-26,12.9971,12.45,13.66,14.45,15.36,16.69,18.19,19.11,19.62
2017-07-27,12.7697,11.98,13.55,14.29,15.18,16.38,17.74,18.74,19.13
2017-07-28,13.7331,13.05,14.3,14.95,15.71,16.74,18.08,18.8,19.04
2017-07-31,13.9033,13.02,14.32,15.03,15.95,16.89,18.14,18.82,18.93
2017-08-01,13.4724,12.44,13.88,14.69,15.58,16.6,17.88,18.55,18.81
2017-08-02,13.7531,12.7,14.1,14.86,15.78,16.69,17.92,18.68,18.96
2017-08-03,13.7302,12.49,14.07,14.88,15.87,16.81,17.94,18.65,18.97
2017-08-04,13.0654,11.3,13.45,14.36,15.54,16.63,17.81,18.59,18.99
2017-08-07,13.1992,11.27,13.42,14.37,15.59,16.83,18.1,18.81,19.04
2017-08-08,12.7883,10.9,12.96,14.13,15.5,16.9,18.18,18.94,19.18
2017-08-09,15.0152,14.54,15.05,15.77,16.66,17.57,18.77,19.37,19.42
2017-08-10,18.9131,19.98,18.85,18.58,18.56,18.94,19.67,19.75,19.83
2017-08-11,19.3101,19.41,19.31,18.91,18.68,19.1,19.69,19.97,19.91
2017-08-14,15.6664,14.86,15.67,16.2,16.85,17.87,18.87,19.62,19.84
2017-08-15,14.8801,14.18,14.88,15.59,16.39,17.51,18.78,19.5,19.49
2017-08-16,14.2468,13.89,14.23,15.18,16.2,17.29,18.5,19.4,19.53
2017-08-22,16.412,16.34,16.54,16.92,17.38,18.21,19.24,19.79,19.86
2017-08-23,16.2275,16.09,16.43,16.82,17.33,18.27,19.35,19.91,19.85
2017-08-24,15.6665,15.33,16.07,16.7,17.16,18.27,19.43,19.96,20.01
2017-08-25,15.3262,14.87,15.79,16.45,16.96,18.19,19.55,19.96,19.97
2017-08-28,15.8508,15.55,16.04,16.74,17.28,18.39,19.77,20.04,20.06
2017-08-29,17.3169,17.65,17.13,17.4,17.9,18.73,19.91,20.18,20.11
2017-08-30,16.468,16.58,16.42,16.95,17.47,18.34,19.47,19.86,20.12
2017-08-31,15.6317,15.43,15.71,16.43,17.04,18.09,19.32,19.84,20.26
2017-09-01,14.7167,14.05,14.93,15.75,16.55,17.76,19.07,19.73,19.8
2017-09-04,16.2117,16.85,16.09,16.75,17.38,18.27,19.38,19.87,19.81
2017-09-05,16.4848,17.28,16.36,17.01,17.64,18.44,19.52,19.89,19.88
2017-09-06,16.3786,16.95,16.3,16.95,17.65,18.46,19.46,19.9,19.91
2017-09-07,15.1482,15.01,15.16,16.09,16.96,18.2,19.37,19.87,19.98
2017-09-08,15.199,15.25,15.2,16.22,17.1,18.37,19.58,20.04,20.09
2017-09-11,13.96,13.33,13.98,15.31,16.39,18.08,19.4,19.99,20.05
2017-09-12,13.4464,13.23,13.45,14.84,15.96,17.96,19.3,19.94,20.1
2017-09-13,13.0423,13.47,13.04,14.5,15.61,17.76,19.2,19.83,20.06
2017-09-19,11.7216,11.82,13.52,14.56,16.67,18.44,16.06,19.53,19.84
2017-09-20,11.7949,11.77,13.52,14.59,16.7,18.49,19.12,19.46,19.97
2017-09-21,11.1906,11.01,13.05,14.24,16.47,18.19,18.92,19.44,19.94
2017-09-22,11.708,11.38,13.44,14.6,16.81,18.49,19.06,19.45,19.81
2017-09-25,12.3663,11.73,13.58,14.71,16.93,18.6,18.96,19.66,19.91
2017-09-26,12.5406,11.84,13.6,14.72,16.87,18.59,19.11,19.67,19.98
2017-09-27,12.1282,11.22,13.2,14.39,16.58,18.46,19.08,19.58,20.03
2017-09-28,12.1259,11.15,13.07,14.27,16.37,18.4,19.26,19.59,20.01
2017-09-29,12.1208,11.21,12.85,14.1,16.24,18.31,19.28,19.5,20.08
2017-10-02,12.1739,11.2,12.63,13.9,16.01,18.11,19.18,19.53,19.98
2017-10-03,11.8365,10.45,12.37,13.65,15.88,17.99,18.73,19.4,19.93
2017-10-04,12.7752,11.76,13.11,14.29,16.26,18.26,18.91,19.53,20.04
2017-10-05,12.087,10.57,12.49,13.78,15.9,17.99,19.21,19.22,20.01
2017-10-06,12.5055,11.24,12.79,14.0,16.18,18.2,18.84,19.43,20.09
2017-10-09,12.6102,11.23,12.77,14.0,16.13,18.17,19.16,19.49,20.15
2017-10-10,13.3944,12.89,13.44,14.43,16.51,18.45,19.17,19.62,20.24
2017-10-11,12.6695,11.17,12.78,13.99,16.26,18.14,19.01,19.55,20.21
2017-10-12,12.3247,10.79,12.41,13.72,16.0,17.93,18.84,19.49,20.16
2017-10-13,11.8458,10.08,11.91,13.33,15.77,17.71,18.59,19.39,20.05
2017-10-16,11.9037,10.99,11.91,13.23,15.81,17.6,18.85,19.41,20.1
2017-10-17,11.6299,10.6,11.63,13.0,15.65,17.46,18.44,19.37,20.06
2017-10-18,11.0514,10.56,11.02,12.61,15.39,17.25,18.22,19.24,19.98
2017-10-24,12.9424,12.59,13.49,13.88,15.68,17.39,18.31,19.19,19.88
2017-10-25,14.5349,14.29,14.84,15.02,16.48,18.0,18.78,19.5,20.07
2017-10-26,12.9159,12.39,13.45,14.06,15.62,17.24,18.16,19.15,19.93
2017-10-27,12.4951,11.75,13.11,13.89,15.67,17.24,18.13,19.0,19.72
2017-10-30,12.8308,11.99,13.23,13.95,15.78,17.41,18.33,19.15,19.92
2017-10-31,11.9864,10.65,12.5,13.48,15.35,17.13,18.09,18.96,19.82
2017-11-01,11.7924,10.44,12.23,13.33,15.2,16.94,17.99,18.9,19.79
2017-11-02,12.0219,10.58,12.41,13.53,15.51,17.2,18.19,19.02,19.81
2017-11-03,11.5635,9.68,11.97,13.26,15.35,17.11,18.16,19.02,19.87
2017-11-06,11.6934,9.98,11.89,13.15,15.51,17.17,18.15,19.0,19.86
2017-11-07,12.1337,11.53,12.19,13.5,15.8,17.34,18.29,19.06,19.89
2017-11-08,12.4069,11.95,12.44,13.58,15.78,17.38,18.35,19.11,19.91
2017-11-09,13.9158,15.04,13.85,14.63,16.6,17.84,18.81,19.39,20.04
2017-11-10,14.453,15.19,14.42,15.21,17.16,18.32,19.23,19.8,20.33
2017-11-13,14.3816,15.97,14.37,15.05,17.02,18.28,19.12,19.8,20.41
2017-11-14,15.2348,17.73,15.23,15.71,17.45,18.71,19.44,19.96,20.56
2017-11-15,15.5778,17.74,15.57,15.81,17.55,18.79,19.54,19.94,20.51
2017-11-21,12.9355,12.64,13.48,14.33,15.51,17.39,18.4,19.08,19.52
2017-11-22,12.8717,12.58,13.3,14.22,15.46,17.32,18.33,18.99,19.41
2017-11-23,12.7296,12.41,13.12,14.04,15.27,17.13,18.14,18.87,19.32
2017-11-24,12.8582,12.67,13.05,13.96,15.21,17.08,18.08,18.76,19.3
2017-11-27,13.5459,13.52,13.56,14.33,15.47,17.3,18.22,18.77,19.4
2017-11-28,12.8773,12.72,12.96,13.83,15.05,16.98,18.02,18.66,19.94
2017-11-29,13.5436,13.54,13.55,14.23,15.38,17.25,18.15,18.79,19.67
2017-11-30,13.4708,13.5,13.46,14.11,15.24,17.13,18.18,18.73,19.52
2017-12-01,16.0124,17.34,15.55,15.77,16.58,18.06,18.77,19.22,19.83
2017-12-04,13.7242,14.2,13.63,14.26,15.28,17.11,17.84,18.73,19.42
2017-12-05,13.1587,13.3,13.14,13.94,15.08,17.07,17.73,18.54,19.17
2017-12-06,13.9107,14.54,13.83,14.58,15.66,17.42,18.15,18.69,19.37
2017-12-07,13.4513,13.8,13.41,14.26,15.44,17.41,18.21,18.68,19.42
2017-12-08,12.8484,12.36,12.89,13.88,15.13,17.18,18.02,18.53,19.3
2017-12-11,12.9236,14.56,12.87,13.88,15.18,17.33,17.93,18.67,19.34
2017-12-12,12.4734,15.46,12.4,13.45,14.73,16.99,17.87,18.63,19.42
2017-12-13,12.7344,16.88,12.68,13.66,15.37,17.24,17.97,18.74,19.48
2017-12-19,11.197,11.27,12.5,14.38,16.68,17.67,18.55,19.46,19.84
2017-12-20,12.5108,12.5,13.42,15.14,17.16,18.05,18.76,19.62,19.94
2017-12-21,11.7371,11.63,12.9,14.65,16.72,17.71,18.57,19.39,19.84
2017-12-22,12.0057,11.83,12.99,14.77,16.72,17.76,18.62,19.31,19.79
2017-12-27,12.7143,12.3,13.23,14.87,16.71,17.74,18.55,19.39,19.73
2017-12-28,13.6229,13.4,13.85,15.31,16.98,17.96,18.68,19.57,19.75
2017-12-29,13.5114,13.18,13.79,15.49,16.95,17.89,18.65,19.49,19.84
2018-09-04,16.3854,16.39,16.38,16.69,17.04,17.31,17.92,18.38,18.81
2018-09-05,17.2886,17.46,17.23,17.39,17.69,17.76,18.26,18.56,18.76
2018-09-06,17.1012,17.13,17.09,17.33,17.68,17.78,18.24,18.52,18.73
2018-09-07,16.4546,16.0,16.56,16.93,17.36,17.6,18.08,18.35,18.68
2018-09-10,15.8948,15.59,15.93,16.36,16.83,17.27,17.77,18.11,18.46
2018-09-11,15.7862,15.59,15.81,16.18,16.63,17.07,17.63,17.96,18.18
2018-09-12,15.3235,15.4,15.32,15.79,16.32,16.83,17.52,17.93,18.2
2018-09-13,14.5934,14.06,14.62,15.31,15.85,16.61,17.47,18.06,18.26
2018-09-14,13.8963,12.74,13.94,14.86,15.56,16.39,17.28,17.9,18.23
2018-09-17,14.5708,15.48,14.56,15.18,15.71,16.51,17.36,17.9,18.23
2018-09-18,14.356,15.84,14.35,15.04,15.52,16.31,17.21,17.84,18.14
2018-09-19,13.5296,14.52,13.51,14.58,15.2,16.08,17.08,17.72,18.25
2018-09-25,13.1636,12.69,13.89,14.69,15.69,16.67,14.42,17.57,18.12
2018-09-26,12.8518,12.26,13.57,14.44,15.51,16.57,17.18,17.56,18.14
2018-09-27,13.171,12.57,13.78,14.5,15.51,16.56,17.1,17.58,18.15
2018-09-28,14.7637,14.45,15.03,15.52,16.22,17.09,17.37,17.91,18.23
2018-10-01,14.2333,13.68,14.5,15.17,15.94,16.84,17.32,17.76,18.26
2018-10-02,15.4784,15.34,15.53,15.92,16.47,17.27,17.64,17.98,18.32
2018-10-03,14.6064,14.2,14.75,15.35,16.06,16.95,17.42,17.8,18.41
2018-10-04,16.0249,16.22,15.97,16.29,16.73,17.46,17.76,18.06,18.45
2018-10-05,16.6807,16.77,16.66,16.91,17.15,17.72,17.98,18.17,18.56
2018-10-08,17.6264,18.29,17.54,17.58,17.65,18.09,18.28,18.43,18.59
2018-10-09,16.9002,17.1,16.88,17.06,17.37,17.95,18.22,18.34,18.52
2018-10-10,18.4029,19.13,18.35,18.3,18.23,18.58,18.71,18.74,18.76
2018-10-11,21.2373,24.78,21.02,20.23,19.47,19.62,19.52,19.47,19.25
2018-10-12,20.2103,22.46,20.12,19.72,19.28,19.54,19.57,19.47,19.65
2018-10-15,19.0703,21.36,19.05,18.97,18.82,19.15,19.23,19.21,19.37
2018-10-16,16.8341,20.12,16.82,17.26,17.77,18.45,18.71,18.77,19.07
2018-10-17,17.0163,21.36,17.01,17.48,18.01,18.59,18.8,18.85,18.98
2018-10-23,21.3624,21.72,20.67,19.96,19.82,19.88,19.73,19.56,19.38
2018-10-24,21.9772,22.54,21.1,20.23,20.0,19.91,19.73,19.52,19.39
2018-10-25,20.7552,21.1,20.32,19.7,19.53,19.62,19.54,19.45,19.33
2018-10-26,23.7391,24.69,22.7,21.68,21.04,20.71,20.45,20.25,19.75
2018-10-29,22.2872,23.28,21.64,20.84,20.44,20.3,20.12,19.97,19.92
2018-10-30,22.2249,23.16,21.71,20.87,20.46,20.31,20.16,20.02,19.95
2018-10-31,20.3038,20.73,20.11,19.5,19.39,19.53,19.55,19.52,19.71
2018-11-01,18.995,18.76,19.09,18.66,18.99,19.29,19.37,19.41,19.6
2018-11-02,18.848,18.29,19.03,18.61,18.9,19.22,19.3,19.35,19.68
2018-11-05,18.3296,17.8,18.43,18.22,18.62,18.99,19.09,19.16,19.55
2018-11-06,18.1091,17.55,18.2,17.97,18.44,18.91,19.08,19.2,19.45
2018-11-07,16.4264,14.84,16.62,16.57,17.27,17.98,18.34,18.61,19.29
2018-11-08,15.881,14.79,15.99,15.95,16.75,17.58,18.02,18.34,18.98
2018-11-09,16.3773,14.99,16.49,16.39,17.04,17.8,18.18,18.45,19.03
2018-11-12,17.8587,20.19,17.78,17.41,17.85,18.32,18.56,18.74,19.13
2018-11-13,17.029,18.78,16.99,16.83,17.51,18.16,18.36,18.57,19.05
2018-11-14,18.4549,23.77,18.38,17.81,18.23,18.68,18.77,18.91,19.31
2018-11-20,19.9622,19.91,18.91,19.11,19.3,19.61,19.54,19.63,19.69
2018-11-21,18.2397,18.25,17.76,18.22,18.55,19.03,19.03,19.13,19.46
2018-11-22,19.2881,19.36,18.53,18.86,19.11,19.53,19.35,19.43,19.5
2018-11-23,18.9738,19.09,18.31,18.74,18.98,19.39,19.34,19.49,19.55
2018-11-26,18.4228,18.74,17.76,18.21,18.5,19.0,19.09,19.16,19.41
2018-11-27,18.479,18.91,17.77,18.21,18.53,19.0,19.03,19.15,19.44
2018-11-28,18.5952,19.15,17.85,18.22,18.48,18.98,19.02,19.19,19.38
2018-11-29,18.61,19.23,17.94,18.2,18.43,18.85,18.98,19.12,19.46
2018-11-30,18.4935,19.31,17.76,18.0,18.22,18.78,18.84,18.98,19.42
2018-12-03,16.9152,17.76,16.48,16.88,17.23,18.01,18.21,18.53,19.13
2018-12-04,17.2085,18.21,16.77,17.14,17.48,18.21,18.39,18.72,19.21
2018-12-05,19.0904,20.91,18.42,18.47,18.6,18.99,19.02,19.14,19.61
2018-12-06,24.6155,28.71,23.3,22.33,21.88,21.25,20.6,20.39,20.72
2018-12-07,21.6688,24.14,21.04,20.73,20.64,20.49,20.23,20.07,20.4
2018-12-10,23.6592,27.41,23.14,22.46,22.13,21.44,21.01,20.79,20.8
2018-12-11,21.0925,22.98,20.9,20.8,20.83,20.74,20.41,20.32,20.41
2018-12-12,19.7254,21.23,19.61,19.83,20.03,20.25,20.03,20.02,20.27
2018-12-13,19.1773,19.94,19.13,19.65,19.87,20.15,20.08,20.11,20.36
2018-12-14,19.1643,19.2,19.16,19.78,20.01,20.35,20.28,20.36,20.52
2018-12-17,19.8187,23.3,19.79,20.17,20.36,20.66,20.7,20.79,20.8
2018-12-18,20.0366,27.56,20.01,20.52,20.76,21.09,21.14,21.15,21.18
2018-12-19,19.6024,29.99,19.59,20.22,20.47,20.94,21.04,21.06,21.26
2018-12-28,23.8643,23.58,24.11,23.82,22.96,22.46,22.23,22.32,22.41
2019-01-02,23.3924,23.4,23.39,23.12,22.38,21.97,21.71,22.09,22.35
2019-01-03,22.9978,22.82,23.05,22.9,22.2,21.88,21.74,22.01,22.2
2019-01-04,20.4827,20.02,20.59,20.89,20.79,20.6,20.55,21.1,21.6
2019-01-07,20.151,20.06,20.16,20.42,20.47,20.49,20.53,21.01,21.32
2019-01-08,19.4803,19.16,19.51,19.98,20.16,20.11,20.27,20.65,20.81
2019-01-09,18.997,18.69,19.02,19.61,19.77,19.86,19.98,20.39,20.64
2019-01-10,18.6879,18.01,18.73,19.43,19.84,19.97,20.1,20.47,20.8
2019-01-11,17.4182,15.52,17.49,18.57,19.52,19.79,20.0,20.47,20.7
2019-01-14,17.8987,19.81,17.88,18.67,19.49,19.84,19.97,20.54,20.8
2019-01-15,16.9334,19.96,16.93,17.82,18.88,19.32,19.65,20.21,20.55
2019-01-16,15.7177,17.64,15.7,16.67,17.85,18.53,18.98,19.59,20.14
2019-01-22,15.9971,15.67,16.51,16.94,17.49,18.16,18.57,19.28,19.69
2019-01-23,16.4792,16.07,16.99,17.35,17.85,18.41,18.79,19.45,19.84
2019-01-24,15.5603,14.99,16.14,16.66,17.27,17.97,18.39,19.15,19.67
2019-01-25,14.7823,13.98,15.45,16.13,16.83,17.56,18.08,18.83,19.58
2019-01-28,16.1551,15.41,16.52,16.93,17.43,17.99,18.42,19.09,19.71
2019-01-29,16.0456,15.19,16.39,16.83,17.34,17.94,18.36,19.04,19.54
2019-01-30,16.0154,15.13,16.31,16.84,17.4,17.97,18.35,19.1,19.62
2019-01-31,15.1126,13.81,15.47,16.24,17.01,17.66,18.17,18.95,19.68
2019-02-01,13.9879,11.95,14.43,15.46,16.4,17.17,17.68,18.45,19.19
2019-02-04,14.2075,12.56,14.4,15.3,16.27,17.1,17.6,18.43,19.12
2019-02-05,13.5808,12.18,13.71,14.65,15.62,16.56,17.21,18.09,19.0
2019-02-06,13.616,11.76,13.75,14.65,15.56,16.6,17.2,18.17,19.13
2019-02-07,16.1706,16.76,16.14,16.56,16.95,17.51,17.83,18.74,19.4
2019-02-08,16.3132,16.1,16.32,16.81,17.39,17.82,18.22,18.96,19.6
2019-02-11,15.2186,17.01,15.2,15.92,16.7,17.31,17.72,18.7,19.55
2019-02-12,14.2814,15.75,14.28,15.27,16.2,16.94,17.42,18.41,19.27
2019-02-13,13.9695,14.59,13.95,15.13,16.19,16.94,17.46,18.55,19.38
2019-02-19,14.6143,14.21,15.34,15.82,16.41,17.33,17.87,18.8,19.74
2019-02-20,14.2742,13.71,15.07,15.6,16.18,17.15,17.71,18.65,19.57
2019-02-21,14.3444,13.75,15.04,15.56,16.26,17.15,17.59,18.59,19.49
2019-02-22,13.9767,13.23,14.7,15.3,15.99,16.94,17.37,18.34,19.26
2019-02-25,13.8464,12.94,14.37,15.02,15.86,16.84,17.27,18.27,19.26
2019-02-26,13.8942,12.89,14.39,15.17,16.03,16.97,17.36,18.26,19.16
2019-02-27,14.3497,13.33,14.77,15.51,16.43,17.33,17.67,18.38,19.1
2019-02-28,13.5876,12.08,14.11,15.05,16.17,17.11,17.49,18.43,19.41
2019-03-01,13.3709,11.84,13.82,14.72,15.99,17.02,17.52,18.43,19.32
2019-03-04,13.6499,12.59,13.84,14.75,16.02,17.02,17.58,18.36,19.18
2019-03-05,13.5075,11.89,13.74,14.78,16.0,17.02,17.49,18.35,19.47
2019-03-06,13.4409,11.87,13.62,14.67,15.93,17.02,17.53,18.44,19.28
2019-03-07,13.8671,12.07,14.03,15.09,16.37,17.39,17.9,18.64,19.46
2019-03-08,14.411,12.59,14.54,15.7,16.73,17.74,18.07,18.82,19.63
2019-03-11,14.1546,13.95,14.16,15.26,16.42,17.62,18.08,18.76,19.58
2019-03-12,13.8356,14.83,13.82,14.94,16.17,17.39,17.82,18.73,19.56
2019-03-13,13.9503,16.44,13.92,14.83,16.06,17.38,17.84,18.55,19.35
2019-03-19,13.0007,12.98,14.02,15.15,16.48,17.08,14.71,18.0,19.03
2019-03-20,14.4778,14.43,15.0,15.96,17.02,17.5,16.58,18.3,19.11
2019-03-21,15.6876,15.68,15.71,16.4,17.14,17.51,17.63,18.42,19.22
2019-03-22,17.6785,17.71,17.54,17.94,18.19,18.32,18.06,18.85,19.46
2019-03-25,17.3356,17.36,17.29,17.68,18.0,18.13,18.19,18.8,19.38
2019-03-26,15.8457,15.71,16.03,16.78,17.26,17.5,17.82,18.37,19.09
2019-03-27,16.3337,16.23,16.44,17.14,17.45,17.6,17.71,18.3,18.95
2019-03-28,16.6715,16.69,16.66,17.22,17.52,17.71,17.77,18.31,18.92
2019-03-29,15.2748,14.95,15.51,16.37,16.97,17.33,17.53,17.94,18.7
2019-04-01,14.7903,14.34,14.98,16.02,16.71,17.1,17.31,17.87,18.63
2019-04-02,14.7848,14.31,14.95,16.06,16.68,17.1,17.3,17.9,18.65
2019-04-03,14.1923,13.36,14.44,15.7,16.56,16.99,17.2,17.78,18.57
2019-04-04,14.2468,13.13,14.52,15.79,16.67,17.05,17.27,17.92,18.55
2019-04-05,13.552,11.66,13.91,15.34,16.46,16.93,17.2,17.88,18.55
2019-04-08,14.603,13.5,14.72,15.95,16.84,17.21,17.4,18.02,18.66
2019-04-09,14.5187,13.6,14.59,15.78,16.86,17.22,17.48,18.11,18.67
2019-04-10,14.281,12.96,14.36,15.64,16.78,17.12,17.39,18.11,18.55
2019-04-11,12.595,10.13,12.7,14.27,16.0,16.62,17.01,17.75,18.53
2019-04-12,11.877,9.78,11.94,13.74,15.75,16.35,16.84,17.58,18.38
2019-04-15,11.4864,11.64,11.49,13.34,15.51,16.2,16.65,17.43,18.24
2019-04-16,11.3012,11.93,11.3,13.19,15.5,16.28,16.78,17.56,18.33
2019-04-24,12.5447,11.88,13.48,14.59,16.27,17.0,17.29,18.08,18.61
2019-04-25,12.9572,12.23,13.81,14.8,16.38,17.03,17.41,18.08,18.64
2019-04-26,12.6034,11.72,13.46,14.52,16.11,16.8,17.19,17.84,18.47
2019-04-29,13.0278,12.09,13.58,14.73,16.2,16.86,17.22,17.83,18.4
2019-04-30,13.2624,12.35,13.72,14.76,16.08,16.79,17.11,17.75,18.3
2019-05-02,14.3357,13.76,14.55,15.52,16.56,17.17,17.38,17.89,18.29
2019-05-03,13.3808,12.27,13.72,14.8,16.02,16.73,17.06,17.65,18.06
2019-05-06,15.7375,16.45,15.6,16.08,16.8,17.23,17.47,18.0,18.22
2019-05-07,18.0429,19.71,17.76,17.86,17.91,17.96,18.15,18.55,18.54
2019-05-08,17.6428,19.59,17.37,17.5,17.65,17.71,17.82,18.28,18.38
2019-05-09,20.0378,24.12,19.56,19.09,18.68,18.42,18.45,18.71,18.68
2019-05-10,18.5073,20.63,18.32,18.13,18.01,17.98,18.09,18.56,18.63
2019-05-13,19.4264,24.82,19.23,18.85,18.54,18.47,18.49,18.87,18.8
2019-05-14,17.5609,19.97,17.51,17.48,17.56,17.82,17.91,18.43,18.52
2019-05-15,16.7467,21.29,16.69,16.82,17.15,17.42,17.57,18.2,18.41
2019-05-21,15.8302,15.84,15.98,16.2,16.46,16.92,17.29,17.9,18.22
2019-05-22,15.4494,15.45,15.56,15.83,16.1,16.66,16.97,17.59,17.99
2019-05-23,17.637,17.67,17.23,17.19,17.19,17.43,17.59,18.06,18.29
2019-05-24,16.7146,16.72,16.7,16.79,16.92,17.18,17.39,17.89,18.17
2019-05-27,16.2373,16.21,16.29,16.43,16.62,16.94,17.18,17.73,18.08
2019-05-28,16.1658,16.1,16.27,16.49,16.71,17.01,17.26,17.76,18.0
2019-05-29,17.7806,17.92,17.59,17.58,17.6,17.66,17.74,18.16,18.26
2019-05-30,16.7607,16.74,16.78,16.98,17.15,17.36,17.48,17.96,18.16
2019-05-31,17.4218,17.39,17.45,17.57,17.66,17.76,17.82,18.25,18.35
2019-06-03,17.2417,17.23,17.25,17.41,17.52,17.75,17.79,18.17,18.31
2019-06-04,16.42,16.24,16.5,16.73,16.95,17.36,17.49,17.94,18.13
2019-06-05,16.1034,15.75,16.22,16.55,16.76,17.23,17.37,17.85,18.11
2019-06-06,15.6299,15.07,15.79,16.12,16.46,17.1,17.34,17.86,18.09
2019-06-07,14.9085,14.22,15.07,15.52,15.96,16.76,17.02,17.62,17.92
2019-06-10,14.8913,14.35,14.96,15.31,15.75,16.67,16.94,17.56,17.93
2019-06-11,14.796,14.37,14.84,15.24,15.62,16.61,16.9,17.55,17.92
2019-06-12,14.945,14.43,14.98,15.42,15.82,16.8,17.05,17.66,18.05
2019-06-13,14.3656,13.29,14.42,14.96,15.52,16.66,16.95,17.61,17.97
2019-06-14,14.3629,12.86,14.42,15.06,15.58,16.75,16.97,17.68,18.07
2019-06-17,14.0293,14.37,14.03,14.67,15.21,16.49,16.82,17.55,18.0
2019-06-18,13.2695,16.57,13.26,13.91,14.52,15.92,16.46,17.29,17.82
2019-06-19,13.6604,21.25,13.65,14.32,14.85,16.14,16.58,17.4,17.92
2019-06-25,13.9815,13.66,14.48,15.19,16.57,16.81,17.49,17.97,18.42
2019-06-26,14.0634,13.67,14.55,15.26,16.72,16.87,17.49,17.98,18.4
2019-06-27,14.1174,13.74,14.5,15.19,16.64,16.79,17.42,17.93,18.68
2019-06-28,13.7342,13.32,14.08,14.73,16.11,16.41,17.08,17.68,18.53
2019-07-01,12.383,11.36,12.87,13.96,15.7,16.11,16.84,17.55,18.47
2019-07-02,11.8371,10.52,12.35,13.52,15.41,15.9,16.66,17.45,17.98
2019-07-03,11.7045,10.28,12.16,13.3,15.24,15.81,16.59,17.38,17.94
2019-07-04,11.7651,10.2,12.18,13.37,15.38,15.87,16.65,17.42,18.34
2019-07-05,12.4185,10.93,12.75,13.81,15.69,16.14,16.93,17.59,18.46
2019-07-08,12.616,11.11,12.79,13.88,15.75,16.17,16.97,17.63,18.05
2019-07-09,12.7504,11.24,12.89,13.98,15.93,16.3,17.03,17.71,18.11
2019-07-10,12.8191,11.82,12.89,14.0,15.97,16.34,17.05,17.72,18.08
2019-07-11,12.4747,11.92,12.51,13.62,15.87,16.24,16.88,17.5,17.87
2019-07-12,12.3888,11.47,12.42,13.62,15.92,16.23,16.86,17.4,17.7
2019-07-15,12.6064,13.86,12.6,13.69,16.08,16.3,16.89,17.45,17.74
2019-07-16,12.1592,13.63,12.16,13.29,15.82,16.19,16.78,17.35,17.71
2019-07-17,12.6034,13.36,12.59,13.76,16.22,16.52,17.01,17.48,17.75
2019-07-23,12.7137,12.35,13.36,14.23,15.74,16.14,16.67,17.25,17.58
2019-07-24,13.1227,12.8,13.59,14.39,15.9,16.27,16.75,17.3,17.64
2019-07-25,13.2666,12.87,13.75,14.47,15.98,16.34,16.79,17.37,17.64
2019-07-26,12.669,12.02,13.31,14.07,15.63,16.07,16.57,17.2,17.57
2019-07-29,12.6386,11.93,13.06,13.85,15.41,15.95,16.47,17.15,17.52
2019-07-30,14.4662,14.43,14.49,14.98,16.26,16.61,17.03,17.57,17.86
2019-07-31,14.3909,14.32,14.42,14.93,16.15,16.51,16.97,17.53,17.82
2019-08-01,13.7348,12.85,14.06,14.81,16.16,16.48,16.92,17.51,17.86
2019-08-02,18.3481,19.06,18.11,17.84,18.12,18.0,18.02,18.24,18.26
2019-08-05,21.0618,23.66,20.52,19.88,19.84,19.0,18.75,18.6,18.47
2019-08-06,21.3783,23.93,20.94,20.26,20.02,19.01,18.86,18.6,18.63
2019-08-07,21.039,23.39,20.71,20.18,20.01,19.11,18.92,18.74,18.77
2019-08-08,18.0037,18.65,17.93,18.09,18.65,18.14,18.15,18.31,18.49
2019-08-09,18.9533,19.93,18.87,18.93,19.39,18.64,18.46,18.52,18.66
2019-08-12,19.2544,22.45,19.14,19.18,19.65,18.82,18.63,18.65,18.76
2019-08-13,18.6224,21.48,18.56,18.61,19.35,18.63,18.47,18.54,18.65
2019-08-14,22.0616,29.21,21.97,21.26,21.1,19.87,19.43,19.08,18.96
2019-08-15,22.5419,29.21,22.23,21.52,21.32,20.11,19.64,19.29,19.1
2019-08-20,18.4289,18.43,18.46,19.02,18.91,18.51,18.52,18.64,18.86
2019-08-21,16.7721,16.76,17.33,18.35,18.23,17.98,18.15,18.39,18.67
2019-08-22,18.2332,18.22,18.35,19.21,19.06,18.69,18.62,18.76,18.95
2019-08-23,20.1473,20.2,19.86,20.35,19.98,19.51,19.25,19.0,19.31
2019-08-26,20.2502,20.36,20.03,20.46,20.15,19.53,19.32,19.14,19.24
2019-08-27,19.4399,19.46,19.4,19.98,19.8,19.32,19.19,19.07,19.19
2019-08-28,19.3267,19.32,19.34,20.08,19.92,19.41,19.32,19.28,19.31
2019-08-29,17.601,17.41,17.8,18.8,18.91,18.59,18.66,18.87,19.12
2019-08-30,17.6681,17.42,17.88,18.83,18.9,18.75,18.77,18.96,19.12
2019-09-02,17.5382,17.25,17.68,18.76,18.8,18.73,18.79,18.94,19.07
2019-09-03,18.2403,17.73,18.45,19.33,19.29,19.07,19.04,19.09,19.22
2019-09-04,16.5794,15.66,16.89,17.87,18.09,18.34,18.45,18.78,19.08
2019-09-05,15.5052,14.29,15.84,16.85,17.23,17.87,18.21,18.69,18.99
2019-09-06,14.6313,13.24,14.95,16.27,16.73,17.57,18.01,18.58,18.95
2019-09-09,14.9418,14.25,15.03,16.28,16.81,17.64,18.03,18.61,18.97
2019-09-10,15.2574,15.18,15.27,16.4,16.92,17.79,18.2,18.79,19.09
2019-09-11,15.4354,16.14,15.38,16.44,16.92,17.9,18.42,19.05,19.25
2019-09-12,14.4138,13.88,14.44,15.65,16.17,17.25,17.84,18.59,18.91
2019-09-13,13.7364,12.7,13.78,15.18,15.83,17.08,17.71,18.51,18.83
2019-09-16,15.2467,16.98,15.23,16.24,16.71,17.72,18.22,18.81,19.02
2019-09-17,15.5502,18.13,15.54,16.56,16.97,17.81,18.25,18.83,19.07
2019-09-18,15.2097,18.77,15.19,16.42,16.9,17.76,18.17,18.81,19.02
2019-09-24,15.9723,15.55,16.62,17.13,17.8,18.26,15.48,18.88,19.06
2019-09-25,17.2313,17.0,17.53,17.91,18.35,18.67,17.87,19.17,19.43
2019-09-26,16.587,16.13,17.05,17.57,18.11,18.48,17.95,19.02,19.26
2019-09-27,15.8826,15.21,16.44,17.09,17.78,18.22,17.89,18.9,19.17
2019-09-30,15.8282,15.05,16.21,16.88,17.62,18.13,17.87,18.88,19.15
2019-10-01,17.26,17.12,17.32,17.75,18.2,18.56,18.08,19.18,19.35
2019-10-02,21.0071,22.06,20.63,20.35,20.05,20.01,18.89,20.14,19.82
2019-10-04,18.5245,18.83,18.45,18.69,18.96,19.16,18.56,19.63,19.61
2019-10-07,17.856,18.59,17.76,18.05,18.49,18.77,18.33,19.38,19.41
2019-10-08,19.2294,20.61,19.09,19.01,19.1,19.25,18.88,19.64,19.63
2019-10-09,18.3918,19.31,18.32,18.48,18.81,19.02,18.69,19.46,19.49
2019-10-10,17.418,19.3,17.31,17.54,18.17,18.5,18.49,19.14,19.39
2019-10-11,15.8911,17.36,15.83,16.43,17.33,17.85,17.91,18.71,19.09
2019-10-14,15.9171,19.4,15.89,16.34,17.27,17.8,17.84,18.75,19.08
2019-10-15,14.4716,17.46,14.46,15.13,16.38,17.11,17.32,18.19,18.82
2019-10-16,14.76,20.69,14.75,15.46,16.59,17.27,17.41,18.27,18.81
2019-10-22,14.1743,13.75,14.94,15.3,16.34,17.03,17.23,18.09,18.68
2019-10-23,13.4557,12.8,14.39,14.99,16.15,16.85,17.1,17.95,18.61
2019-10-24,13.0918,12.21,14.11,14.72,15.9,16.59,16.89,17.79,18.46
2019-10-25,12.8208,11.79,13.81,14.41,15.77,16.48,16.79,17.67,18.39
2019-10-28,13.2006,12.0,13.9,14.51,15.78,16.49,16.79,17.67,18.38
2019-10-29,13.7262,12.53,14.32,14.85,16.07,16.76,17.0,17.88,18.48
2019-10-30,13.7963,12.64,14.29,14.83,16.07,16.75,16.98,17.82,18.51
2019-10-31,13.7919,12.61,14.22,14.77,16.05,16.75,16.97,17.79,18.49
2019-11-01,12.8444,11.12,13.36,14.11,15.71,16.61,16.85,17.7,18.39
2019-11-04,12.9047,11.46,13.16,13.97,15.51,16.46,16.8,17.65,18.44
2019-11-05,12.9226,11.57,13.13,13.89,15.44,16.42,16.73,17.57,18.37
2019-11-06,12.9335,11.87,13.07,13.91,15.48,16.51,16.85,17.64,18.38
2019-11-07,12.7542,11.19,12.91,13.72,15.32,16.4,16.75,17.57,18.33
2019-11-08,12.8514,10.56,13.02,13.84,15.43,16.52,16.84,17.67,18.34
2019-11-11,13.0887,12.15,13.12,13.82,15.39,16.49,16.87,17.72,18.38
2019-11-12,12.6338,12.38,12.64,13.46,15.06,16.26,16.67,17.56,18.25
2019-11-13,12.7955,12.65,12.8,13.52,15.12,16.31,16.71,17.56,18.27
2019-11-19,12.3699,12.41,13.15,14.24,14.94,16.19,16.72,17.64,18.22
2019-11-20,12.7274,12.72,13.4,14.41,15.07,16.31,16.77,17.67,18.36
2019-11-21,13.1317,13.08,13.71,14.69,15.28,16.64,16.87,17.7,18.31
2019-11-22,13.0888,13.0,13.61,14.68,15.31,16.82,17.08,17.81,18.3
2019-11-25,12.3837,12.14,12.87,14.08,14.8,16.33,16.79,17.66,18.2
2019-11-26,12.0954,11.8,12.55,13.87,14.63,16.19,16.71,17.54,18.16
2019-11-27,12.2032,11.95,12.52,13.82,14.6,16.23,16.75,17.64,18.19
2019-11-28,12.7959,12.62,12.98,14.17,14.9,16.36,16.83,17.71,18.21
2019-11-29,13.174,13.09,13.24,14.29,14.97,16.35,16.82,17.63,18.19
2019-12-02,15.8889,16.81,15.41,15.87,16.29,17.4,17.57,18.33,18.52
2019-12-03,16.9096,18.11,16.38,16.74,17.03,18.01,18.03,18.59,18.78
2019-12-04,15.2237,16.18,14.87,15.56,16.05,17.21,17.44,18.08,18.57
2019-12-05,15.3707,16.48,15.03,15.71,16.19,17.26,17.5,18.13,18.53
2019-12-06,14.1327,14.76,13.98,14.87,15.44,16.66,17.1,17.81,18.33
2019-12-09,14.9246,16.65,14.69,15.38,15.85,16.97,17.35,18.07,18.49
2019-12-10,15.022,17.04,14.81,15.52,16.01,17.15,17.48,18.22,18.61
2019-12-11,15.2345,18.35,14.97,15.52,15.9,17.0,17.38,18.16,18.63
2019-12-12,14.6631,18.5,14.42,14.99,15.37,16.56,16.95,17.8,18.46
2019-12-13,13.1174,14.09,13.08,14.19,14.8,16.17,16.7,17.55,18.21
2019-12-16,11.644,13.47,11.63,12.88,13.64,15.33,16.11,17.09,17.98
2019-12-17,12.1489,15.33,12.14,13.38,14.13,15.78,16.55,17.53,18.22
2019-12-18,11.8244,16.37,11.8,13.25,14.09,15.79,16.61,17.63,18.37
2019-12-27,12.0913,11.12,13.02,14.05,15.73,16.55,17.55,18.32,18.84
2019-12-30,13.9548,13.33,14.33,15.08,16.39,17.06,17.99,18.58,18.93
2020-01-02,12.6736,11.73,13.02,13.97,15.59,16.42,17.47,18.21,18.68
2020-01-03,13.9588,13.49,14.11,14.77,16.07,16.79,17.77,18.4,18.82
2020-01-06,15.1404,15.91,14.99,15.43,16.41,17.02,17.91,18.52,18.92
2020-01-07,14.2117,14.85,14.11,14.74,15.98,16.69,17.6,18.27,18.75
2020-01-08,14.0401,15.06,13.9,14.52,15.78,16.46,17.31,18.0,18.45
2020-01-09,13.0363,13.19,13.02,13.84,15.43,16.21,17.09,17.77,18.26
2020-01-10,12.3886,11.3,12.47,13.53,15.32,16.18,17.1,17.75,18.23
2020-01-13,12.7138,14.08,12.67,13.62,15.39,16.23,17.13,17.78,18.23
2020-01-14,12.4099,13.72,12.38,13.42,15.2,16.08,17.0,17.73,18.2
2020-01-15,12.0408,12.97,12.03,13.19,14.98,15.9,16.93,17.66,18.12
2020-01-21,11.8141,11.87,12.89,13.47,14.74,15.6,16.6,17.34,17.83
2020-01-22,12.2389,12.22,13.23,13.8,15.0,15.79,16.73,17.38,17.81
2020-01-23,13.164,13.1,13.85,14.28,15.32,15.93,16.82,17.43,17.82
2020-01-24,12.6665,12.55,13.31,13.82,14.85,15.58,16.49,17.16,17.66
2020-01-27,17.1711,17.39,16.72,16.42,16.57,16.75,17.41,17.71,18.0
2020-01-28,15.1979,15.22,15.17,15.24,15.66,16.05,16.79,17.46,17.9
2020-01-29,14.4199,14.32,14.55,14.76,15.32,15.81,16.58,17.32,17.85
2020-01-30,16.4174,16.62,16.2,16.12,16.34,16.48,17.1,17.63,18.1
2020-01-31,17.1542,17.53,16.82,16.63,16.78,16.8,17.34,17.81,18.27
2020-02-03,16.2837,16.5,16.18,16.09,16.33,16.47,17.13,17.62,18.08
2020-02-04,14.4971,14.34,14.56,14.75,15.31,15.76,16.53,17.25,17.78
2020-02-05,13.6052,13.28,13.72,14.09,14.84,15.43,16.33,16.98,17.57
2020-02-06,12.9889,12.27,13.19,13.64,14.69,15.37,16.29,16.91,17.45
2020-02-07,13.3241,12.58,13.5,13.93,15.0,15.6,16.43,17.02,17.54
2020-02-10,13.7034,13.49,13.73,14.11,15.17,15.7,16.46,17.02,17.53
2020-02-11,12.9201,12.12,13.0,13.54,14.82,15.5,16.27,16.91,17.45
2020-02-12,12.4526,10.66,12.58,13.28,14.82,15.55,16.29,16.87,17.4
2020-02-13,13.2476,12.54,13.29,13.78,15.1,15.74,16.45,17.0,17.48
2020-02-14,13.0625,12.04,13.1,13.61,15.03,15.75,16.5,17.15,17.6
2020-02-17,12.9654,12.22,12.97,13.5,14.89,15.77,16.53,17.1,17.54
2020-02-18,13.8431,15.3,13.84,14.12,15.36,16.13,16.84,17.28,17.62
2020-02-19,12.8829,12.54,12.87,13.47,14.95,15.92,16.65,17.23,17.67
2020-02-25,27.4449,28.98,24.79,23.21,22.16,20.58,20.37,19.86,19.6
2020-02-26,24.5403,25.9,22.66,21.77,20.9,19.77,19.65,19.38,19.2
2020-02-27,34.6989,38.32,30.43,27.87,26.0,23.15,22.51,21.28,20.56
2020-02-28,42.2369,47.38,37.21,33.26,30.76,26.06,24.96,23.04,21.52
2020-03-02,36.1186,41.72,32.96,29.9,27.9,24.29,23.4,22.06,20.82
2020-03-03,33.4532,38.36,31.17,28.77,27.0,23.59,22.81,21.1,20.32
2020-03-04,29.7565,33.13,28.48,26.75,25.69,22.86,22.11,20.93,20.19
2020-03-05,33.1404,37.89,31.63,29.59,28.17,24.74,23.95,22.15,21.15
2020-03-06,43.0212,49.26,41.39,38.28,35.73,31.13,29.14,25.79,24.35
2020-03-09,54.0993,68.91,51.92,46.78,43.02,37.15,34.17,31.59,28.16
2020-03-10,53.8031,68.05,52.18,46.93,42.91,37.01,33.78,30.46,28.09
2020-03-11,53.7615,67.82,52.54,47.42,43.67,37.65,34.29,30.83,28.39
2020-03-12,71.5196,91.28,70.24,62.07,55.94,46.61,43.05,35.3,32.35
2020-03-13,74.3321,91.35,73.57,64.54,59.12,49.66,44.47,38.86,34.52
2020-03-16,85.6206,120.84,85.28,75.56,68.6,57.65,52.17,43.19,39.07
2020-03-17,77.2625,107.19,77.17,69.99,63.32,52.86,48.15,44.03,39.57
2020-03-18,84.7969,107.12,84.9,78.02,71.56,58.88,50.83,42.54,39.39
2020-03-24,52.5304,55.05,48.21,44.39,38.33,35.49,28.12,34.97,31.05
2020-03-25,57.1305,60.04,53.14,48.63,41.04,36.34,31.07,30.59,28.16
2020-03-26,54.3148,57.54,50.7,46.19,39.71,35.91,32.05,31.0,28.23
2020-03-27,60.9948,64.36,57.92,52.62,45.08,40.84,33.05,33.53,30.63
2020-03-30,55.6324,58.92,53.91,49.15,42.4,38.2,37.31,34.25,31.44
2020-03-31,48.5926,49.97,48.0,45.38,40.08,36.71,33.36,33.34,30.73
2020-04-01,51.1408,52.53,50.65,47.95,41.65,38.14,33.33,32.48,30.36
2020-04-02,49.9156,49.98,49.9,47.72,41.65,38.14,34.63,33.67,31.29
2020-04-03,45.8806,43.91,46.34,45.61,40.95,37.81,34.25,33.41,31.25
2020-04-06,43.0301,43.63,42.95,42.04,37.89,35.46,34.66,32.22,29.95
2020-04-07,46.2871,49.95,45.91,43.93,38.9,35.94,33.46,31.4,29.49
2020-04-08,45.2972,46.12,45.23,43.47,39.09,36.12,32.95,31.4,29.36
2020-04-09,44.7106,44.05,44.75,43.64,39.0,36.14,33.42,32.16,29.59
2020-04-14,40.4768,41.57,40.47,39.87,36.94,34.55,32.23,30.96,29.47
2020-04-15,44.9575,54.38,44.98,43.05,39.54,36.88,32.49,31.82,29.7
2020-04-21,48.2215,48.76,47.2,45.55,42.72,39.96,35.72,33.77,31.17
2020-04-22,43.9569,44.14,43.67,42.59,40.58,38.41,35.92,34.02,31.69
2020-04-23,40.3534,40.15,40.6,40.29,38.79,37.1,35.03,33.16,30.73
2020-04-24,40.1744,39.5,40.86,40.72,39.56,38.09,35.7,33.93,31.4
2020-04-27,34.7193,34.01,35.16,35.27,35.26,34.83,34.03,32.46,30.47
2020-04-28,33.012,31.98,33.55,33.94,34.12,33.61,32.16,30.89,29.16
2020-04-29,30.7205,29.26,31.36,31.83,32.36,32.23,31.1,29.73,27.89
2020-04-30,33.9105,33.0,34.26,34.49,34.47,33.95,31.97,30.68,28.5
2020-05-04,38.322,38.72,38.24,38.04,37.27,36.45,34.09,32.38,29.73
2020-05-05,34.5055,33.9,34.6,34.84,34.65,34.3,32.77,31.56,29.44
2020-05-06,34.8075,34.27,34.88,35.24,35.17,34.83,32.88,31.25,29.37
2020-05-07,32.4312,30.81,32.6,33.41,33.94,33.93,32.46,31.1,29.23
2020-05-08,29.6643,26.59,29.9,31.17,32.36,33.02,31.68,29.93,28.69
2020-05-11,29.9068,30.78,29.88,30.78,31.8,32.36,31.24,29.28,27.96
2020-05-12,27.6697,28.55,27.65,28.68,29.79,30.38,29.63,28.84,27.63
2020-05-13,33.4196,39.45,33.34,33.69,33.49,33.38,30.71,29.55,28.1
2020-05-19,30.1699,30.17,30.21,30.22,30.44,30.76,29.44,28.56,27.12
2020-05-20,29.1093,29.11,29.22,29.39,29.46,30.02,28.91,28.2,26.82
2020-05-21,32.315,32.37,31.76,31.43,31.38,31.48,30.2,28.67,26.99
2020-05-22,31.4161,31.42,31.39,31.36,31.47,31.57,30.01,28.94,27.48
2020-05-25,29.1565,29.08,29.3,29.55,29.85,30.45,29.11,28.62,27.08
2020-05-26,28.0385,27.78,28.45,28.95,29.19,29.73,28.47,27.61,26.41
2020-05-27,29.3988,29.14,29.73,30.29,30.22,30.47,28.9,27.75,26.47
2020-05-28,29.0063,28.81,29.21,29.63,29.63,29.78,28.4,27.66,26.56
2020-05-29,31.1263,31.28,30.99,31.19,31.08,30.92,29.38,28.23,26.96
2020-06-01,30.099,30.68,29.8,29.93,29.86,29.92,28.62,27.98,26.8
2020-06-02,30.678,31.79,30.2,30.0,29.85,29.77,28.28,27.39,26.42
2020-06-03,29.6082,31.15,29.05,28.87,28.75,28.86,27.5,27.02,25.91
2020-06-04,27.6617,28.21,27.5,27.65,27.57,27.85,26.97,26.02,25.35
2020-06-05,27.8909,29.7,27.44,27.06,26.64,26.75,26.37,25.55,25.07
2020-06-08,28.1197,29.89,27.89,27.25,26.97,27.01,25.89,25.19,24.84
2020-06-09,29.7453,31.89,29.52,28.87,28.47,28.16,26.92,26.4,25.48
2020-06-10,30.0524,32.0,29.9,29.43,29.06,28.91,27.53,26.82,25.87
2020-06-11,36.0215,40.2,35.77,34.35,33.42,32.3,30.3,28.67,27.38
2020-06-12,41.4116,46.9,41.18,39.54,37.72,35.4,32.57,30.66,28.59
2020-06-15,38.4135,46.72,38.34,37.26,36.35,34.56,32.37,30.53,29.04
2020-06-16,36.0977,50.59,36.05,34.79,34.47,33.29,30.82,30.08,28.35
2020-06-17,35.3603,45.68,35.37,34.88,34.61,33.33,31.09,29.77,27.79
2020-06-23,31.3419,31.22,31.57,31.66,31.89,30.46,29.27,28.17,23.9
2020-06-24,36.8071,37.17,36.25,35.72,34.99,33.07,31.05,29.21,24.03
2020-06-25,34.6839,34.8,34.54,34.34,33.92,32.49,30.69,29.26,24.46
2020-06-26,35.1735,35.33,35.01,34.81,34.31,32.55,30.94,29.09,24.31
2020-06-29,34.4922,34.97,34.19,34.11,33.53,31.98,30.61,29.2,24.23
2020-06-30,31.7179,31.58,31.79,32.16,32.46,31.29,29.89,28.73,23.96
2020-07-01,30.1305,29.63,30.35,30.87,31.74,30.54,29.65,28.24,27.25
2020-07-02,27.5942,26.66,27.95,28.73,30.12,29.95,28.54,27.49,27.31
2020-07-03,28.2699,26.7,28.76,29.53,30.68,30.03,28.88,27.61,27.33
2020-07-06,27.6015,27.03,27.71,28.42,29.66,29.28,27.9,27.09,27.43
2020-07-07,27.9345,26.94,28.09,28.94,30.03,29.51,28.38,27.16,27.43
2020-07-08,29.5725,28.94,29.65,30.33,31.19,30.6,29.16,27.37,27.66
2020-07-09,30.4505,30.54,30.44,31.09,31.93,31.26,29.72,27.78,27.56
2020-07-10,28.4276,26.77,28.56,29.64,31.22,30.14,29.24,27.86,27.96
2020-07-13,27.1352,28.73,27.08,28.19,29.95,28.98,28.2,27.29,27.62
2020-07-14,28.9278,33.25,28.83,29.67,31.46,31.25,29.37,27.34,27.34
2020-07-15,27.5724,30.08,27.54,28.31,30.19,29.9,28.25,27.22,27.7
2020-07-21,23.4879,23.56,24.86,25.77,27.33,27.49,26.37,25.42,26.02
2020-07-22,24.2123,24.19,25.59,26.53,27.98,28.23,26.96,25.52,25.81
2020-07-23,23.3144,23.18,24.72,25.83,27.31,27.22,26.52,25.57,25.77
2020-07-24,25.5773,25.38,26.68,27.57,28.94,29.02,27.3,25.87,26.14
2020-07-27,25.238,24.78,26.15,27.3,28.85,28.95,27.39,26.23,26.65
2020-07-28,24.3987,23.85,25.25,26.63,28.51,28.62,27.26,26.09,26.78
2020-07-29,24.2316,23.54,25.1,26.55,28.53,28.52,27.27,26.07,26.49
2020-07-30,28.024,27.91,28.14,28.96,30.4,30.43,28.97,26.87,26.81
2020-07-31,26.6625,26.38,26.91,27.88,29.54,29.24,28.18,26.79,27.17
2020-08-03,25.7571,25.67,25.8,26.71,28.23,28.27,27.44,26.46,27.25
2020-08-04,25.087,24.88,25.17,26.3,27.97,28.08,27.28,26.18,26.55
2020-08-05,23.9421,23.55,24.08,25.36,27.28,27.35,26.55,25.82,26.63
2020-08-06,24.9371,24.62,25.03,25.92,27.71,27.74,26.99,25.9,26.25
2020-08-07,24.1977,23.18,24.43,25.45,27.34,27.89,26.81,26.03,26.11
2020-08-10,24.1127,23.3,24.21,25.14,27.08,27.27,26.53,26.07,26.07
2020-08-11,23.3863,23.09,23.42,24.33,26.35,26.59,25.98,25.58,26.39
2020-08-12,22.4674,21.82,22.52,23.79,26.16,26.48,25.83,25.35,25.74
2020-08-13,22.691,21.5,22.76,24.12,26.49,26.78,26.32,25.36,25.8
2020-08-14,23.8671,22.94,23.9,25.02,27.31,27.42,26.75,25.89,25.62
2020-08-17,22.7835,23.5,22.78,24.02,26.57,26.84,26.53,25.86,25.59
2020-08-18,23.269,24.02,23.27,24.28,26.68,27.44,26.46,25.84,25.93
2020-08-19,21.9882,23.4,21.97,23.37,26.1,26.64,26.19,25.82,25.96
2020-08-25,23.3594,22.86,24.14,26.1,26.88,27.15,26.63,25.79,25.89
2020-08-26,22.0013,21.39,22.77,25.21,26.24,26.71,26.29,25.75,26.22
2020-08-27,23.5584,22.94,24.19,26.35,27.23,27.45,26.79,25.78,26.04
2020-08-28,25.1579,24.53,25.69,27.85,28.53,28.42,27.65,26.14,25.83
2020-08-31,26.7213,26.78,26.69,28.68,29.26,28.83,28.05,26.61,26.11
2020-09-01,27.1192,27.12,27.12,29.22,29.84,29.35,28.51,26.84,26.24
2020-09-02,26.6145,26.21,26.75,29.11,29.71,29.12,28.2,26.97,26.42
2020-09-03,29.0121,29.26,28.94,30.8,31.39,30.42,29.21,27.11,27.04
2020-09-04,31.7117,32.74,31.46,32.96,33.37,31.83,30.34,27.94,27.75
2020-09-07,27.922,29.55,27.71,29.75,30.5,29.54,28.65,27.34,27.23
2020-09-08,28.4501,30.09,28.28,30.16,30.89,29.9,29.2,27.53,26.9
2020-09-09,25.8888,27.06,25.8,27.81,28.64,28.34,27.52,26.97,27.77
2020-09-10,25.0052,25.58,24.97,27.19,28.03,27.95,27.35,26.42,26.72
2020-09-11,23.7249,23.25,23.74,26.27,27.27,27.6,27.2,26.2,27.02
2020-09-14,22.5682,26.0,22.54,25.17,26.37,27.02,26.76,26.12,26.67
2020-09-15,22.1155,24.46,22.11,24.88,25.97,26.81,26.7,25.93,26.56
2020-09-16,21.9927,25.62,21.95,24.81,25.9,26.95,26.88,26.18,26.57
2020-09-22,28.1097,27.86,28.58,29.15,29.31,28.97,27.78,27.83,27.83
2020-09-23,27.1669,26.65,27.94,28.61,28.97,28.71,27.45,27.59,27.64
2020-09-24,28.3437,27.81,29.0,29.62,29.69,29.28,27.6,27.75,27.92
2020-09-25,27.8075,27.12,28.5,29.27,29.63,29.2,27.86,27.87,28.33
2020-09-28,26.8241,25.73,27.49,28.24,28.62,28.19,27.25,27.5,28.16
2020-09-29,26.9026,25.85,27.45,28.23,28.66,28.21,27.13,27.4,27.57
2020-09-30,26.0598,24.86,26.59,27.71,28.17,27.89,26.82,26.91,27.95
2020-10-01,26.5374,25.06,27.08,28.02,28.35,28.0,26.76,26.88,27.97
2020-10-02,26.8168,24.89,27.42,28.36,28.72,28.21,27.17,27.2,27.79
2020-10-05,26.2763,23.94,26.7,27.82,28.06,27.66,26.74,26.71,27.57
2020-10-06,25.2128,22.9,25.56,26.68,27.15,27.01,26.19,26.51,26.73
2020-10-07,24.9744,22.51,25.28,26.34,26.94,26.94,26.93,26.36,26.38
2020-10-08,23.98,20.55,24.31,25.49,26.35,26.38,25.89,25.78,26.53
2020-10-09,22.2369,17.59,22.58,24.02,25.51,26.02,25.39,25.46,26.36
2020-10-12,22.2531,21.19,22.29,23.42,24.73,25.25,25.14,25.32,25.76
2020-10-13,22.9397,23.16,22.94,23.9,25.03,25.43,24.89,25.19,25.59
2020-10-14,23.2425,23.2,23.24,23.95,24.96,25.38,24.85,25.17,25.62
2020-10-20,27.6293,27.62,27.5,27.16,27.27,27.17,26.11,26.25,26.52
2020-10-21,29.4488,29.46,28.83,28.33,28.28,28.01,26.73,26.71,26.57
2020-10-22,28.9879,29.05,28.25,27.68,27.78,27.76,26.78,27.01,26.61
2020-10-23,28.157,28.2,27.91,27.28,27.3,27.2,26.41,26.51,26.48
2020-10-26,31.7557,32.26,30.71,29.62,29.05,28.59,27.14,27.24,26.67
2020-10-27,32.7397,33.49,31.5,30.29,29.62,29.13,27.45,27.45,26.9
2020-10-28,38.2587,39.6,36.45,34.72,33.39,31.96,29.66,29.29,27.59
2020-10-29,37.5504,38.82,36.17,34.52,33.28,31.77,29.38,29.45,28.03
2020-10-30,35.3472,36.42,34.39,33.18,32.39,31.2,30.22,28.88,27.67
2020-11-02,35.233,37.49,34.05,32.58,31.49,30.38,28.49,28.51,27.54
2020-11-03,32.763,35.23,31.67,30.39,29.34,28.57,27.55,27.51,27.67
2020-11-04,28.0023,29.32,27.53,26.92,26.59,26.37,25.97,26.27,26.86
2020-11-05,26.3725,26.53,26.33,25.91,25.95,25.92,25.53,25.82,25.98
2020-11-06,25.6153,25.35,25.68,25.35,25.76,26.0,25.5,25.58,26.04
